{
  "label": "regionft_d10-MLP-Lsac-sex-d5000000",
  "repeat": 1,
  "method": "regionft_d10",
  "model": "MLP",
  "dataset": "Lsac",
  "protected": "sex",
  "runtime": 7200,
  "no_disc": 236672,
  "no_test": 7153056,
  "prec": 0.0330868372902435,
  "cpu_time": 191.53220693499998,
  "real_time": 191.536066532135,
  "partition": {
    "cpu_time": 116.5826806529999,
    "real_time": 116.58534026145935,
    "no_test": 2153056,
    "no_disc": 71491,
    "n_regions": 1016
  },
  "generation": {
    "cpu_time": 74.94952628200008,
    "real_time": 74.95072627067566,
    "no_test": 5000000,
    "no_disc": 165181
  },
  "config": {
    "max_depth": 10,
    "min_samples_per_region": 1000,
    "max_samples_per_region": 3000,
    "min_gain": 0.0,
    "gini_weight_mode": "sample",
    "max_split_ratio": 1.0,
    "sampling_risk_focus_alpha": 1.0,
    "sampling_risk_floor": 1e-05,
    "batch_size": 512,
    "disc_phase": "generation",
    "sample_draws": 5000000,
    "random_seed": 1
  }
}