{
  "label": "regionft_d10-DecTree-Lsac-race-d5000000",
  "repeat": 1,
  "method": "regionft_d10",
  "model": "DecTree",
  "dataset": "Lsac",
  "protected": "race",
  "runtime": 7200,
  "no_disc": 4205630,
  "no_test": 5999669,
  "prec": 0.7009770038980484,
  "cpu_time": 172.866888947,
  "real_time": 172.87965607643127,
  "partition": {
    "cpu_time": 64.84169342999996,
    "real_time": 64.85372614860535,
    "no_test": 999669,
    "no_disc": 156034,
    "n_regions": 463
  },
  "generation": {
    "cpu_time": 108.02519551700004,
    "real_time": 108.02592992782593,
    "no_test": 5000000,
    "no_disc": 4049596
  },
  "config": {
    "max_depth": 10,
    "min_samples_per_region": 1000,
    "max_samples_per_region": 3000,
    "min_gain": 0.0,
    "gini_weight_mode": "sample",
    "max_split_ratio": 1.0,
    "sampling_risk_focus_alpha": 1.0,
    "sampling_risk_floor": 1e-05,
    "batch_size": 512,
    "disc_phase": "generation",
    "sample_draws": 5000000,
    "random_seed": 1
  }
}