{
  "label": "regionft_d10-DecTree-Lsac-sex-d5000000",
  "repeat": 4,
  "method": "regionft_d10",
  "model": "DecTree",
  "dataset": "Lsac",
  "protected": "sex",
  "runtime": 7200,
  "no_disc": 4401230,
  "no_test": 6473023,
  "prec": 0.6799342440155087,
  "cpu_time": 171.5663911649999,
  "real_time": 171.5840630531311,
  "partition": {
    "cpu_time": 88.41022739000005,
    "real_time": 88.42684817314148,
    "no_test": 1473023,
    "no_disc": 206987,
    "n_regions": 684
  },
  "generation": {
    "cpu_time": 83.15616377499987,
    "real_time": 83.15721487998962,
    "no_test": 5000000,
    "no_disc": 4194243
  },
  "config": {
    "max_depth": 10,
    "min_samples_per_region": 1000,
    "max_samples_per_region": 3000,
    "min_gain": 0.0,
    "gini_weight_mode": "sample",
    "max_split_ratio": 1.0,
    "sampling_risk_focus_alpha": 1.0,
    "sampling_risk_floor": 1e-05,
    "batch_size": 512,
    "disc_phase": "generation",
    "sample_draws": 5000000,
    "random_seed": 4
  }
}