{
  "label": "regionft_d10-GBDT-Lsac-sex-d5000000",
  "repeat": 3,
  "method": "regionft_d10",
  "model": "GBDT",
  "dataset": "Lsac",
  "protected": "sex",
  "runtime": 7200,
  "no_disc": 491768,
  "no_test": 6978472,
  "prec": 0.07046929471093386,
  "cpu_time": 207.40201460200012,
  "real_time": 207.41275095939636,
  "partition": {
    "cpu_time": 119.99599472700004,
    "real_time": 120.00318765640259,
    "no_test": 1978472,
    "no_disc": 134712,
    "n_regions": 946
  },
  "generation": {
    "cpu_time": 87.40601987500008,
    "real_time": 87.40956330299377,
    "no_test": 5000000,
    "no_disc": 357056
  },
  "config": {
    "max_depth": 10,
    "min_samples_per_region": 1000,
    "max_samples_per_region": 3000,
    "min_gain": 0.0,
    "gini_weight_mode": "sample",
    "max_split_ratio": 1.0,
    "sampling_risk_focus_alpha": 1.0,
    "sampling_risk_floor": 1e-05,
    "batch_size": 512,
    "disc_phase": "generation",
    "sample_draws": 5000000,
    "random_seed": 3
  }
}