{
  "label": "regionft_d10-LogReg-Lsac-race-d5000000",
  "repeat": 1,
  "method": "regionft_d10",
  "model": "LogReg",
  "dataset": "Lsac",
  "protected": "race",
  "runtime": 7200,
  "no_disc": 956951,
  "no_test": 7081041,
  "prec": 0.1351427000634511,
  "cpu_time": 201.279834673,
  "real_time": 201.28843927383423,
  "partition": {
    "cpu_time": 116.85756496799999,
    "real_time": 116.86561107635498,
    "no_test": 2081041,
    "no_disc": 225281,
    "n_regions": 983
  },
  "generation": {
    "cpu_time": 84.42226970500002,
    "real_time": 84.42282819747925,
    "no_test": 5000000,
    "no_disc": 731670
  },
  "config": {
    "max_depth": 10,
    "min_samples_per_region": 1000,
    "max_samples_per_region": 3000,
    "min_gain": 0.0,
    "gini_weight_mode": "sample",
    "max_split_ratio": 1.0,
    "sampling_risk_focus_alpha": 1.0,
    "sampling_risk_floor": 1e-05,
    "batch_size": 512,
    "disc_phase": "generation",
    "sample_draws": 5000000,
    "random_seed": 1
  }
}