{
  "label": "regionft_d10-MLP-Adult-sex-d5000000",
  "repeat": 0,
  "method": "regionft_d10",
  "model": "MLP",
  "dataset": "Adult",
  "protected": "sex",
  "runtime": 7200,
  "no_disc": 269456,
  "no_test": 6992739,
  "prec": 0.03853368472639977,
  "cpu_time": 189.48155202600003,
  "real_time": 189.5007359981537,
  "partition": {
    "cpu_time": 93.96689645599997,
    "real_time": 93.982106924057,
    "no_test": 1992739,
    "no_disc": 66042,
    "n_regions": 946
  },
  "generation": {
    "cpu_time": 95.51465557000006,
    "real_time": 95.51862907409668,
    "no_test": 5000000,
    "no_disc": 203414
  },
  "config": {
    "max_depth": 10,
    "min_samples_per_region": 1000,
    "max_samples_per_region": 3000,
    "min_gain": 0.0,
    "gini_weight_mode": "sample",
    "max_split_ratio": 1.0,
    "sampling_risk_focus_alpha": 1.0,
    "sampling_risk_floor": 1e-05,
    "batch_size": 512,
    "disc_phase": "generation",
    "sample_draws": 5000000,
    "random_seed": 0
  }
}