{
  "label": "regionft_d10-MLP-Adult-race-d5000000",
  "repeat": 4,
  "method": "regionft_d10",
  "model": "MLP",
  "dataset": "Adult",
  "protected": "race",
  "runtime": 7200,
  "no_disc": 658280,
  "no_test": 7121526,
  "prec": 0.09243524491801336,
  "cpu_time": 318.54855843199994,
  "real_time": 318.5522847175598,
  "partition": {
    "cpu_time": 134.49711506200038,
    "real_time": 134.50038313865662,
    "no_test": 2121526,
    "no_disc": 199872,
    "n_regions": 1005
  },
  "generation": {
    "cpu_time": 184.05144336999956,
    "real_time": 184.0519015789032,
    "no_test": 5000000,
    "no_disc": 458408
  },
  "config": {
    "max_depth": 10,
    "min_samples_per_region": 1000,
    "max_samples_per_region": 3000,
    "min_gain": 0.0,
    "gini_weight_mode": "sample",
    "max_split_ratio": 1.0,
    "sampling_risk_focus_alpha": 1.0,
    "sampling_risk_floor": 1e-05,
    "batch_size": 512,
    "disc_phase": "generation",
    "sample_draws": 5000000,
    "random_seed": 4
  }
}