{
  "label": "regionft_d10-MLP-Lsac-race-d5000000",
  "repeat": 2,
  "method": "regionft_d10",
  "model": "MLP",
  "dataset": "Lsac",
  "protected": "race",
  "runtime": 7200,
  "no_disc": 619011,
  "no_test": 7192328,
  "prec": 0.08606545752640869,
  "cpu_time": 220.93150362400002,
  "real_time": 220.93349981307983,
  "partition": {
    "cpu_time": 127.30103990499993,
    "real_time": 127.30267381668091,
    "no_test": 2192328,
    "no_disc": 144238,
    "n_regions": 1022
  },
  "generation": {
    "cpu_time": 93.63046371900009,
    "real_time": 93.63082599639893,
    "no_test": 5000000,
    "no_disc": 474773
  },
  "config": {
    "max_depth": 10,
    "min_samples_per_region": 1000,
    "max_samples_per_region": 3000,
    "min_gain": 0.0,
    "gini_weight_mode": "sample",
    "max_split_ratio": 1.0,
    "sampling_risk_focus_alpha": 1.0,
    "sampling_risk_floor": 1e-05,
    "batch_size": 512,
    "disc_phase": "generation",
    "sample_draws": 5000000,
    "random_seed": 2
  }
}