{
  "label": "regionft_d10-LogReg-Lsac-sex-d5000000",
  "repeat": 0,
  "method": "regionft_d10",
  "model": "LogReg",
  "dataset": "Lsac",
  "protected": "sex",
  "runtime": 7200,
  "no_disc": 266387,
  "no_test": 7012830,
  "prec": 0.03798566341976064,
  "cpu_time": 176.37227824900003,
  "real_time": 176.37968468666077,
  "partition": {
    "cpu_time": 108.44654356900003,
    "real_time": 108.45326018333435,
    "no_test": 2012830,
    "no_disc": 70061,
    "n_regions": 950
  },
  "generation": {
    "cpu_time": 67.92573468,
    "real_time": 67.92642450332642,
    "no_test": 5000000,
    "no_disc": 196326
  },
  "config": {
    "max_depth": 10,
    "min_samples_per_region": 1000,
    "max_samples_per_region": 3000,
    "min_gain": 0.0,
    "gini_weight_mode": "sample",
    "max_split_ratio": 1.0,
    "sampling_risk_focus_alpha": 1.0,
    "sampling_risk_floor": 1e-05,
    "batch_size": 512,
    "disc_phase": "generation",
    "sample_draws": 5000000,
    "random_seed": 0
  }
}