{
  "label": "regionft_d10-MLP-Credit-age-d5000000",
  "repeat": 2,
  "method": "regionft_d10",
  "model": "MLP",
  "dataset": "Credit",
  "protected": "age",
  "runtime": 7200,
  "no_disc": 1558883,
  "no_test": 7007636,
  "prec": 0.22245490490659048,
  "cpu_time": 339.84751533400004,
  "real_time": 339.86212515830994,
  "partition": {
    "cpu_time": 133.955899949,
    "real_time": 133.9691183567047,
    "no_test": 2007636,
    "no_disc": 250127,
    "n_regions": 931
  },
  "generation": {
    "cpu_time": 205.89161538500002,
    "real_time": 205.89300680160522,
    "no_test": 5000000,
    "no_disc": 1308756
  },
  "config": {
    "max_depth": 10,
    "min_samples_per_region": 1000,
    "max_samples_per_region": 3000,
    "min_gain": 0.0,
    "gini_weight_mode": "sample",
    "max_split_ratio": 1.0,
    "sampling_risk_focus_alpha": 1.0,
    "sampling_risk_floor": 1e-05,
    "batch_size": 512,
    "disc_phase": "generation",
    "sample_draws": 5000000,
    "random_seed": 2
  }
}