{
  "label": "regionft_d10-MLP-Credit-sex-d5000000",
  "repeat": 3,
  "method": "regionft_d10",
  "model": "MLP",
  "dataset": "Credit",
  "protected": "sex",
  "runtime": 7200,
  "no_disc": 672315,
  "no_test": 6998426,
  "prec": 0.09606660126148366,
  "cpu_time": 169.99872914499974,
  "real_time": 170.0027313232422,
  "partition": {
    "cpu_time": 86.03630238799997,
    "real_time": 86.03631496429443,
    "no_test": 1998426,
    "no_disc": 131026,
    "n_regions": 932
  },
  "generation": {
    "cpu_time": 83.96242675699978,
    "real_time": 83.96641635894775,
    "no_test": 5000000,
    "no_disc": 541289
  },
  "config": {
    "max_depth": 10,
    "min_samples_per_region": 1000,
    "max_samples_per_region": 3000,
    "min_gain": 0.0,
    "gini_weight_mode": "sample",
    "max_split_ratio": 1.0,
    "sampling_risk_focus_alpha": 1.0,
    "sampling_risk_floor": 1e-05,
    "batch_size": 512,
    "disc_phase": "generation",
    "sample_draws": 5000000,
    "random_seed": 3
  }
}