{
  "label": "regionft_d10-GBDT-Adult-sex-d5000000",
  "repeat": 3,
  "method": "regionft_d10",
  "model": "GBDT",
  "dataset": "Adult",
  "protected": "sex",
  "runtime": 7200,
  "no_disc": 807463,
  "no_test": 6721468,
  "prec": 0.12013194141517895,
  "cpu_time": 178.05090300700002,
  "real_time": 178.0636396408081,
  "partition": {
    "cpu_time": 89.054544774,
    "real_time": 89.06493735313416,
    "no_test": 1721468,
    "no_disc": 123160,
    "n_regions": 825
  },
  "generation": {
    "cpu_time": 88.99635823300002,
    "real_time": 88.99870228767395,
    "no_test": 5000000,
    "no_disc": 684303
  },
  "config": {
    "max_depth": 10,
    "min_samples_per_region": 1000,
    "max_samples_per_region": 3000,
    "min_gain": 0.0,
    "gini_weight_mode": "sample",
    "max_split_ratio": 1.0,
    "sampling_risk_focus_alpha": 1.0,
    "sampling_risk_floor": 1e-05,
    "batch_size": 512,
    "disc_phase": "generation",
    "sample_draws": 5000000,
    "random_seed": 3
  }
}