{
  "label": "regionft_d10-GBDT-Adult-race-d5000000",
  "repeat": 2,
  "method": "regionft_d10",
  "model": "GBDT",
  "dataset": "Adult",
  "protected": "race",
  "runtime": 7200,
  "no_disc": 489603,
  "no_test": 6702112,
  "prec": 0.0730520468771635,
  "cpu_time": 271.90388506399995,
  "real_time": 271.9131233692169,
  "partition": {
    "cpu_time": 114.46236800999998,
    "real_time": 114.46685409545898,
    "no_test": 1702112,
    "no_disc": 85231,
    "n_regions": 814
  },
  "generation": {
    "cpu_time": 157.44151705399997,
    "real_time": 157.44626927375793,
    "no_test": 5000000,
    "no_disc": 404372
  },
  "config": {
    "max_depth": 10,
    "min_samples_per_region": 1000,
    "max_samples_per_region": 3000,
    "min_gain": 0.0,
    "gini_weight_mode": "sample",
    "max_split_ratio": 1.0,
    "sampling_risk_focus_alpha": 1.0,
    "sampling_risk_floor": 1e-05,
    "batch_size": 512,
    "disc_phase": "generation",
    "sample_draws": 5000000,
    "random_seed": 2
  }
}