{
  "label": "regionft_d10-GBDT-Adult-sex-d5000000",
  "repeat": 4,
  "method": "regionft_d10",
  "model": "GBDT",
  "dataset": "Adult",
  "protected": "sex",
  "runtime": 7200,
  "no_disc": 872368,
  "no_test": 6953689,
  "prec": 0.12545398564704288,
  "cpu_time": 193.588289831,
  "real_time": 193.59036684036255,
  "partition": {
    "cpu_time": 105.23196007600001,
    "real_time": 105.23259258270264,
    "no_test": 1953689,
    "no_disc": 154994,
    "n_regions": 938
  },
  "generation": {
    "cpu_time": 88.35632975499999,
    "real_time": 88.35777425765991,
    "no_test": 5000000,
    "no_disc": 717374
  },
  "config": {
    "max_depth": 10,
    "min_samples_per_region": 1000,
    "max_samples_per_region": 3000,
    "min_gain": 0.0,
    "gini_weight_mode": "sample",
    "max_split_ratio": 1.0,
    "sampling_risk_focus_alpha": 1.0,
    "sampling_risk_floor": 1e-05,
    "batch_size": 512,
    "disc_phase": "generation",
    "sample_draws": 5000000,
    "random_seed": 4
  }
}