{
  "label": "regionft_d10-GBDT-Lsac-sex-d5000000",
  "repeat": 4,
  "method": "regionft_d10",
  "model": "GBDT",
  "dataset": "Lsac",
  "protected": "sex",
  "runtime": 7200,
  "no_disc": 480977,
  "no_test": 7067558,
  "prec": 0.06805419920147808,
  "cpu_time": 214.15554902899999,
  "real_time": 214.1598150730133,
  "partition": {
    "cpu_time": 124.65538757500008,
    "real_time": 124.65875816345215,
    "no_test": 2067558,
    "no_disc": 132887,
    "n_regions": 985
  },
  "generation": {
    "cpu_time": 89.50016145399991,
    "real_time": 89.50105690956116,
    "no_test": 5000000,
    "no_disc": 348090
  },
  "config": {
    "max_depth": 10,
    "min_samples_per_region": 1000,
    "max_samples_per_region": 3000,
    "min_gain": 0.0,
    "gini_weight_mode": "sample",
    "max_split_ratio": 1.0,
    "sampling_risk_focus_alpha": 1.0,
    "sampling_risk_floor": 1e-05,
    "batch_size": 512,
    "disc_phase": "generation",
    "sample_draws": 5000000,
    "random_seed": 4
  }
}