{
  "label": "regionft_d10-DecTree-Lsac-race-d5000000",
  "repeat": 3,
  "method": "regionft_d10",
  "model": "DecTree",
  "dataset": "Lsac",
  "protected": "race",
  "runtime": 7200,
  "no_disc": 4194450,
  "no_test": 5851876,
  "prec": 0.716770143454851,
  "cpu_time": 161.82751582800006,
  "real_time": 161.8360686302185,
  "partition": {
    "cpu_time": 56.247595103000094,
    "real_time": 56.2555615901947,
    "no_test": 851876,
    "no_disc": 122382,
    "n_regions": 392
  },
  "generation": {
    "cpu_time": 105.57992072499997,
    "real_time": 105.5805070400238,
    "no_test": 5000000,
    "no_disc": 4072068
  },
  "config": {
    "max_depth": 10,
    "min_samples_per_region": 1000,
    "max_samples_per_region": 3000,
    "min_gain": 0.0,
    "gini_weight_mode": "sample",
    "max_split_ratio": 1.0,
    "sampling_risk_focus_alpha": 1.0,
    "sampling_risk_floor": 1e-05,
    "batch_size": 512,
    "disc_phase": "generation",
    "sample_draws": 5000000,
    "random_seed": 3
  }
}