{
  "label": "regionft_d10-DecTree-Lsac-race-d5000000",
  "repeat": 2,
  "method": "regionft_d10",
  "model": "DecTree",
  "dataset": "Lsac",
  "protected": "race",
  "runtime": 7200,
  "no_disc": 4042625,
  "no_test": 5982086,
  "prec": 0.675788512569027,
  "cpu_time": 169.71809444899986,
  "real_time": 169.7288703918457,
  "partition": {
    "cpu_time": 63.7610326869999,
    "real_time": 63.77070665359497,
    "no_test": 982086,
    "no_disc": 137189,
    "n_regions": 456
  },
  "generation": {
    "cpu_time": 105.95706176199997,
    "real_time": 105.95816373825073,
    "no_test": 5000000,
    "no_disc": 3905436
  },
  "config": {
    "max_depth": 10,
    "min_samples_per_region": 1000,
    "max_samples_per_region": 3000,
    "min_gain": 0.0,
    "gini_weight_mode": "sample",
    "max_split_ratio": 1.0,
    "sampling_risk_focus_alpha": 1.0,
    "sampling_risk_floor": 1e-05,
    "batch_size": 512,
    "disc_phase": "generation",
    "sample_draws": 5000000,
    "random_seed": 2
  }
}