{
  "label": "regionft_d10-LogReg-Lsac-sex-d5000000",
  "repeat": 3,
  "method": "regionft_d10",
  "model": "LogReg",
  "dataset": "Lsac",
  "protected": "sex",
  "runtime": 7200,
  "no_disc": 273587,
  "no_test": 7081359,
  "prec": 0.038634815718282325,
  "cpu_time": 182.50168920499982,
  "real_time": 182.50547528266907,
  "partition": {
    "cpu_time": 114.41656325399981,
    "real_time": 114.41991329193115,
    "no_test": 2081359,
    "no_disc": 73131,
    "n_regions": 985
  },
  "generation": {
    "cpu_time": 68.08512595100001,
    "real_time": 68.08556199073792,
    "no_test": 5000000,
    "no_disc": 200456
  },
  "config": {
    "max_depth": 10,
    "min_samples_per_region": 1000,
    "max_samples_per_region": 3000,
    "min_gain": 0.0,
    "gini_weight_mode": "sample",
    "max_split_ratio": 1.0,
    "sampling_risk_focus_alpha": 1.0,
    "sampling_risk_floor": 1e-05,
    "batch_size": 512,
    "disc_phase": "generation",
    "sample_draws": 5000000,
    "random_seed": 3
  }
}