{
  "label": "regionft_d10-MLP-Lsac-sex-d5000000",
  "repeat": 2,
  "method": "regionft_d10",
  "model": "MLP",
  "dataset": "Lsac",
  "protected": "sex",
  "runtime": 7200,
  "no_disc": 209848,
  "no_test": 6915556,
  "prec": 0.030344342522857164,
  "cpu_time": 176.80382286200006,
  "real_time": 176.80872464179993,
  "partition": {
    "cpu_time": 102.93759880300013,
    "real_time": 102.941885471344,
    "no_test": 1915556,
    "no_disc": 46867,
    "n_regions": 907
  },
  "generation": {
    "cpu_time": 73.86622405899993,
    "real_time": 73.86683917045593,
    "no_test": 5000000,
    "no_disc": 162981
  },
  "config": {
    "max_depth": 10,
    "min_samples_per_region": 1000,
    "max_samples_per_region": 3000,
    "min_gain": 0.0,
    "gini_weight_mode": "sample",
    "max_split_ratio": 1.0,
    "sampling_risk_focus_alpha": 1.0,
    "sampling_risk_floor": 1e-05,
    "batch_size": 512,
    "disc_phase": "generation",
    "sample_draws": 5000000,
    "random_seed": 2
  }
}