{
  "label": "regionft_d10-MLP-Lsac-race-d5000000",
  "repeat": 0,
  "method": "regionft_d10",
  "model": "MLP",
  "dataset": "Lsac",
  "protected": "race",
  "runtime": 7200,
  "no_disc": 583340,
  "no_test": 7084084,
  "prec": 0.08234515570396964,
  "cpu_time": 216.90487120299986,
  "real_time": 216.9075334072113,
  "partition": {
    "cpu_time": 120.872509992,
    "real_time": 120.87450313568115,
    "no_test": 2084084,
    "no_disc": 124428,
    "n_regions": 972
  },
  "generation": {
    "cpu_time": 96.03236121099985,
    "real_time": 96.03303027153015,
    "no_test": 5000000,
    "no_disc": 458912
  },
  "config": {
    "max_depth": 10,
    "min_samples_per_region": 1000,
    "max_samples_per_region": 3000,
    "min_gain": 0.0,
    "gini_weight_mode": "sample",
    "max_split_ratio": 1.0,
    "sampling_risk_focus_alpha": 1.0,
    "sampling_risk_floor": 1e-05,
    "batch_size": 512,
    "disc_phase": "generation",
    "sample_draws": 5000000,
    "random_seed": 0
  }
}