{
  "label": "regionft_d10-DecTree-Credit-sex-d5000000",
  "repeat": 3,
  "method": "regionft_d10",
  "model": "DecTree",
  "dataset": "Credit",
  "protected": "sex",
  "runtime": 7200,
  "no_disc": 5020394,
  "no_test": 5096529,
  "prec": 0.9850614015931235,
  "cpu_time": 100.42901365499995,
  "real_time": 100.42948150634766,
  "partition": {
    "cpu_time": 6.542830092999907,
    "real_time": 6.543156623840332,
    "no_test": 96529,
    "no_disc": 23506,
    "n_regions": 39
  },
  "generation": {
    "cpu_time": 93.88618356200004,
    "real_time": 93.88632488250732,
    "no_test": 5000000,
    "no_disc": 4996888
  },
  "config": {
    "max_depth": 10,
    "min_samples_per_region": 1000,
    "max_samples_per_region": 3000,
    "min_gain": 0.0,
    "gini_weight_mode": "sample",
    "max_split_ratio": 1.0,
    "sampling_risk_focus_alpha": 1.0,
    "sampling_risk_floor": 1e-05,
    "batch_size": 512,
    "disc_phase": "generation",
    "sample_draws": 5000000,
    "random_seed": 3
  }
}