{
  "label": "regionft_d10-MLP-Credit-age-d5000000",
  "repeat": 3,
  "method": "regionft_d10",
  "model": "MLP",
  "dataset": "Credit",
  "protected": "age",
  "runtime": 7200,
  "no_disc": 1609648,
  "no_test": 7135307,
  "prec": 0.22558917226686953,
  "cpu_time": 356.29084460299964,
  "real_time": 356.2967736721039,
  "partition": {
    "cpu_time": 143.31743565999977,
    "real_time": 143.32249879837036,
    "no_test": 2135307,
    "no_disc": 281646,
    "n_regions": 990
  },
  "generation": {
    "cpu_time": 212.97340894299987,
    "real_time": 212.97427487373352,
    "no_test": 5000000,
    "no_disc": 1328002
  },
  "config": {
    "max_depth": 10,
    "min_samples_per_region": 1000,
    "max_samples_per_region": 3000,
    "min_gain": 0.0,
    "gini_weight_mode": "sample",
    "max_split_ratio": 1.0,
    "sampling_risk_focus_alpha": 1.0,
    "sampling_risk_floor": 1e-05,
    "batch_size": 512,
    "disc_phase": "generation",
    "sample_draws": 5000000,
    "random_seed": 3
  }
}