{
  "label": "regionft_d10-GBDT-Credit-age-d5000000",
  "repeat": 2,
  "method": "regionft_d10",
  "model": "GBDT",
  "dataset": "Credit",
  "protected": "age",
  "runtime": 7200,
  "no_disc": 1598041,
  "no_test": 7182806,
  "prec": 0.22248143692033448,
  "cpu_time": 384.133032579,
  "real_time": 384.14739513397217,
  "partition": {
    "cpu_time": 167.03654967900002,
    "real_time": 167.04993557929993,
    "no_test": 2182806,
    "no_disc": 362115,
    "n_regions": 1008
  },
  "generation": {
    "cpu_time": 217.09648289999996,
    "real_time": 217.09745955467224,
    "no_test": 5000000,
    "no_disc": 1235926
  },
  "config": {
    "max_depth": 10,
    "min_samples_per_region": 1000,
    "max_samples_per_region": 3000,
    "min_gain": 0.0,
    "gini_weight_mode": "sample",
    "max_split_ratio": 1.0,
    "sampling_risk_focus_alpha": 1.0,
    "sampling_risk_floor": 1e-05,
    "batch_size": 512,
    "disc_phase": "generation",
    "sample_draws": 5000000,
    "random_seed": 2
  }
}