{
  "label": "regionft_d10-LogReg-Credit-sex-d5000000",
  "repeat": 0,
  "method": "regionft_d10",
  "model": "LogReg",
  "dataset": "Credit",
  "protected": "sex",
  "runtime": 7200,
  "no_disc": 574340,
  "no_test": 7154909,
  "prec": 0.08027215999532629,
  "cpu_time": 172.10058121099996,
  "real_time": 172.10895824432373,
  "partition": {
    "cpu_time": 92.45580044799999,
    "real_time": 92.46263098716736,
    "no_test": 2154909,
    "no_disc": 123993,
    "n_regions": 1002
  },
  "generation": {
    "cpu_time": 79.64478076299997,
    "real_time": 79.64632725715637,
    "no_test": 5000000,
    "no_disc": 450347
  },
  "config": {
    "max_depth": 10,
    "min_samples_per_region": 1000,
    "max_samples_per_region": 3000,
    "min_gain": 0.0,
    "gini_weight_mode": "sample",
    "max_split_ratio": 1.0,
    "sampling_risk_focus_alpha": 1.0,
    "sampling_risk_floor": 1e-05,
    "batch_size": 512,
    "disc_phase": "generation",
    "sample_draws": 5000000,
    "random_seed": 0
  }
}