{
  "label": "regionft_d10-LogReg-Bank-age-d5000000",
  "repeat": 2,
  "method": "regionft_d10",
  "model": "LogReg",
  "dataset": "Bank",
  "protected": "age",
  "runtime": 7200,
  "no_disc": 593916,
  "no_test": 6377327,
  "prec": 0.09312930009704692,
  "cpu_time": 324.50819262599975,
  "real_time": 324.5140907764435,
  "partition": {
    "cpu_time": 107.11473486,
    "real_time": 107.11915802955627,
    "no_test": 1377327,
    "no_disc": 71665,
    "n_regions": 650
  },
  "generation": {
    "cpu_time": 217.39345776599976,
    "real_time": 217.3949327468872,
    "no_test": 5000000,
    "no_disc": 522251
  },
  "config": {
    "max_depth": 10,
    "min_samples_per_region": 1000,
    "max_samples_per_region": 3000,
    "min_gain": 0.0,
    "gini_weight_mode": "sample",
    "max_split_ratio": 1.0,
    "sampling_risk_focus_alpha": 1.0,
    "sampling_risk_floor": 1e-05,
    "batch_size": 512,
    "disc_phase": "generation",
    "sample_draws": 5000000,
    "random_seed": 2
  }
}