{
  "label": "regionft_d10-GBDT-Bank-age-d5000000",
  "repeat": 1,
  "method": "regionft_d10",
  "model": "GBDT",
  "dataset": "Bank",
  "protected": "age",
  "runtime": 7200,
  "no_disc": 3282165,
  "no_test": 7056941,
  "prec": 0.46509741260412973,
  "cpu_time": 462.769669219,
  "real_time": 462.78013467788696,
  "partition": {
    "cpu_time": 191.74453434099996,
    "real_time": 191.75106477737427,
    "no_test": 2056941,
    "no_disc": 511718,
    "n_regions": 952
  },
  "generation": {
    "cpu_time": 271.025134878,
    "real_time": 271.0290699005127,
    "no_test": 5000000,
    "no_disc": 2770447
  },
  "config": {
    "max_depth": 10,
    "min_samples_per_region": 1000,
    "max_samples_per_region": 3000,
    "min_gain": 0.0,
    "gini_weight_mode": "sample",
    "max_split_ratio": 1.0,
    "sampling_risk_focus_alpha": 1.0,
    "sampling_risk_floor": 1e-05,
    "batch_size": 512,
    "disc_phase": "generation",
    "sample_draws": 5000000,
    "random_seed": 1
  }
}