{
  "label": "regionft_d10-MLP-Credit-age-d5000000",
  "repeat": 4,
  "method": "regionft_d10",
  "model": "MLP",
  "dataset": "Credit",
  "protected": "age",
  "runtime": 7200,
  "no_disc": 1587787,
  "no_test": 7193464,
  "prec": 0.22072634269108735,
  "cpu_time": 363.98813119399983,
  "real_time": 364.0001459121704,
  "partition": {
    "cpu_time": 149.29771229499966,
    "real_time": 149.30872058868408,
    "no_test": 2193464,
    "no_disc": 279041,
    "n_regions": 1020
  },
  "generation": {
    "cpu_time": 214.69041889900018,
    "real_time": 214.69142532348633,
    "no_test": 5000000,
    "no_disc": 1308746
  },
  "config": {
    "max_depth": 10,
    "min_samples_per_region": 1000,
    "max_samples_per_region": 3000,
    "min_gain": 0.0,
    "gini_weight_mode": "sample",
    "max_split_ratio": 1.0,
    "sampling_risk_focus_alpha": 1.0,
    "sampling_risk_floor": 1e-05,
    "batch_size": 512,
    "disc_phase": "generation",
    "sample_draws": 5000000,
    "random_seed": 4
  }
}