{
  "label": "regionft_d10-DecTree-Lsac-race-d5000000",
  "repeat": 0,
  "method": "regionft_d10",
  "model": "DecTree",
  "dataset": "Lsac",
  "protected": "race",
  "runtime": 7200,
  "no_disc": 4090392,
  "no_test": 5764248,
  "prec": 0.7096141595573264,
  "cpu_time": 158.9300394820001,
  "real_time": 158.94505906105042,
  "partition": {
    "cpu_time": 51.775215433000085,
    "real_time": 51.788039684295654,
    "no_test": 764248,
    "no_disc": 112578,
    "n_regions": 348
  },
  "generation": {
    "cpu_time": 107.15482404900001,
    "real_time": 107.15701937675476,
    "no_test": 5000000,
    "no_disc": 3977814
  },
  "config": {
    "max_depth": 10,
    "min_samples_per_region": 1000,
    "max_samples_per_region": 3000,
    "min_gain": 0.0,
    "gini_weight_mode": "sample",
    "max_split_ratio": 1.0,
    "sampling_risk_focus_alpha": 1.0,
    "sampling_risk_floor": 1e-05,
    "batch_size": 512,
    "disc_phase": "generation",
    "sample_draws": 5000000,
    "random_seed": 0
  }
}