{
  "label": "regionft_d10-GBDT-Credit-age-d5000000",
  "repeat": 0,
  "method": "regionft_d10",
  "model": "GBDT",
  "dataset": "Credit",
  "protected": "age",
  "runtime": 7200,
  "no_disc": 1632593,
  "no_test": 7205496,
  "prec": 0.22657607470741778,
  "cpu_time": 388.892924668,
  "real_time": 388.9265537261963,
  "partition": {
    "cpu_time": 171.83833141700006,
    "real_time": 171.8709635734558,
    "no_test": 2205496,
    "no_disc": 380164,
    "n_regions": 1015
  },
  "generation": {
    "cpu_time": 217.05459325099991,
    "real_time": 217.05559015274048,
    "no_test": 5000000,
    "no_disc": 1252429
  },
  "config": {
    "max_depth": 10,
    "min_samples_per_region": 1000,
    "max_samples_per_region": 3000,
    "min_gain": 0.0,
    "gini_weight_mode": "sample",
    "max_split_ratio": 1.0,
    "sampling_risk_focus_alpha": 1.0,
    "sampling_risk_floor": 1e-05,
    "batch_size": 512,
    "disc_phase": "generation",
    "sample_draws": 5000000,
    "random_seed": 0
  }
}