{
  "label": "regionft_d10-MLP-Adult-age-d5000000",
  "repeat": 4,
  "method": "regionft_d10",
  "model": "MLP",
  "dataset": "Adult",
  "protected": "age",
  "runtime": 7200,
  "no_disc": 3158764,
  "no_test": 7188328,
  "prec": 0.43942958640729807,
  "cpu_time": 525.596577947,
  "real_time": 525.6160702705383,
  "partition": {
    "cpu_time": 195.38080537300004,
    "real_time": 195.39506363868713,
    "no_test": 2188328,
    "no_disc": 676869,
    "n_regions": 1022
  },
  "generation": {
    "cpu_time": 330.21577257399997,
    "real_time": 330.2210066318512,
    "no_test": 5000000,
    "no_disc": 2481895
  },
  "config": {
    "max_depth": 10,
    "min_samples_per_region": 1000,
    "max_samples_per_region": 3000,
    "min_gain": 0.0,
    "gini_weight_mode": "sample",
    "max_split_ratio": 1.0,
    "sampling_risk_focus_alpha": 1.0,
    "sampling_risk_floor": 1e-05,
    "batch_size": 512,
    "disc_phase": "generation",
    "sample_draws": 5000000,
    "random_seed": 4
  }
}