{
  "label": "regionft_d10-DecTree-Adult-age-d5000000",
  "repeat": 3,
  "method": "regionft_d10",
  "model": "DecTree",
  "dataset": "Adult",
  "protected": "age",
  "runtime": 7200,
  "no_disc": 5048193,
  "no_test": 5310228,
  "prec": 0.9506546611557922,
  "cpu_time": 283.02558962599994,
  "real_time": 283.0342347621918,
  "partition": {
    "cpu_time": 28.83360376899998,
    "real_time": 28.840925693511963,
    "no_test": 310228,
    "no_disc": 128406,
    "n_regions": 138
  },
  "generation": {
    "cpu_time": 254.19198585699996,
    "real_time": 254.1933090686798,
    "no_test": 5000000,
    "no_disc": 4919787
  },
  "config": {
    "max_depth": 10,
    "min_samples_per_region": 1000,
    "max_samples_per_region": 3000,
    "min_gain": 0.0,
    "gini_weight_mode": "sample",
    "max_split_ratio": 1.0,
    "sampling_risk_focus_alpha": 1.0,
    "sampling_risk_floor": 1e-05,
    "batch_size": 512,
    "disc_phase": "generation",
    "sample_draws": 5000000,
    "random_seed": 3
  }
}