{
  "label": "regionft_d10-GBDT-Bank-age-d5000000",
  "repeat": 2,
  "method": "regionft_d10",
  "model": "GBDT",
  "dataset": "Bank",
  "protected": "age",
  "runtime": 7200,
  "no_disc": 3180683,
  "no_test": 7003751,
  "prec": 0.4541399315880876,
  "cpu_time": 465.15876445799995,
  "real_time": 465.17213320732117,
  "partition": {
    "cpu_time": 190.05617965899998,
    "real_time": 190.07132291793823,
    "no_test": 2003751,
    "no_disc": 454170,
    "n_regions": 933
  },
  "generation": {
    "cpu_time": 275.10258479899994,
    "real_time": 275.10081028938293,
    "no_test": 5000000,
    "no_disc": 2726513
  },
  "config": {
    "max_depth": 10,
    "min_samples_per_region": 1000,
    "max_samples_per_region": 3000,
    "min_gain": 0.0,
    "gini_weight_mode": "sample",
    "max_split_ratio": 1.0,
    "sampling_risk_focus_alpha": 1.0,
    "sampling_risk_floor": 1e-05,
    "batch_size": 512,
    "disc_phase": "generation",
    "sample_draws": 5000000,
    "random_seed": 2
  }
}