{
  "label": "regionft_d10-GBDT-Lsac-race-d5000000",
  "repeat": 1,
  "method": "regionft_d10",
  "model": "GBDT",
  "dataset": "Lsac",
  "protected": "race",
  "runtime": 7200,
  "no_disc": 1940027,
  "no_test": 7135292,
  "prec": 0.2718917459860087,
  "cpu_time": 247.56147594899994,
  "real_time": 247.56717681884766,
  "partition": {
    "cpu_time": 137.46230331599963,
    "real_time": 137.4677357673645,
    "no_test": 2135292,
    "no_disc": 317560,
    "n_regions": 994
  },
  "generation": {
    "cpu_time": 110.09917263300031,
    "real_time": 110.09944105148315,
    "no_test": 5000000,
    "no_disc": 1622467
  },
  "config": {
    "max_depth": 10,
    "min_samples_per_region": 1000,
    "max_samples_per_region": 3000,
    "min_gain": 0.0,
    "gini_weight_mode": "sample",
    "max_split_ratio": 1.0,
    "sampling_risk_focus_alpha": 1.0,
    "sampling_risk_floor": 1e-05,
    "batch_size": 512,
    "disc_phase": "generation",
    "sample_draws": 5000000,
    "random_seed": 1
  }
}