{
  "label": "regionft_d10-GBDT-Credit-age-d5000000",
  "repeat": 1,
  "method": "regionft_d10",
  "model": "GBDT",
  "dataset": "Credit",
  "protected": "age",
  "runtime": 7200,
  "no_disc": 1668760,
  "no_test": 7199870,
  "prec": 0.23177640707401662,
  "cpu_time": 388.13398405700013,
  "real_time": 388.15182614326477,
  "partition": {
    "cpu_time": 167.73046985600013,
    "real_time": 167.73847794532776,
    "no_test": 2199870,
    "no_disc": 393373,
    "n_regions": 1016
  },
  "generation": {
    "cpu_time": 220.403514201,
    "real_time": 220.413348197937,
    "no_test": 5000000,
    "no_disc": 1275387
  },
  "config": {
    "max_depth": 10,
    "min_samples_per_region": 1000,
    "max_samples_per_region": 3000,
    "min_gain": 0.0,
    "gini_weight_mode": "sample",
    "max_split_ratio": 1.0,
    "sampling_risk_focus_alpha": 1.0,
    "sampling_risk_floor": 1e-05,
    "batch_size": 512,
    "disc_phase": "generation",
    "sample_draws": 5000000,
    "random_seed": 1
  }
}