{
  "label": "regionft_d10-GBDT-Credit-age-d5000000",
  "repeat": 3,
  "method": "regionft_d10",
  "model": "GBDT",
  "dataset": "Credit",
  "protected": "age",
  "runtime": 7200,
  "no_disc": 1564309,
  "no_test": 7124523,
  "prec": 0.21956683977299252,
  "cpu_time": 390.46779722300005,
  "real_time": 390.4770498275757,
  "partition": {
    "cpu_time": 168.28925090400003,
    "real_time": 168.29677486419678,
    "no_test": 2124523,
    "no_disc": 321589,
    "n_regions": 977
  },
  "generation": {
    "cpu_time": 222.17854631900002,
    "real_time": 222.1802749633789,
    "no_test": 5000000,
    "no_disc": 1242720
  },
  "config": {
    "max_depth": 10,
    "min_samples_per_region": 1000,
    "max_samples_per_region": 3000,
    "min_gain": 0.0,
    "gini_weight_mode": "sample",
    "max_split_ratio": 1.0,
    "sampling_risk_focus_alpha": 1.0,
    "sampling_risk_floor": 1e-05,
    "batch_size": 512,
    "disc_phase": "generation",
    "sample_draws": 5000000,
    "random_seed": 3
  }
}