{
  "label": "regionft_d10-MLP-Bank-age-d5000000",
  "repeat": 1,
  "method": "regionft_d10",
  "model": "MLP",
  "dataset": "Bank",
  "protected": "age",
  "runtime": 7200,
  "no_disc": 1994766,
  "no_test": 7096608,
  "prec": 0.28108724618860165,
  "cpu_time": 498.6282376450001,
  "real_time": 498.6504616737366,
  "partition": {
    "cpu_time": 193.80212178599982,
    "real_time": 193.81659507751465,
    "no_test": 2096608,
    "no_disc": 325324,
    "n_regions": 972
  },
  "generation": {
    "cpu_time": 304.8261158590003,
    "real_time": 304.8338665962219,
    "no_test": 5000000,
    "no_disc": 1669442
  },
  "config": {
    "max_depth": 10,
    "min_samples_per_region": 1000,
    "max_samples_per_region": 3000,
    "min_gain": 0.0,
    "gini_weight_mode": "sample",
    "max_split_ratio": 1.0,
    "sampling_risk_focus_alpha": 1.0,
    "sampling_risk_floor": 1e-05,
    "batch_size": 512,
    "disc_phase": "generation",
    "sample_draws": 5000000,
    "random_seed": 1
  }
}