{
  "label": "regionft_d10-DecTree-Adult-race-d5000000",
  "repeat": 0,
  "method": "regionft_d10",
  "model": "DecTree",
  "dataset": "Adult",
  "protected": "race",
  "runtime": 7200,
  "no_disc": 4241546,
  "no_test": 5561662,
  "prec": 0.7626400165993547,
  "cpu_time": 190.96180572499998,
  "real_time": 190.96543788909912,
  "partition": {
    "cpu_time": 34.63917947200002,
    "real_time": 34.644097566604614,
    "no_test": 561662,
    "no_disc": 56794,
    "n_regions": 265
  },
  "generation": {
    "cpu_time": 156.32262625299995,
    "real_time": 156.3213403224945,
    "no_test": 5000000,
    "no_disc": 4184752
  },
  "config": {
    "max_depth": 10,
    "min_samples_per_region": 1000,
    "max_samples_per_region": 3000,
    "min_gain": 0.0,
    "gini_weight_mode": "sample",
    "max_split_ratio": 1.0,
    "sampling_risk_focus_alpha": 1.0,
    "sampling_risk_floor": 1e-05,
    "batch_size": 512,
    "disc_phase": "generation",
    "sample_draws": 5000000,
    "random_seed": 0
  }
}