{
  "label": "regionft_d10-LogReg-Credit-age-d5000000",
  "repeat": 0,
  "method": "regionft_d10",
  "model": "LogReg",
  "dataset": "Credit",
  "protected": "age",
  "runtime": 7200,
  "no_disc": 1376331,
  "no_test": 7170852,
  "prec": 0.1919340965341357,
  "cpu_time": 329.21791013100005,
  "real_time": 329.2321903705597,
  "partition": {
    "cpu_time": 142.83755802500002,
    "real_time": 142.8493230342865,
    "no_test": 2170852,
    "no_disc": 264065,
    "n_regions": 1008
  },
  "generation": {
    "cpu_time": 186.38035210600003,
    "real_time": 186.3828673362732,
    "no_test": 5000000,
    "no_disc": 1112266
  },
  "config": {
    "max_depth": 10,
    "min_samples_per_region": 1000,
    "max_samples_per_region": 3000,
    "min_gain": 0.0,
    "gini_weight_mode": "sample",
    "max_split_ratio": 1.0,
    "sampling_risk_focus_alpha": 1.0,
    "sampling_risk_floor": 1e-05,
    "batch_size": 512,
    "disc_phase": "generation",
    "sample_draws": 5000000,
    "random_seed": 0
  }
}