{
  "label": "regionft_d10-MLP-Credit-age-d5000000",
  "repeat": 0,
  "method": "regionft_d10",
  "model": "MLP",
  "dataset": "Credit",
  "protected": "age",
  "runtime": 7200,
  "no_disc": 1473691,
  "no_test": 7125052,
  "prec": 0.20683231504836735,
  "cpu_time": 355.5073053620001,
  "real_time": 355.5173225402832,
  "partition": {
    "cpu_time": 143.55491108700016,
    "real_time": 143.56363081932068,
    "no_test": 2125052,
    "no_disc": 223084,
    "n_regions": 988
  },
  "generation": {
    "cpu_time": 211.95239427499996,
    "real_time": 211.95369172096252,
    "no_test": 5000000,
    "no_disc": 1250607
  },
  "config": {
    "max_depth": 10,
    "min_samples_per_region": 1000,
    "max_samples_per_region": 3000,
    "min_gain": 0.0,
    "gini_weight_mode": "sample",
    "max_split_ratio": 1.0,
    "sampling_risk_focus_alpha": 1.0,
    "sampling_risk_floor": 1e-05,
    "batch_size": 512,
    "disc_phase": "generation",
    "sample_draws": 5000000,
    "random_seed": 0
  }
}