{
  "label": "regionft_d10-GBDT-Adult-sex-d5000000",
  "repeat": 2,
  "method": "regionft_d10",
  "model": "GBDT",
  "dataset": "Adult",
  "protected": "sex",
  "runtime": 7200,
  "no_disc": 857463,
  "no_test": 6833770,
  "prec": 0.12547437212548856,
  "cpu_time": 197.53040669700002,
  "real_time": 197.53605484962463,
  "partition": {
    "cpu_time": 108.239295476,
    "real_time": 108.24122714996338,
    "no_test": 1833770,
    "no_disc": 153798,
    "n_regions": 880
  },
  "generation": {
    "cpu_time": 89.29111122100002,
    "real_time": 89.29482769966125,
    "no_test": 5000000,
    "no_disc": 703665
  },
  "config": {
    "max_depth": 10,
    "min_samples_per_region": 1000,
    "max_samples_per_region": 3000,
    "min_gain": 0.0,
    "gini_weight_mode": "sample",
    "max_split_ratio": 1.0,
    "sampling_risk_focus_alpha": 1.0,
    "sampling_risk_floor": 1e-05,
    "batch_size": 512,
    "disc_phase": "generation",
    "sample_draws": 5000000,
    "random_seed": 2
  }
}