{
  "label": "regionft_d10-GBDT-Lsac-race-d5000000",
  "repeat": 0,
  "method": "regionft_d10",
  "model": "GBDT",
  "dataset": "Lsac",
  "protected": "race",
  "runtime": 7200,
  "no_disc": 1941388,
  "no_test": 7129263,
  "prec": 0.2723125798557298,
  "cpu_time": 245.08865400900004,
  "real_time": 245.1040403842926,
  "partition": {
    "cpu_time": 134.66048073599995,
    "real_time": 134.67346048355103,
    "no_test": 2129263,
    "no_disc": 328571,
    "n_regions": 993
  },
  "generation": {
    "cpu_time": 110.42817327300008,
    "real_time": 110.43057990074158,
    "no_test": 5000000,
    "no_disc": 1612817
  },
  "config": {
    "max_depth": 10,
    "min_samples_per_region": 1000,
    "max_samples_per_region": 3000,
    "min_gain": 0.0,
    "gini_weight_mode": "sample",
    "max_split_ratio": 1.0,
    "sampling_risk_focus_alpha": 1.0,
    "sampling_risk_floor": 1e-05,
    "batch_size": 512,
    "disc_phase": "generation",
    "sample_draws": 5000000,
    "random_seed": 0
  }
}