{
  "label": "regionft_d10-GBDT-Lsac-race-d5000000",
  "repeat": 3,
  "method": "regionft_d10",
  "model": "GBDT",
  "dataset": "Lsac",
  "protected": "race",
  "runtime": 7200,
  "no_disc": 1993750,
  "no_test": 7018879,
  "prec": 0.28405533134279703,
  "cpu_time": 250.30112159200007,
  "real_time": 250.31469416618347,
  "partition": {
    "cpu_time": 134.81182517399998,
    "real_time": 134.82520008087158,
    "no_test": 2018879,
    "no_disc": 317365,
    "n_regions": 939
  },
  "generation": {
    "cpu_time": 115.4892964180001,
    "real_time": 115.48949408531189,
    "no_test": 5000000,
    "no_disc": 1676385
  },
  "config": {
    "max_depth": 10,
    "min_samples_per_region": 1000,
    "max_samples_per_region": 3000,
    "min_gain": 0.0,
    "gini_weight_mode": "sample",
    "max_split_ratio": 1.0,
    "sampling_risk_focus_alpha": 1.0,
    "sampling_risk_floor": 1e-05,
    "batch_size": 512,
    "disc_phase": "generation",
    "sample_draws": 5000000,
    "random_seed": 3
  }
}