{
  "label": "regionft_d10-DecTree-Credit-age-d5000000",
  "repeat": 2,
  "method": "regionft_d10",
  "model": "DecTree",
  "dataset": "Credit",
  "protected": "age",
  "runtime": 7200,
  "no_disc": 5081666,
  "no_test": 5258954,
  "prec": 0.9662883531592024,
  "cpu_time": 235.95822549700006,
  "real_time": 235.96468687057495,
  "partition": {
    "cpu_time": 21.565481480000017,
    "real_time": 21.567076921463013,
    "no_test": 258954,
    "no_disc": 146538,
    "n_regions": 120
  },
  "generation": {
    "cpu_time": 214.39274401700004,
    "real_time": 214.39760994911194,
    "no_test": 5000000,
    "no_disc": 4935128
  },
  "config": {
    "max_depth": 10,
    "min_samples_per_region": 1000,
    "max_samples_per_region": 3000,
    "min_gain": 0.0,
    "gini_weight_mode": "sample",
    "max_split_ratio": 1.0,
    "sampling_risk_focus_alpha": 1.0,
    "sampling_risk_floor": 1e-05,
    "batch_size": 512,
    "disc_phase": "generation",
    "sample_draws": 5000000,
    "random_seed": 2
  }
}