{
  "label": "regionft_d10-LogReg-Adult-age-d5000000",
  "repeat": 3,
  "method": "regionft_d10",
  "model": "LogReg",
  "dataset": "Adult",
  "protected": "age",
  "runtime": 7200,
  "no_disc": 3233098,
  "no_test": 6941069,
  "prec": 0.46579251697397045,
  "cpu_time": 376.7065166499999,
  "real_time": 376.711590051651,
  "partition": {
    "cpu_time": 142.29264951100004,
    "real_time": 142.29711747169495,
    "no_test": 1941069,
    "no_disc": 547826,
    "n_regions": 934
  },
  "generation": {
    "cpu_time": 234.41386713899988,
    "real_time": 234.41447257995605,
    "no_test": 5000000,
    "no_disc": 2685272
  },
  "config": {
    "max_depth": 10,
    "min_samples_per_region": 1000,
    "max_samples_per_region": 3000,
    "min_gain": 0.0,
    "gini_weight_mode": "sample",
    "max_split_ratio": 1.0,
    "sampling_risk_focus_alpha": 1.0,
    "sampling_risk_floor": 1e-05,
    "batch_size": 512,
    "disc_phase": "generation",
    "sample_draws": 5000000,
    "random_seed": 3
  }
}