{
  "label": "regionft_d10-DecTree-Lsac-sex-d5000000",
  "repeat": 1,
  "method": "regionft_d10",
  "model": "DecTree",
  "dataset": "Lsac",
  "protected": "sex",
  "runtime": 7200,
  "no_disc": 4143940,
  "no_test": 6307926,
  "prec": 0.6569417586699654,
  "cpu_time": 166.89534600399998,
  "real_time": 166.90183973312378,
  "partition": {
    "cpu_time": 82.16085403800002,
    "real_time": 82.16697144508362,
    "no_test": 1307926,
    "no_disc": 193728,
    "n_regions": 606
  },
  "generation": {
    "cpu_time": 84.73449196599995,
    "real_time": 84.73486828804016,
    "no_test": 5000000,
    "no_disc": 3950212
  },
  "config": {
    "max_depth": 10,
    "min_samples_per_region": 1000,
    "max_samples_per_region": 3000,
    "min_gain": 0.0,
    "gini_weight_mode": "sample",
    "max_split_ratio": 1.0,
    "sampling_risk_focus_alpha": 1.0,
    "sampling_risk_floor": 1e-05,
    "batch_size": 512,
    "disc_phase": "generation",
    "sample_draws": 5000000,
    "random_seed": 1
  }
}