{
  "label": "regionft_d10-LogReg-Lsac-sex-d5000000",
  "repeat": 1,
  "method": "regionft_d10",
  "model": "LogReg",
  "dataset": "Lsac",
  "protected": "sex",
  "runtime": 7200,
  "no_disc": 218772,
  "no_test": 6757456,
  "prec": 0.03237490558577074,
  "cpu_time": 159.98277363699992,
  "real_time": 159.98943781852722,
  "partition": {
    "cpu_time": 94.1319594759999,
    "real_time": 94.13806700706482,
    "no_test": 1757456,
    "no_disc": 53613,
    "n_regions": 835
  },
  "generation": {
    "cpu_time": 65.85081416100002,
    "real_time": 65.8513708114624,
    "no_test": 5000000,
    "no_disc": 165159
  },
  "config": {
    "max_depth": 10,
    "min_samples_per_region": 1000,
    "max_samples_per_region": 3000,
    "min_gain": 0.0,
    "gini_weight_mode": "sample",
    "max_split_ratio": 1.0,
    "sampling_risk_focus_alpha": 1.0,
    "sampling_risk_floor": 1e-05,
    "batch_size": 512,
    "disc_phase": "generation",
    "sample_draws": 5000000,
    "random_seed": 1
  }
}