{
  "label": "regionft_d10-LogReg-Lsac-race-d5000000",
  "repeat": 3,
  "method": "regionft_d10",
  "model": "LogReg",
  "dataset": "Lsac",
  "protected": "race",
  "runtime": 7200,
  "no_disc": 1049131,
  "no_test": 6993830,
  "prec": 0.15000807854923554,
  "cpu_time": 198.86708109399999,
  "real_time": 198.8785228729248,
  "partition": {
    "cpu_time": 113.240263796,
    "real_time": 113.25080132484436,
    "no_test": 1993830,
    "no_disc": 192893,
    "n_regions": 934
  },
  "generation": {
    "cpu_time": 85.62681729799999,
    "real_time": 85.62772154808044,
    "no_test": 5000000,
    "no_disc": 856238
  },
  "config": {
    "max_depth": 10,
    "min_samples_per_region": 1000,
    "max_samples_per_region": 3000,
    "min_gain": 0.0,
    "gini_weight_mode": "sample",
    "max_split_ratio": 1.0,
    "sampling_risk_focus_alpha": 1.0,
    "sampling_risk_floor": 1e-05,
    "batch_size": 512,
    "disc_phase": "generation",
    "sample_draws": 5000000,
    "random_seed": 3
  }
}