{
  "label": "regionft_d10-GBDT-Lsac-sex-d5000000",
  "repeat": 2,
  "method": "regionft_d10",
  "model": "GBDT",
  "dataset": "Lsac",
  "protected": "sex",
  "runtime": 7200,
  "no_disc": 432326,
  "no_test": 6915669,
  "prec": 0.0625139809322858,
  "cpu_time": 203.02262056099994,
  "real_time": 203.0331883430481,
  "partition": {
    "cpu_time": 115.11614157700001,
    "real_time": 115.12521004676819,
    "no_test": 1915669,
    "no_disc": 93536,
    "n_regions": 908
  },
  "generation": {
    "cpu_time": 87.90647898399993,
    "real_time": 87.90797829627991,
    "no_test": 5000000,
    "no_disc": 338790
  },
  "config": {
    "max_depth": 10,
    "min_samples_per_region": 1000,
    "max_samples_per_region": 3000,
    "min_gain": 0.0,
    "gini_weight_mode": "sample",
    "max_split_ratio": 1.0,
    "sampling_risk_focus_alpha": 1.0,
    "sampling_risk_floor": 1e-05,
    "batch_size": 512,
    "disc_phase": "generation",
    "sample_draws": 5000000,
    "random_seed": 2
  }
}