{
  "label": "regionft_d10-DecTree-Adult-race-d5000000",
  "repeat": 1,
  "method": "regionft_d10",
  "model": "DecTree",
  "dataset": "Adult",
  "protected": "race",
  "runtime": 7200,
  "no_disc": 4340149,
  "no_test": 5794989,
  "prec": 0.7489486175038469,
  "cpu_time": 198.97182412600003,
  "real_time": 198.9801013469696,
  "partition": {
    "cpu_time": 45.056904403999994,
    "real_time": 45.06527781486511,
    "no_test": 794989,
    "no_disc": 72178,
    "n_regions": 383
  },
  "generation": {
    "cpu_time": 153.91491972200004,
    "real_time": 153.9148235321045,
    "no_test": 5000000,
    "no_disc": 4267971
  },
  "config": {
    "max_depth": 10,
    "min_samples_per_region": 1000,
    "max_samples_per_region": 3000,
    "min_gain": 0.0,
    "gini_weight_mode": "sample",
    "max_split_ratio": 1.0,
    "sampling_risk_focus_alpha": 1.0,
    "sampling_risk_floor": 1e-05,
    "batch_size": 512,
    "disc_phase": "generation",
    "sample_draws": 5000000,
    "random_seed": 1
  }
}