{
  "label": "regionft_d10-LogReg-Adult-sex-d5000000",
  "repeat": 0,
  "method": "regionft_d10",
  "model": "LogReg",
  "dataset": "Adult",
  "protected": "sex",
  "runtime": 7200,
  "no_disc": 403914,
  "no_test": 6491017,
  "prec": 0.0622266125631777,
  "cpu_time": 132.86025934999998,
  "real_time": 132.8627724647522,
  "partition": {
    "cpu_time": 64.47496705999993,
    "real_time": 64.47702026367188,
    "no_test": 1491017,
    "no_disc": 74925,
    "n_regions": 716
  },
  "generation": {
    "cpu_time": 68.38529229000005,
    "real_time": 68.38575220108032,
    "no_test": 5000000,
    "no_disc": 328989
  },
  "config": {
    "max_depth": 10,
    "min_samples_per_region": 1000,
    "max_samples_per_region": 3000,
    "min_gain": 0.0,
    "gini_weight_mode": "sample",
    "max_split_ratio": 1.0,
    "sampling_risk_focus_alpha": 1.0,
    "sampling_risk_floor": 1e-05,
    "batch_size": 512,
    "disc_phase": "generation",
    "sample_draws": 5000000,
    "random_seed": 0
  }
}