{
  "label": "regionft_d10-LogReg-Bank-age-d5000000",
  "repeat": 1,
  "method": "regionft_d10",
  "model": "LogReg",
  "dataset": "Bank",
  "protected": "age",
  "runtime": 7200,
  "no_disc": 627127,
  "no_test": 6765386,
  "prec": 0.09269641081824452,
  "cpu_time": 360.8265604169999,
  "real_time": 360.831214427948,
  "partition": {
    "cpu_time": 141.47689336199983,
    "real_time": 141.47987866401672,
    "no_test": 1765386,
    "no_disc": 98430,
    "n_regions": 838
  },
  "generation": {
    "cpu_time": 219.34966705500005,
    "real_time": 219.35133576393127,
    "no_test": 5000000,
    "no_disc": 528697
  },
  "config": {
    "max_depth": 10,
    "min_samples_per_region": 1000,
    "max_samples_per_region": 3000,
    "min_gain": 0.0,
    "gini_weight_mode": "sample",
    "max_split_ratio": 1.0,
    "sampling_risk_focus_alpha": 1.0,
    "sampling_risk_floor": 1e-05,
    "batch_size": 512,
    "disc_phase": "generation",
    "sample_draws": 5000000,
    "random_seed": 1
  }
}