{
  "label": "regionft_d10-LogReg-Credit-sex-d5000000",
  "repeat": 2,
  "method": "regionft_d10",
  "model": "LogReg",
  "dataset": "Credit",
  "protected": "sex",
  "runtime": 7200,
  "no_disc": 594192,
  "no_test": 7193699,
  "prec": 0.08259895222193755,
  "cpu_time": 171.30967613500002,
  "real_time": 171.31845712661743,
  "partition": {
    "cpu_time": 93.86310656900014,
    "real_time": 93.87033867835999,
    "no_test": 2193699,
    "no_disc": 140467,
    "n_regions": 1013
  },
  "generation": {
    "cpu_time": 77.44656956599988,
    "real_time": 77.44811844825745,
    "no_test": 5000000,
    "no_disc": 453725
  },
  "config": {
    "max_depth": 10,
    "min_samples_per_region": 1000,
    "max_samples_per_region": 3000,
    "min_gain": 0.0,
    "gini_weight_mode": "sample",
    "max_split_ratio": 1.0,
    "sampling_risk_focus_alpha": 1.0,
    "sampling_risk_floor": 1e-05,
    "batch_size": 512,
    "disc_phase": "generation",
    "sample_draws": 5000000,
    "random_seed": 2
  }
}