{
  "label": "regionft_d10-GBDT-Bank-age-d5000000",
  "repeat": 3,
  "method": "regionft_d10",
  "model": "GBDT",
  "dataset": "Bank",
  "protected": "age",
  "runtime": 7200,
  "no_disc": 3268105,
  "no_test": 6963671,
  "prec": 0.46930778320802347,
  "cpu_time": 457.59159350999994,
  "real_time": 457.59688782691956,
  "partition": {
    "cpu_time": 185.854979341,
    "real_time": 185.86201691627502,
    "no_test": 1963671,
    "no_disc": 475215,
    "n_regions": 913
  },
  "generation": {
    "cpu_time": 271.73661416899995,
    "real_time": 271.73487091064453,
    "no_test": 5000000,
    "no_disc": 2792890
  },
  "config": {
    "max_depth": 10,
    "min_samples_per_region": 1000,
    "max_samples_per_region": 3000,
    "min_gain": 0.0,
    "gini_weight_mode": "sample",
    "max_split_ratio": 1.0,
    "sampling_risk_focus_alpha": 1.0,
    "sampling_risk_floor": 1e-05,
    "batch_size": 512,
    "disc_phase": "generation",
    "sample_draws": 5000000,
    "random_seed": 3
  }
}