{
  "label": "regionft_d10-DecTree-Lsac-sex-d5000000",
  "repeat": 0,
  "method": "regionft_d10",
  "model": "DecTree",
  "dataset": "Lsac",
  "protected": "sex",
  "runtime": 7200,
  "no_disc": 4318048,
  "no_test": 6028530,
  "prec": 0.7162688084823332,
  "cpu_time": 147.773406411,
  "real_time": 147.77749133110046,
  "partition": {
    "cpu_time": 65.96864369900004,
    "real_time": 65.97240829467773,
    "no_test": 1028530,
    "no_disc": 165390,
    "n_regions": 473
  },
  "generation": {
    "cpu_time": 81.80476271199996,
    "real_time": 81.80508303642273,
    "no_test": 5000000,
    "no_disc": 4152658
  },
  "config": {
    "max_depth": 10,
    "min_samples_per_region": 1000,
    "max_samples_per_region": 3000,
    "min_gain": 0.0,
    "gini_weight_mode": "sample",
    "max_split_ratio": 1.0,
    "sampling_risk_focus_alpha": 1.0,
    "sampling_risk_floor": 1e-05,
    "batch_size": 512,
    "disc_phase": "generation",
    "sample_draws": 5000000,
    "random_seed": 0
  }
}