{
  "label": "regionft_d10-MLP-Adult-race-d5000000",
  "repeat": 3,
  "method": "regionft_d10",
  "model": "MLP",
  "dataset": "Adult",
  "protected": "race",
  "runtime": 7200,
  "no_disc": 625560,
  "no_test": 7116207,
  "prec": 0.08790638046363744,
  "cpu_time": 317.3550324329999,
  "real_time": 317.3613886833191,
  "partition": {
    "cpu_time": 133.136157572,
    "real_time": 133.1414909362793,
    "no_test": 2116207,
    "no_disc": 169213,
    "n_regions": 1002
  },
  "generation": {
    "cpu_time": 184.2188748609999,
    "real_time": 184.2198977470398,
    "no_test": 5000000,
    "no_disc": 456347
  },
  "config": {
    "max_depth": 10,
    "min_samples_per_region": 1000,
    "max_samples_per_region": 3000,
    "min_gain": 0.0,
    "gini_weight_mode": "sample",
    "max_split_ratio": 1.0,
    "sampling_risk_focus_alpha": 1.0,
    "sampling_risk_floor": 1e-05,
    "batch_size": 512,
    "disc_phase": "generation",
    "sample_draws": 5000000,
    "random_seed": 3
  }
}