{
  "label": "regionft_d10-LogReg-Credit-sex-d5000000",
  "repeat": 4,
  "method": "regionft_d10",
  "model": "LogReg",
  "dataset": "Credit",
  "protected": "sex",
  "runtime": 7200,
  "no_disc": 574889,
  "no_test": 7153850,
  "prec": 0.08036078475226627,
  "cpu_time": 169.73967606099995,
  "real_time": 169.75590872764587,
  "partition": {
    "cpu_time": 94.13399718699998,
    "real_time": 94.14706945419312,
    "no_test": 2153850,
    "no_disc": 132963,
    "n_regions": 999
  },
  "generation": {
    "cpu_time": 75.60567887399998,
    "real_time": 75.60883927345276,
    "no_test": 5000000,
    "no_disc": 441926
  },
  "config": {
    "max_depth": 10,
    "min_samples_per_region": 1000,
    "max_samples_per_region": 3000,
    "min_gain": 0.0,
    "gini_weight_mode": "sample",
    "max_split_ratio": 1.0,
    "sampling_risk_focus_alpha": 1.0,
    "sampling_risk_floor": 1e-05,
    "batch_size": 512,
    "disc_phase": "generation",
    "sample_draws": 5000000,
    "random_seed": 4
  }
}