{
  "label": "regionft_d10-DecTree-Credit-age-d5000000",
  "repeat": 1,
  "method": "regionft_d10",
  "model": "DecTree",
  "dataset": "Credit",
  "protected": "age",
  "runtime": 7200,
  "no_disc": 5088445,
  "no_test": 5263041,
  "prec": 0.9668260232059754,
  "cpu_time": 227.98701743499987,
  "real_time": 227.99173784255981,
  "partition": {
    "cpu_time": 20.259854054999778,
    "real_time": 20.26356792449951,
    "no_test": 263041,
    "no_disc": 151711,
    "n_regions": 122
  },
  "generation": {
    "cpu_time": 207.7271633800001,
    "real_time": 207.7281699180603,
    "no_test": 5000000,
    "no_disc": 4936734
  },
  "config": {
    "max_depth": 10,
    "min_samples_per_region": 1000,
    "max_samples_per_region": 3000,
    "min_gain": 0.0,
    "gini_weight_mode": "sample",
    "max_split_ratio": 1.0,
    "sampling_risk_focus_alpha": 1.0,
    "sampling_risk_floor": 1e-05,
    "batch_size": 512,
    "disc_phase": "generation",
    "sample_draws": 5000000,
    "random_seed": 1
  }
}