{
  "label": "regionft_d10-MLP-Lsac-sex-d5000000",
  "repeat": 3,
  "method": "regionft_d10",
  "model": "MLP",
  "dataset": "Lsac",
  "protected": "sex",
  "runtime": 7200,
  "no_disc": 243961,
  "no_test": 7089251,
  "prec": 0.034412803270754556,
  "cpu_time": 187.9491821900001,
  "real_time": 187.95530676841736,
  "partition": {
    "cpu_time": 113.87730338100005,
    "real_time": 113.8823401927948,
    "no_test": 2089251,
    "no_disc": 69876,
    "n_regions": 981
  },
  "generation": {
    "cpu_time": 74.07187880900005,
    "real_time": 74.07296657562256,
    "no_test": 5000000,
    "no_disc": 174085
  },
  "config": {
    "max_depth": 10,
    "min_samples_per_region": 1000,
    "max_samples_per_region": 3000,
    "min_gain": 0.0,
    "gini_weight_mode": "sample",
    "max_split_ratio": 1.0,
    "sampling_risk_focus_alpha": 1.0,
    "sampling_risk_floor": 1e-05,
    "batch_size": 512,
    "disc_phase": "generation",
    "sample_draws": 5000000,
    "random_seed": 3
  }
}