{
  "label": "regionft_d10-GBDT-Adult-race-d5000000",
  "repeat": 4,
  "method": "regionft_d10",
  "model": "GBDT",
  "dataset": "Adult",
  "protected": "race",
  "runtime": 7200,
  "no_disc": 494939,
  "no_test": 6733561,
  "prec": 0.07350330679413167,
  "cpu_time": 266.86428547400004,
  "real_time": 266.8700416088104,
  "partition": {
    "cpu_time": 112.80066339500007,
    "real_time": 112.80436086654663,
    "no_test": 1733561,
    "no_disc": 85759,
    "n_regions": 833
  },
  "generation": {
    "cpu_time": 154.06362207899997,
    "real_time": 154.0656807422638,
    "no_test": 5000000,
    "no_disc": 409180
  },
  "config": {
    "max_depth": 10,
    "min_samples_per_region": 1000,
    "max_samples_per_region": 3000,
    "min_gain": 0.0,
    "gini_weight_mode": "sample",
    "max_split_ratio": 1.0,
    "sampling_risk_focus_alpha": 1.0,
    "sampling_risk_floor": 1e-05,
    "batch_size": 512,
    "disc_phase": "generation",
    "sample_draws": 5000000,
    "random_seed": 4
  }
}