{
  "label": "regionft_d10-MLP-Adult-sex-d5000000",
  "repeat": 3,
  "method": "regionft_d10",
  "model": "MLP",
  "dataset": "Adult",
  "protected": "sex",
  "runtime": 7200,
  "no_disc": 288425,
  "no_test": 7111298,
  "prec": 0.04055869969167373,
  "cpu_time": 198.91520772200005,
  "real_time": 198.91993236541748,
  "partition": {
    "cpu_time": 101.50750379800002,
    "real_time": 101.51026725769043,
    "no_test": 2111298,
    "no_disc": 81074,
    "n_regions": 1010
  },
  "generation": {
    "cpu_time": 97.40770392400003,
    "real_time": 97.40966510772705,
    "no_test": 5000000,
    "no_disc": 207351
  },
  "config": {
    "max_depth": 10,
    "min_samples_per_region": 1000,
    "max_samples_per_region": 3000,
    "min_gain": 0.0,
    "gini_weight_mode": "sample",
    "max_split_ratio": 1.0,
    "sampling_risk_focus_alpha": 1.0,
    "sampling_risk_floor": 1e-05,
    "batch_size": 512,
    "disc_phase": "generation",
    "sample_draws": 5000000,
    "random_seed": 3
  }
}