{
  "label": "regionft_d10-LogReg-Credit-age-d5000000",
  "repeat": 1,
  "method": "regionft_d10",
  "model": "LogReg",
  "dataset": "Credit",
  "protected": "age",
  "runtime": 7200,
  "no_disc": 1402371,
  "no_test": 6943519,
  "prec": 0.20196833910874298,
  "cpu_time": 312.2519452270001,
  "real_time": 312.25785303115845,
  "partition": {
    "cpu_time": 128.13833093800008,
    "real_time": 128.14244318008423,
    "no_test": 1943519,
    "no_disc": 258982,
    "n_regions": 895
  },
  "generation": {
    "cpu_time": 184.113614289,
    "real_time": 184.11540985107422,
    "no_test": 5000000,
    "no_disc": 1143389
  },
  "config": {
    "max_depth": 10,
    "min_samples_per_region": 1000,
    "max_samples_per_region": 3000,
    "min_gain": 0.0,
    "gini_weight_mode": "sample",
    "max_split_ratio": 1.0,
    "sampling_risk_focus_alpha": 1.0,
    "sampling_risk_floor": 1e-05,
    "batch_size": 512,
    "disc_phase": "generation",
    "sample_draws": 5000000,
    "random_seed": 1
  }
}