{
  "label": "regionft_d10-GBDT-Adult-race-d5000000",
  "repeat": 3,
  "method": "regionft_d10",
  "model": "GBDT",
  "dataset": "Adult",
  "protected": "race",
  "runtime": 7200,
  "no_disc": 470582,
  "no_test": 6856022,
  "prec": 0.06863776108069665,
  "cpu_time": 275.59759379800005,
  "real_time": 275.6212284564972,
  "partition": {
    "cpu_time": 119.905724591,
    "real_time": 119.927006483078,
    "no_test": 1856022,
    "no_disc": 100000,
    "n_regions": 897
  },
  "generation": {
    "cpu_time": 155.69186920700005,
    "real_time": 155.6942219734192,
    "no_test": 5000000,
    "no_disc": 370582
  },
  "config": {
    "max_depth": 10,
    "min_samples_per_region": 1000,
    "max_samples_per_region": 3000,
    "min_gain": 0.0,
    "gini_weight_mode": "sample",
    "max_split_ratio": 1.0,
    "sampling_risk_focus_alpha": 1.0,
    "sampling_risk_floor": 1e-05,
    "batch_size": 512,
    "disc_phase": "generation",
    "sample_draws": 5000000,
    "random_seed": 3
  }
}