{
  "label": "regionft_d10-MLP-Adult-age-d5000000",
  "repeat": 2,
  "method": "regionft_d10",
  "model": "MLP",
  "dataset": "Adult",
  "protected": "age",
  "runtime": 7200,
  "no_disc": 3194099,
  "no_test": 7172314,
  "prec": 0.44533730676041233,
  "cpu_time": 529.839534718,
  "real_time": 529.8876068592072,
  "partition": {
    "cpu_time": 199.06680944800007,
    "real_time": 199.1026816368103,
    "no_test": 2172314,
    "no_disc": 647224,
    "n_regions": 1014
  },
  "generation": {
    "cpu_time": 330.7727252699999,
    "real_time": 330.78492522239685,
    "no_test": 5000000,
    "no_disc": 2546875
  },
  "config": {
    "max_depth": 10,
    "min_samples_per_region": 1000,
    "max_samples_per_region": 3000,
    "min_gain": 0.0,
    "gini_weight_mode": "sample",
    "max_split_ratio": 1.0,
    "sampling_risk_focus_alpha": 1.0,
    "sampling_risk_floor": 1e-05,
    "batch_size": 512,
    "disc_phase": "generation",
    "sample_draws": 5000000,
    "random_seed": 2
  }
}