{
  "label": "regionft_d10-DecTree-Lsac-race-d5000000",
  "repeat": 4,
  "method": "regionft_d10",
  "model": "DecTree",
  "dataset": "Lsac",
  "protected": "race",
  "runtime": 7200,
  "no_disc": 3987394,
  "no_test": 5836139,
  "prec": 0.6832246456090234,
  "cpu_time": 156.69739409299996,
  "real_time": 156.70553159713745,
  "partition": {
    "cpu_time": 54.23151703399981,
    "real_time": 54.23891639709473,
    "no_test": 836139,
    "no_disc": 119453,
    "n_regions": 378
  },
  "generation": {
    "cpu_time": 102.46587705900015,
    "real_time": 102.46661520004272,
    "no_test": 5000000,
    "no_disc": 3867941
  },
  "config": {
    "max_depth": 10,
    "min_samples_per_region": 1000,
    "max_samples_per_region": 3000,
    "min_gain": 0.0,
    "gini_weight_mode": "sample",
    "max_split_ratio": 1.0,
    "sampling_risk_focus_alpha": 1.0,
    "sampling_risk_floor": 1e-05,
    "batch_size": 512,
    "disc_phase": "generation",
    "sample_draws": 5000000,
    "random_seed": 4
  }
}