{
  "label": "regionft_d10-LogReg-Adult-age-d5000000",
  "repeat": 1,
  "method": "regionft_d10",
  "model": "LogReg",
  "dataset": "Adult",
  "protected": "age",
  "runtime": 7200,
  "no_disc": 3189085,
  "no_test": 6834282,
  "prec": 0.4666305838711367,
  "cpu_time": 352.0770685719999,
  "real_time": 352.0864932537079,
  "partition": {
    "cpu_time": 129.02484604799997,
    "real_time": 129.03334951400757,
    "no_test": 1834282,
    "no_disc": 534560,
    "n_regions": 882
  },
  "generation": {
    "cpu_time": 223.05222252399994,
    "real_time": 223.05314373970032,
    "no_test": 5000000,
    "no_disc": 2654525
  },
  "config": {
    "max_depth": 10,
    "min_samples_per_region": 1000,
    "max_samples_per_region": 3000,
    "min_gain": 0.0,
    "gini_weight_mode": "sample",
    "max_split_ratio": 1.0,
    "sampling_risk_focus_alpha": 1.0,
    "sampling_risk_floor": 1e-05,
    "batch_size": 512,
    "disc_phase": "generation",
    "sample_draws": 5000000,
    "random_seed": 1
  }
}