{
  "label": "regionft_d10-LogReg-Adult-age-d5000000",
  "repeat": 2,
  "method": "regionft_d10",
  "model": "LogReg",
  "dataset": "Adult",
  "protected": "age",
  "runtime": 7200,
  "no_disc": 3094826,
  "no_test": 7011379,
  "prec": 0.4414004720041521,
  "cpu_time": 382.926156546,
  "real_time": 382.9326100349426,
  "partition": {
    "cpu_time": 146.65216778799993,
    "real_time": 146.65882802009583,
    "no_test": 2011379,
    "no_disc": 553624,
    "n_regions": 967
  },
  "generation": {
    "cpu_time": 236.2739887580001,
    "real_time": 236.2737820148468,
    "no_test": 5000000,
    "no_disc": 2541202
  },
  "config": {
    "max_depth": 10,
    "min_samples_per_region": 1000,
    "max_samples_per_region": 3000,
    "min_gain": 0.0,
    "gini_weight_mode": "sample",
    "max_split_ratio": 1.0,
    "sampling_risk_focus_alpha": 1.0,
    "sampling_risk_floor": 1e-05,
    "batch_size": 512,
    "disc_phase": "generation",
    "sample_draws": 5000000,
    "random_seed": 2
  }
}