{
  "label": "regionft_d10-DecTree-Bank-age-d5000000",
  "repeat": 3,
  "method": "regionft_d10",
  "model": "DecTree",
  "dataset": "Bank",
  "protected": "age",
  "runtime": 7200,
  "no_disc": 3949897,
  "no_test": 6297890,
  "prec": 0.6271778325756722,
  "cpu_time": 343.71716932000004,
  "real_time": 343.72978591918945,
  "partition": {
    "cpu_time": 109.97729056399999,
    "real_time": 109.98401832580566,
    "no_test": 1297890,
    "no_disc": 357783,
    "n_regions": 587
  },
  "generation": {
    "cpu_time": 233.73987875600005,
    "real_time": 233.7457675933838,
    "no_test": 5000000,
    "no_disc": 3592114
  },
  "config": {
    "max_depth": 10,
    "min_samples_per_region": 1000,
    "max_samples_per_region": 3000,
    "min_gain": 0.0,
    "gini_weight_mode": "sample",
    "max_split_ratio": 1.0,
    "sampling_risk_focus_alpha": 1.0,
    "sampling_risk_floor": 1e-05,
    "batch_size": 512,
    "disc_phase": "generation",
    "sample_draws": 5000000,
    "random_seed": 3
  }
}