{
  "label": "regionft_d10-LogReg-Credit-sex-d5000000",
  "repeat": 3,
  "method": "regionft_d10",
  "model": "LogReg",
  "dataset": "Credit",
  "protected": "sex",
  "runtime": 7200,
  "no_disc": 594320,
  "no_test": 7144930,
  "prec": 0.08318066097218588,
  "cpu_time": 172.64399940199996,
  "real_time": 172.65264678001404,
  "partition": {
    "cpu_time": 95.15242949200001,
    "real_time": 95.15923261642456,
    "no_test": 2144930,
    "no_disc": 128348,
    "n_regions": 994
  },
  "generation": {
    "cpu_time": 77.49156990999995,
    "real_time": 77.49341416358948,
    "no_test": 5000000,
    "no_disc": 465972
  },
  "config": {
    "max_depth": 10,
    "min_samples_per_region": 1000,
    "max_samples_per_region": 3000,
    "min_gain": 0.0,
    "gini_weight_mode": "sample",
    "max_split_ratio": 1.0,
    "sampling_risk_focus_alpha": 1.0,
    "sampling_risk_floor": 1e-05,
    "batch_size": 512,
    "disc_phase": "generation",
    "sample_draws": 5000000,
    "random_seed": 3
  }
}