{
  "label": "regionft_d10-GBDT-Lsac-sex-d5000000",
  "repeat": 0,
  "method": "regionft_d10",
  "model": "GBDT",
  "dataset": "Lsac",
  "protected": "sex",
  "runtime": 7200,
  "no_disc": 423868,
  "no_test": 6972176,
  "prec": 0.06079421976725774,
  "cpu_time": 200.07146199599993,
  "real_time": 200.08780527114868,
  "partition": {
    "cpu_time": 113.64198982599987,
    "real_time": 113.65795373916626,
    "no_test": 1972176,
    "no_disc": 104419,
    "n_regions": 945
  },
  "generation": {
    "cpu_time": 86.42947217000005,
    "real_time": 86.42985153198242,
    "no_test": 5000000,
    "no_disc": 319449
  },
  "config": {
    "max_depth": 10,
    "min_samples_per_region": 1000,
    "max_samples_per_region": 3000,
    "min_gain": 0.0,
    "gini_weight_mode": "sample",
    "max_split_ratio": 1.0,
    "sampling_risk_focus_alpha": 1.0,
    "sampling_risk_floor": 1e-05,
    "batch_size": 512,
    "disc_phase": "generation",
    "sample_draws": 5000000,
    "random_seed": 0
  }
}