{
  "label": "regionft_d10-DecTree-Adult-age-d5000000",
  "repeat": 1,
  "method": "regionft_d10",
  "model": "DecTree",
  "dataset": "Adult",
  "protected": "age",
  "runtime": 7200,
  "no_disc": 5059941,
  "no_test": 5329014,
  "prec": 0.9495079202268938,
  "cpu_time": 277.47862783799997,
  "real_time": 277.4901795387268,
  "partition": {
    "cpu_time": 26.820882381000047,
    "real_time": 26.825259685516357,
    "no_test": 329014,
    "no_disc": 132942,
    "n_regions": 147
  },
  "generation": {
    "cpu_time": 250.65774545699992,
    "real_time": 250.66491985321045,
    "no_test": 5000000,
    "no_disc": 4926999
  },
  "config": {
    "max_depth": 10,
    "min_samples_per_region": 1000,
    "max_samples_per_region": 3000,
    "min_gain": 0.0,
    "gini_weight_mode": "sample",
    "max_split_ratio": 1.0,
    "sampling_risk_focus_alpha": 1.0,
    "sampling_risk_floor": 1e-05,
    "batch_size": 512,
    "disc_phase": "generation",
    "sample_draws": 5000000,
    "random_seed": 1
  }
}