{
  "label": "regionft_d10-LogReg-Adult-age-d5000000",
  "repeat": 4,
  "method": "regionft_d10",
  "model": "LogReg",
  "dataset": "Adult",
  "protected": "age",
  "runtime": 7200,
  "no_disc": 3220302,
  "no_test": 6705017,
  "prec": 0.4802824511854332,
  "cpu_time": 352.742699634,
  "real_time": 352.7496144771576,
  "partition": {
    "cpu_time": 124.42935187500007,
    "real_time": 124.43609189987183,
    "no_test": 1705017,
    "no_disc": 484435,
    "n_regions": 817
  },
  "generation": {
    "cpu_time": 228.31334775899995,
    "real_time": 228.31352257728577,
    "no_test": 5000000,
    "no_disc": 2735867
  },
  "config": {
    "max_depth": 10,
    "min_samples_per_region": 1000,
    "max_samples_per_region": 3000,
    "min_gain": 0.0,
    "gini_weight_mode": "sample",
    "max_split_ratio": 1.0,
    "sampling_risk_focus_alpha": 1.0,
    "sampling_risk_floor": 1e-05,
    "batch_size": 512,
    "disc_phase": "generation",
    "sample_draws": 5000000,
    "random_seed": 4
  }
}