{
  "label": "regionft_d10-LogReg-Bank-age-d5000000",
  "repeat": 3,
  "method": "regionft_d10",
  "model": "LogReg",
  "dataset": "Bank",
  "protected": "age",
  "runtime": 7200,
  "no_disc": 602281,
  "no_test": 6819030,
  "prec": 0.08832355921590021,
  "cpu_time": 360.6906054570004,
  "real_time": 360.6937644481659,
  "partition": {
    "cpu_time": 142.11668280599997,
    "real_time": 142.11853551864624,
    "no_test": 1819030,
    "no_disc": 103418,
    "n_regions": 865
  },
  "generation": {
    "cpu_time": 218.57392265100043,
    "real_time": 218.57522892951965,
    "no_test": 5000000,
    "no_disc": 498863
  },
  "config": {
    "max_depth": 10,
    "min_samples_per_region": 1000,
    "max_samples_per_region": 3000,
    "min_gain": 0.0,
    "gini_weight_mode": "sample",
    "max_split_ratio": 1.0,
    "sampling_risk_focus_alpha": 1.0,
    "sampling_risk_floor": 1e-05,
    "batch_size": 512,
    "disc_phase": "generation",
    "sample_draws": 5000000,
    "random_seed": 3
  }
}