{
  "label": "regionft_d10-MLP-Lsac-sex-d5000000",
  "repeat": 4,
  "method": "regionft_d10",
  "model": "MLP",
  "dataset": "Lsac",
  "protected": "sex",
  "runtime": 7200,
  "no_disc": 206277,
  "no_test": 7116821,
  "prec": 0.028984429986366102,
  "cpu_time": 190.486579397,
  "real_time": 190.4910295009613,
  "partition": {
    "cpu_time": 115.8839547560001,
    "real_time": 115.88757085800171,
    "no_test": 2116821,
    "no_disc": 56363,
    "n_regions": 993
  },
  "generation": {
    "cpu_time": 74.60262464099992,
    "real_time": 74.6034586429596,
    "no_test": 5000000,
    "no_disc": 149914
  },
  "config": {
    "max_depth": 10,
    "min_samples_per_region": 1000,
    "max_samples_per_region": 3000,
    "min_gain": 0.0,
    "gini_weight_mode": "sample",
    "max_split_ratio": 1.0,
    "sampling_risk_focus_alpha": 1.0,
    "sampling_risk_floor": 1e-05,
    "batch_size": 512,
    "disc_phase": "generation",
    "sample_draws": 5000000,
    "random_seed": 4
  }
}