{
  "label": "regionft_d10-DecTree-Bank-age-d5000000",
  "repeat": 1,
  "method": "regionft_d10",
  "model": "DecTree",
  "dataset": "Bank",
  "protected": "age",
  "runtime": 7200,
  "no_disc": 3828393,
  "no_test": 6274598,
  "prec": 0.6101415580727243,
  "cpu_time": 353.11120744900006,
  "real_time": 353.13040924072266,
  "partition": {
    "cpu_time": 109.60233545200003,
    "real_time": 109.62020111083984,
    "no_test": 1274598,
    "no_disc": 340635,
    "n_regions": 578
  },
  "generation": {
    "cpu_time": 243.50887199700003,
    "real_time": 243.5102081298828,
    "no_test": 5000000,
    "no_disc": 3487758
  },
  "config": {
    "max_depth": 10,
    "min_samples_per_region": 1000,
    "max_samples_per_region": 3000,
    "min_gain": 0.0,
    "gini_weight_mode": "sample",
    "max_split_ratio": 1.0,
    "sampling_risk_focus_alpha": 1.0,
    "sampling_risk_floor": 1e-05,
    "batch_size": 512,
    "disc_phase": "generation",
    "sample_draws": 5000000,
    "random_seed": 1
  }
}