{
  "label": "regionft_d10-DecTree-Lsac-sex-d5000000",
  "repeat": 2,
  "method": "regionft_d10",
  "model": "DecTree",
  "dataset": "Lsac",
  "protected": "sex",
  "runtime": 7200,
  "no_disc": 4397376,
  "no_test": 6316054,
  "prec": 0.6962220399002288,
  "cpu_time": 167.464158806,
  "real_time": 167.47427082061768,
  "partition": {
    "cpu_time": 83.63435438299996,
    "real_time": 83.64271426200867,
    "no_test": 1316054,
    "no_disc": 177803,
    "n_regions": 609
  },
  "generation": {
    "cpu_time": 83.82980442300004,
    "real_time": 83.83155655860901,
    "no_test": 5000000,
    "no_disc": 4219573
  },
  "config": {
    "max_depth": 10,
    "min_samples_per_region": 1000,
    "max_samples_per_region": 3000,
    "min_gain": 0.0,
    "gini_weight_mode": "sample",
    "max_split_ratio": 1.0,
    "sampling_risk_focus_alpha": 1.0,
    "sampling_risk_floor": 1e-05,
    "batch_size": 512,
    "disc_phase": "generation",
    "sample_draws": 5000000,
    "random_seed": 2
  }
}