{
  "label": "regionft_d10-DecTree-Lsac-sex-d5000000",
  "repeat": 3,
  "method": "regionft_d10",
  "model": "DecTree",
  "dataset": "Lsac",
  "protected": "sex",
  "runtime": 7200,
  "no_disc": 4139847,
  "no_test": 6136775,
  "prec": 0.6745965103820818,
  "cpu_time": 154.97885188099985,
  "real_time": 154.98848152160645,
  "partition": {
    "cpu_time": 71.5648278839999,
    "real_time": 71.57389807701111,
    "no_test": 1136775,
    "no_disc": 146286,
    "n_regions": 527
  },
  "generation": {
    "cpu_time": 83.41402399699996,
    "real_time": 83.41458344459534,
    "no_test": 5000000,
    "no_disc": 3993561
  },
  "config": {
    "max_depth": 10,
    "min_samples_per_region": 1000,
    "max_samples_per_region": 3000,
    "min_gain": 0.0,
    "gini_weight_mode": "sample",
    "max_split_ratio": 1.0,
    "sampling_risk_focus_alpha": 1.0,
    "sampling_risk_floor": 1e-05,
    "batch_size": 512,
    "disc_phase": "generation",
    "sample_draws": 5000000,
    "random_seed": 3
  }
}