{
  "label": "regionft_d10-MLP-Lsac-race-d5000000",
  "repeat": 1,
  "method": "regionft_d10",
  "model": "MLP",
  "dataset": "Lsac",
  "protected": "race",
  "runtime": 7200,
  "no_disc": 605032,
  "no_test": 7126144,
  "prec": 0.08490313976254199,
  "cpu_time": 217.06509675799998,
  "real_time": 217.0679018497467,
  "partition": {
    "cpu_time": 123.09526349099997,
    "real_time": 123.09782338142395,
    "no_test": 2126144,
    "no_disc": 130797,
    "n_regions": 989
  },
  "generation": {
    "cpu_time": 93.96983326700001,
    "real_time": 93.97007846832275,
    "no_test": 5000000,
    "no_disc": 474235
  },
  "config": {
    "max_depth": 10,
    "min_samples_per_region": 1000,
    "max_samples_per_region": 3000,
    "min_gain": 0.0,
    "gini_weight_mode": "sample",
    "max_split_ratio": 1.0,
    "sampling_risk_focus_alpha": 1.0,
    "sampling_risk_floor": 1e-05,
    "batch_size": 512,
    "disc_phase": "generation",
    "sample_draws": 5000000,
    "random_seed": 1
  }
}