{
  "label": "regionft_d10-MLP-Adult-age-d5000000",
  "repeat": 3,
  "method": "regionft_d10",
  "model": "MLP",
  "dataset": "Adult",
  "protected": "age",
  "runtime": 7200,
  "no_disc": 3168227,
  "no_test": 7188404,
  "prec": 0.44074136623372867,
  "cpu_time": 518.017540687,
  "real_time": 518.0233283042908,
  "partition": {
    "cpu_time": 194.927446054,
    "real_time": 194.92923498153687,
    "no_test": 2188404,
    "no_disc": 614532,
    "n_regions": 1021
  },
  "generation": {
    "cpu_time": 323.0900946329999,
    "real_time": 323.0940933227539,
    "no_test": 5000000,
    "no_disc": 2553695
  },
  "config": {
    "max_depth": 10,
    "min_samples_per_region": 1000,
    "max_samples_per_region": 3000,
    "min_gain": 0.0,
    "gini_weight_mode": "sample",
    "max_split_ratio": 1.0,
    "sampling_risk_focus_alpha": 1.0,
    "sampling_risk_floor": 1e-05,
    "batch_size": 512,
    "disc_phase": "generation",
    "sample_draws": 5000000,
    "random_seed": 3
  }
}