{
  "label": "regionft_d10-DecTree-Bank-age-d5000000",
  "repeat": 0,
  "method": "regionft_d10",
  "model": "DecTree",
  "dataset": "Bank",
  "protected": "age",
  "runtime": 7200,
  "no_disc": 3917921,
  "no_test": 6413813,
  "prec": 0.6108567555680217,
  "cpu_time": 359.629681805,
  "real_time": 359.6340546607971,
  "partition": {
    "cpu_time": 121.90467845100011,
    "real_time": 121.90691018104553,
    "no_test": 1413813,
    "no_disc": 381854,
    "n_regions": 643
  },
  "generation": {
    "cpu_time": 237.7250033539999,
    "real_time": 237.7271444797516,
    "no_test": 5000000,
    "no_disc": 3536067
  },
  "config": {
    "max_depth": 10,
    "min_samples_per_region": 1000,
    "max_samples_per_region": 3000,
    "min_gain": 0.0,
    "gini_weight_mode": "sample",
    "max_split_ratio": 1.0,
    "sampling_risk_focus_alpha": 1.0,
    "sampling_risk_floor": 1e-05,
    "batch_size": 512,
    "disc_phase": "generation",
    "sample_draws": 5000000,
    "random_seed": 0
  }
}