{
  "label": "regionft_d10-LogReg-Lsac-sex-d5000000",
  "repeat": 2,
  "method": "regionft_d10",
  "model": "LogReg",
  "dataset": "Lsac",
  "protected": "sex",
  "runtime": 7200,
  "no_disc": 265109,
  "no_test": 6946868,
  "prec": 0.03816237763550423,
  "cpu_time": 171.095061966,
  "real_time": 171.10170769691467,
  "partition": {
    "cpu_time": 103.88525293099997,
    "real_time": 103.89156651496887,
    "no_test": 1946868,
    "no_disc": 66163,
    "n_regions": 923
  },
  "generation": {
    "cpu_time": 67.20980903500003,
    "real_time": 67.2101411819458,
    "no_test": 5000000,
    "no_disc": 198946
  },
  "config": {
    "max_depth": 10,
    "min_samples_per_region": 1000,
    "max_samples_per_region": 3000,
    "min_gain": 0.0,
    "gini_weight_mode": "sample",
    "max_split_ratio": 1.0,
    "sampling_risk_focus_alpha": 1.0,
    "sampling_risk_floor": 1e-05,
    "batch_size": 512,
    "disc_phase": "generation",
    "sample_draws": 5000000,
    "random_seed": 2
  }
}