{
  "label": "regionft_d10-DecTree-Adult-sex-d5000000",
  "repeat": 3,
  "method": "regionft_d10",
  "model": "DecTree",
  "dataset": "Adult",
  "protected": "sex",
  "runtime": 7200,
  "no_disc": 2761046,
  "no_test": 5429334,
  "prec": 0.5085423000316429,
  "cpu_time": 106.13651200999999,
  "real_time": 106.14223432540894,
  "partition": {
    "cpu_time": 19.724948198999982,
    "real_time": 19.73011350631714,
    "no_test": 429334,
    "no_disc": 63390,
    "n_regions": 205
  },
  "generation": {
    "cpu_time": 86.41156381100001,
    "real_time": 86.4121208190918,
    "no_test": 5000000,
    "no_disc": 2697656
  },
  "config": {
    "max_depth": 10,
    "min_samples_per_region": 1000,
    "max_samples_per_region": 3000,
    "min_gain": 0.0,
    "gini_weight_mode": "sample",
    "max_split_ratio": 1.0,
    "sampling_risk_focus_alpha": 1.0,
    "sampling_risk_floor": 1e-05,
    "batch_size": 512,
    "disc_phase": "generation",
    "sample_draws": 5000000,
    "random_seed": 3
  }
}