{
  "label": "regionft_d10-LogReg-Adult-race-d5000000",
  "repeat": 3,
  "method": "regionft_d10",
  "model": "LogReg",
  "dataset": "Adult",
  "protected": "race",
  "runtime": 7200,
  "no_disc": 491664,
  "no_test": 6567836,
  "prec": 0.07485936006928309,
  "cpu_time": 209.20429854400004,
  "real_time": 209.20765686035156,
  "partition": {
    "cpu_time": 84.33448433199987,
    "real_time": 84.33731508255005,
    "no_test": 1567836,
    "no_disc": 93802,
    "n_regions": 755
  },
  "generation": {
    "cpu_time": 124.86981421200016,
    "real_time": 124.87034177780151,
    "no_test": 5000000,
    "no_disc": 397862
  },
  "config": {
    "max_depth": 10,
    "min_samples_per_region": 1000,
    "max_samples_per_region": 3000,
    "min_gain": 0.0,
    "gini_weight_mode": "sample",
    "max_split_ratio": 1.0,
    "sampling_risk_focus_alpha": 1.0,
    "sampling_risk_floor": 1e-05,
    "batch_size": 512,
    "disc_phase": "generation",
    "sample_draws": 5000000,
    "random_seed": 3
  }
}