{
  "label": "regionft_d10-GBDT-Bank-age-d5000000",
  "repeat": 4,
  "method": "regionft_d10",
  "model": "GBDT",
  "dataset": "Bank",
  "protected": "age",
  "runtime": 7200,
  "no_disc": 3285302,
  "no_test": 6893761,
  "prec": 0.4765616330476209,
  "cpu_time": 459.948229971,
  "real_time": 459.96248865127563,
  "partition": {
    "cpu_time": 185.36720098400002,
    "real_time": 185.3819191455841,
    "no_test": 1893761,
    "no_disc": 496112,
    "n_regions": 878
  },
  "generation": {
    "cpu_time": 274.58102898699997,
    "real_time": 274.5805695056915,
    "no_test": 5000000,
    "no_disc": 2789190
  },
  "config": {
    "max_depth": 10,
    "min_samples_per_region": 1000,
    "max_samples_per_region": 3000,
    "min_gain": 0.0,
    "gini_weight_mode": "sample",
    "max_split_ratio": 1.0,
    "sampling_risk_focus_alpha": 1.0,
    "sampling_risk_floor": 1e-05,
    "batch_size": 512,
    "disc_phase": "generation",
    "sample_draws": 5000000,
    "random_seed": 4
  }
}