{
  "label": "regionft_d10-LogReg-Adult-sex-d5000000",
  "repeat": 3,
  "method": "regionft_d10",
  "model": "LogReg",
  "dataset": "Adult",
  "protected": "sex",
  "runtime": 7200,
  "no_disc": 439686,
  "no_test": 6585514,
  "prec": 0.06676563135390799,
  "cpu_time": 135.13821416200005,
  "real_time": 135.14189219474792,
  "partition": {
    "cpu_time": 66.91038499000001,
    "real_time": 66.91397476196289,
    "no_test": 1585514,
    "no_disc": 89421,
    "n_regions": 767
  },
  "generation": {
    "cpu_time": 68.22782917200004,
    "real_time": 68.22791743278503,
    "no_test": 5000000,
    "no_disc": 350265
  },
  "config": {
    "max_depth": 10,
    "min_samples_per_region": 1000,
    "max_samples_per_region": 3000,
    "min_gain": 0.0,
    "gini_weight_mode": "sample",
    "max_split_ratio": 1.0,
    "sampling_risk_focus_alpha": 1.0,
    "sampling_risk_floor": 1e-05,
    "batch_size": 512,
    "disc_phase": "generation",
    "sample_draws": 5000000,
    "random_seed": 3
  }
}