{
  "label": "regionft_d10-GBDT-Bank-age-d5000000",
  "repeat": 0,
  "method": "regionft_d10",
  "model": "GBDT",
  "dataset": "Bank",
  "protected": "age",
  "runtime": 7200,
  "no_disc": 3179393,
  "no_test": 6875939,
  "prec": 0.46239400902189504,
  "cpu_time": 443.273175964,
  "real_time": 443.2843105792999,
  "partition": {
    "cpu_time": 172.65648139900003,
    "real_time": 172.66480422019958,
    "no_test": 1875939,
    "no_disc": 444926,
    "n_regions": 869
  },
  "generation": {
    "cpu_time": 270.616694565,
    "real_time": 270.61950635910034,
    "no_test": 5000000,
    "no_disc": 2734467
  },
  "config": {
    "max_depth": 10,
    "min_samples_per_region": 1000,
    "max_samples_per_region": 3000,
    "min_gain": 0.0,
    "gini_weight_mode": "sample",
    "max_split_ratio": 1.0,
    "sampling_risk_focus_alpha": 1.0,
    "sampling_risk_floor": 1e-05,
    "batch_size": 512,
    "disc_phase": "generation",
    "sample_draws": 5000000,
    "random_seed": 0
  }
}