{
  "label": "regionft_d10-MLP-Credit-sex-d5000000",
  "repeat": 1,
  "method": "regionft_d10",
  "model": "MLP",
  "dataset": "Credit",
  "protected": "sex",
  "runtime": 7200,
  "no_disc": 662371,
  "no_test": 6883365,
  "prec": 0.09622778975108831,
  "cpu_time": 166.73427362400002,
  "real_time": 166.73601078987122,
  "partition": {
    "cpu_time": 84.42429471300011,
    "real_time": 84.42570233345032,
    "no_test": 1883365,
    "no_disc": 129926,
    "n_regions": 878
  },
  "generation": {
    "cpu_time": 82.30997891099992,
    "real_time": 82.3103084564209,
    "no_test": 5000000,
    "no_disc": 532445
  },
  "config": {
    "max_depth": 10,
    "min_samples_per_region": 1000,
    "max_samples_per_region": 3000,
    "min_gain": 0.0,
    "gini_weight_mode": "sample",
    "max_split_ratio": 1.0,
    "sampling_risk_focus_alpha": 1.0,
    "sampling_risk_floor": 1e-05,
    "batch_size": 512,
    "disc_phase": "generation",
    "sample_draws": 5000000,
    "random_seed": 1
  }
}