{
  "label": "regionft_d10-MLP-Credit-age-d5000000",
  "repeat": 1,
  "method": "regionft_d10",
  "model": "MLP",
  "dataset": "Credit",
  "protected": "age",
  "runtime": 7200,
  "no_disc": 1505141,
  "no_test": 7188637,
  "prec": 0.20937779999184825,
  "cpu_time": 360.582928735,
  "real_time": 360.59281039237976,
  "partition": {
    "cpu_time": 147.51378776600018,
    "real_time": 147.52177739143372,
    "no_test": 2188637,
    "no_disc": 246103,
    "n_regions": 1018
  },
  "generation": {
    "cpu_time": 213.06914096899982,
    "real_time": 213.07103300094604,
    "no_test": 5000000,
    "no_disc": 1259038
  },
  "config": {
    "max_depth": 10,
    "min_samples_per_region": 1000,
    "max_samples_per_region": 3000,
    "min_gain": 0.0,
    "gini_weight_mode": "sample",
    "max_split_ratio": 1.0,
    "sampling_risk_focus_alpha": 1.0,
    "sampling_risk_floor": 1e-05,
    "batch_size": 512,
    "disc_phase": "generation",
    "sample_draws": 5000000,
    "random_seed": 1
  }
}