{
  "label": "regionft_d10-GBDT-Adult-age-d5000000",
  "repeat": 0,
  "method": "regionft_d10",
  "model": "GBDT",
  "dataset": "Adult",
  "protected": "age",
  "runtime": 7200,
  "no_disc": 4386425,
  "no_test": 7037248,
  "prec": 0.6233153926080195,
  "cpu_time": 463.25975330999995,
  "real_time": 463.2761149406433,
  "partition": {
    "cpu_time": 183.33227458599998,
    "real_time": 183.3478662967682,
    "no_test": 2037248,
    "no_disc": 693129,
    "n_regions": 958
  },
  "generation": {
    "cpu_time": 279.92747872399997,
    "real_time": 279.9282486438751,
    "no_test": 5000000,
    "no_disc": 3693296
  },
  "config": {
    "max_depth": 10,
    "min_samples_per_region": 1000,
    "max_samples_per_region": 3000,
    "min_gain": 0.0,
    "gini_weight_mode": "sample",
    "max_split_ratio": 1.0,
    "sampling_risk_focus_alpha": 1.0,
    "sampling_risk_floor": 1e-05,
    "batch_size": 512,
    "disc_phase": "generation",
    "sample_draws": 5000000,
    "random_seed": 0
  }
}