{
  "label": "regionft_d10-DecTree-Adult-sex-d5000000",
  "repeat": 2,
  "method": "regionft_d10",
  "model": "DecTree",
  "dataset": "Adult",
  "protected": "sex",
  "runtime": 7200,
  "no_disc": 2939879,
  "no_test": 5437127,
  "prec": 0.5407044933840979,
  "cpu_time": 109.95630852599999,
  "real_time": 109.96066927909851,
  "partition": {
    "cpu_time": 21.308727481000005,
    "real_time": 21.31117010116577,
    "no_test": 437127,
    "no_disc": 59659,
    "n_regions": 209
  },
  "generation": {
    "cpu_time": 88.64758104499998,
    "real_time": 88.64949917793274,
    "no_test": 5000000,
    "no_disc": 2880220
  },
  "config": {
    "max_depth": 10,
    "min_samples_per_region": 1000,
    "max_samples_per_region": 3000,
    "min_gain": 0.0,
    "gini_weight_mode": "sample",
    "max_split_ratio": 1.0,
    "sampling_risk_focus_alpha": 1.0,
    "sampling_risk_floor": 1e-05,
    "batch_size": 512,
    "disc_phase": "generation",
    "sample_draws": 5000000,
    "random_seed": 2
  }
}