{
  "label": "regionft_d10-GBDT-Adult-sex-d5000000",
  "repeat": 1,
  "method": "regionft_d10",
  "model": "GBDT",
  "dataset": "Adult",
  "protected": "sex",
  "runtime": 7200,
  "no_disc": 932168,
  "no_test": 6718277,
  "prec": 0.1387510517949766,
  "cpu_time": 181.26005336099996,
  "real_time": 181.26605081558228,
  "partition": {
    "cpu_time": 91.194083288,
    "real_time": 91.19833087921143,
    "no_test": 1718277,
    "no_disc": 146248,
    "n_regions": 825
  },
  "generation": {
    "cpu_time": 90.06597007299996,
    "real_time": 90.06771993637085,
    "no_test": 5000000,
    "no_disc": 785920
  },
  "config": {
    "max_depth": 10,
    "min_samples_per_region": 1000,
    "max_samples_per_region": 3000,
    "min_gain": 0.0,
    "gini_weight_mode": "sample",
    "max_split_ratio": 1.0,
    "sampling_risk_focus_alpha": 1.0,
    "sampling_risk_floor": 1e-05,
    "batch_size": 512,
    "disc_phase": "generation",
    "sample_draws": 5000000,
    "random_seed": 1
  }
}