{
  "label": "regionft_d10-MLP-Lsac-race-d5000000",
  "repeat": 3,
  "method": "regionft_d10",
  "model": "MLP",
  "dataset": "Lsac",
  "protected": "race",
  "runtime": 7200,
  "no_disc": 622852,
  "no_test": 7176170,
  "prec": 0.08679448786748363,
  "cpu_time": 216.98762141099996,
  "real_time": 216.9957778453827,
  "partition": {
    "cpu_time": 125.39025262199993,
    "real_time": 125.3970239162445,
    "no_test": 2176170,
    "no_disc": 148442,
    "n_regions": 1014
  },
  "generation": {
    "cpu_time": 91.59736878900003,
    "real_time": 91.59875392913818,
    "no_test": 5000000,
    "no_disc": 474410
  },
  "config": {
    "max_depth": 10,
    "min_samples_per_region": 1000,
    "max_samples_per_region": 3000,
    "min_gain": 0.0,
    "gini_weight_mode": "sample",
    "max_split_ratio": 1.0,
    "sampling_risk_focus_alpha": 1.0,
    "sampling_risk_floor": 1e-05,
    "batch_size": 512,
    "disc_phase": "generation",
    "sample_draws": 5000000,
    "random_seed": 3
  }
}