{
  "label": "regionft_d10-DecTree-Adult-sex-d5000000",
  "repeat": 0,
  "method": "regionft_d10",
  "model": "DecTree",
  "dataset": "Adult",
  "protected": "sex",
  "runtime": 7200,
  "no_disc": 3017947,
  "no_test": 5792915,
  "prec": 0.5209720840026135,
  "cpu_time": 126.93302157699998,
  "real_time": 126.93927025794983,
  "partition": {
    "cpu_time": 39.02032249000001,
    "real_time": 39.02416253089905,
    "no_test": 792915,
    "no_disc": 123946,
    "n_regions": 383
  },
  "generation": {
    "cpu_time": 87.91269908699996,
    "real_time": 87.91510772705078,
    "no_test": 5000000,
    "no_disc": 2894001
  },
  "config": {
    "max_depth": 10,
    "min_samples_per_region": 1000,
    "max_samples_per_region": 3000,
    "min_gain": 0.0,
    "gini_weight_mode": "sample",
    "max_split_ratio": 1.0,
    "sampling_risk_focus_alpha": 1.0,
    "sampling_risk_floor": 1e-05,
    "batch_size": 512,
    "disc_phase": "generation",
    "sample_draws": 5000000,
    "random_seed": 0
  }
}