{
  "label": "regionft_d10-LogReg-Adult-race-d5000000",
  "repeat": 2,
  "method": "regionft_d10",
  "model": "LogReg",
  "dataset": "Adult",
  "protected": "race",
  "runtime": 7200,
  "no_disc": 387733,
  "no_test": 6035149,
  "prec": 0.06424580403897236,
  "cpu_time": 180.64790861699998,
  "real_time": 180.64913153648376,
  "partition": {
    "cpu_time": 57.25409142399997,
    "real_time": 57.25468111038208,
    "no_test": 1035149,
    "no_disc": 63192,
    "n_regions": 495
  },
  "generation": {
    "cpu_time": 123.39381719300002,
    "real_time": 123.39445042610168,
    "no_test": 5000000,
    "no_disc": 324541
  },
  "config": {
    "max_depth": 10,
    "min_samples_per_region": 1000,
    "max_samples_per_region": 3000,
    "min_gain": 0.0,
    "gini_weight_mode": "sample",
    "max_split_ratio": 1.0,
    "sampling_risk_focus_alpha": 1.0,
    "sampling_risk_floor": 1e-05,
    "batch_size": 512,
    "disc_phase": "generation",
    "sample_draws": 5000000,
    "random_seed": 2
  }
}