{
  "label": "regionft_d10-LogReg-Bank-age-d5000000",
  "repeat": 4,
  "method": "regionft_d10",
  "model": "LogReg",
  "dataset": "Bank",
  "protected": "age",
  "runtime": 7200,
  "no_disc": 646034,
  "no_test": 6696641,
  "prec": 0.09647135033817701,
  "cpu_time": 354.8314307659998,
  "real_time": 354.8365988731384,
  "partition": {
    "cpu_time": 131.77784874600002,
    "real_time": 131.78138399124146,
    "no_test": 1696641,
    "no_disc": 108061,
    "n_regions": 805
  },
  "generation": {
    "cpu_time": 223.0535820199998,
    "real_time": 223.05521488189697,
    "no_test": 5000000,
    "no_disc": 537973
  },
  "config": {
    "max_depth": 10,
    "min_samples_per_region": 1000,
    "max_samples_per_region": 3000,
    "min_gain": 0.0,
    "gini_weight_mode": "sample",
    "max_split_ratio": 1.0,
    "sampling_risk_focus_alpha": 1.0,
    "sampling_risk_floor": 1e-05,
    "batch_size": 512,
    "disc_phase": "generation",
    "sample_draws": 5000000,
    "random_seed": 4
  }
}