{
  "label": "regionft_d10-MLP-Adult-race-d5000000",
  "repeat": 0,
  "method": "regionft_d10",
  "model": "MLP",
  "dataset": "Adult",
  "protected": "race",
  "runtime": 7200,
  "no_disc": 616392,
  "no_test": 7167016,
  "prec": 0.08600399385183458,
  "cpu_time": 332.8533239079999,
  "real_time": 332.858722448349,
  "partition": {
    "cpu_time": 141.08959307199996,
    "real_time": 141.09182691574097,
    "no_test": 2167016,
    "no_disc": 156124,
    "n_regions": 1020
  },
  "generation": {
    "cpu_time": 191.76373083599992,
    "real_time": 191.76689553260803,
    "no_test": 5000000,
    "no_disc": 460268
  },
  "config": {
    "max_depth": 10,
    "min_samples_per_region": 1000,
    "max_samples_per_region": 3000,
    "min_gain": 0.0,
    "gini_weight_mode": "sample",
    "max_split_ratio": 1.0,
    "sampling_risk_focus_alpha": 1.0,
    "sampling_risk_floor": 1e-05,
    "batch_size": 512,
    "disc_phase": "generation",
    "sample_draws": 5000000,
    "random_seed": 0
  }
}