{
  "label": "regionft_d2-DecTree-Bank-age-d5000000",
  "repeat": 3,
  "method": "regionft_d2",
  "model": "DecTree",
  "dataset": "Bank",
  "protected": "age",
  "runtime": 7200,
  "no_disc": 1683351,
  "no_test": 5015470,
  "prec": 0.33563175534895034,
  "cpu_time": 234.57055753299994,
  "real_time": 234.58010697364807,
  "partition": {
    "cpu_time": 1.2706144029999678,
    "real_time": 1.2709438800811768,
    "no_test": 15470,
    "no_disc": 3217,
    "n_regions": 4
  },
  "generation": {
    "cpu_time": 233.29994312999997,
    "real_time": 233.3091630935669,
    "no_test": 5000000,
    "no_disc": 1680134
  },
  "config": {
    "max_depth": 2,
    "min_samples_per_region": 1000,
    "max_samples_per_region": 3000,
    "min_gain": 0.0,
    "gini_weight_mode": "sample",
    "max_split_ratio": 1.0,
    "sampling_risk_focus_alpha": 1.0,
    "sampling_risk_floor": 1e-05,
    "batch_size": 512,
    "disc_phase": "generation",
    "sample_draws": 5000000,
    "random_seed": 3
  }
}