{
  "label": "regionft_d2-LogReg-Adult-age-d5000000",
  "repeat": 3,
  "method": "regionft_d2",
  "model": "LogReg",
  "dataset": "Adult",
  "protected": "age",
  "runtime": 7200,
  "no_disc": 1372809,
  "no_test": 5014664,
  "prec": 0.27375891983989353,
  "cpu_time": 221.71724244999996,
  "real_time": 221.72831320762634,
  "partition": {
    "cpu_time": 1.0497684790000221,
    "real_time": 1.0499460697174072,
    "no_test": 14664,
    "no_disc": 1362,
    "n_regions": 4
  },
  "generation": {
    "cpu_time": 220.66747397099994,
    "real_time": 220.67836713790894,
    "no_test": 5000000,
    "no_disc": 1371447
  },
  "config": {
    "max_depth": 2,
    "min_samples_per_region": 1000,
    "max_samples_per_region": 3000,
    "min_gain": 0.0,
    "gini_weight_mode": "sample",
    "max_split_ratio": 1.0,
    "sampling_risk_focus_alpha": 1.0,
    "sampling_risk_floor": 1e-05,
    "batch_size": 512,
    "disc_phase": "generation",
    "sample_draws": 5000000,
    "random_seed": 3
  }
}