{
  "label": "regionft_d2-LogReg-Bank-age-d5000000",
  "repeat": 2,
  "method": "regionft_d2",
  "model": "LogReg",
  "dataset": "Bank",
  "protected": "age",
  "runtime": 7200,
  "no_disc": 247959,
  "no_test": 5015359,
  "prec": 0.049439930421730525,
  "cpu_time": 213.11511847299994,
  "real_time": 213.11730432510376,
  "partition": {
    "cpu_time": 1.3569418419999693,
    "real_time": 1.3571116924285889,
    "no_test": 15359,
    "no_disc": 246,
    "n_regions": 4
  },
  "generation": {
    "cpu_time": 211.75817663099997,
    "real_time": 211.76019263267517,
    "no_test": 5000000,
    "no_disc": 247713
  },
  "config": {
    "max_depth": 2,
    "min_samples_per_region": 1000,
    "max_samples_per_region": 3000,
    "min_gain": 0.0,
    "gini_weight_mode": "sample",
    "max_split_ratio": 1.0,
    "sampling_risk_focus_alpha": 1.0,
    "sampling_risk_floor": 1e-05,
    "batch_size": 512,
    "disc_phase": "generation",
    "sample_draws": 5000000,
    "random_seed": 2
  }
}