{
  "label": "regionft_d2-GBDT-Credit-age-d5000000",
  "repeat": 3,
  "method": "regionft_d2",
  "model": "GBDT",
  "dataset": "Credit",
  "protected": "age",
  "runtime": 7200,
  "no_disc": 688179,
  "no_test": 5015489,
  "prec": 0.13721074854316298,
  "cpu_time": 210.99378620000002,
  "real_time": 211.00696086883545,
  "partition": {
    "cpu_time": 1.1556327419999946,
    "real_time": 1.1557741165161133,
    "no_test": 15489,
    "no_disc": 2057,
    "n_regions": 4
  },
  "generation": {
    "cpu_time": 209.83815345800002,
    "real_time": 209.85118675231934,
    "no_test": 5000000,
    "no_disc": 686122
  },
  "config": {
    "max_depth": 2,
    "min_samples_per_region": 1000,
    "max_samples_per_region": 3000,
    "min_gain": 0.0,
    "gini_weight_mode": "sample",
    "max_split_ratio": 1.0,
    "sampling_risk_focus_alpha": 1.0,
    "sampling_risk_floor": 1e-05,
    "batch_size": 512,
    "disc_phase": "generation",
    "sample_draws": 5000000,
    "random_seed": 3
  }
}