{
  "label": "regionft_d2-MLP-Bank-age-d5000000",
  "repeat": 2,
  "method": "regionft_d2",
  "model": "MLP",
  "dataset": "Bank",
  "protected": "age",
  "runtime": 7200,
  "no_disc": 1171591,
  "no_test": 5015689,
  "prec": 0.23358525618314852,
  "cpu_time": 300.02324054099995,
  "real_time": 300.03984475135803,
  "partition": {
    "cpu_time": 1.4841897769999832,
    "real_time": 1.484389066696167,
    "no_test": 15689,
    "no_disc": 2123,
    "n_regions": 4
  },
  "generation": {
    "cpu_time": 298.53905076399997,
    "real_time": 298.55545568466187,
    "no_test": 5000000,
    "no_disc": 1169468
  },
  "config": {
    "max_depth": 2,
    "min_samples_per_region": 1000,
    "max_samples_per_region": 3000,
    "min_gain": 0.0,
    "gini_weight_mode": "sample",
    "max_split_ratio": 1.0,
    "sampling_risk_focus_alpha": 1.0,
    "sampling_risk_floor": 1e-05,
    "batch_size": 512,
    "disc_phase": "generation",
    "sample_draws": 5000000,
    "random_seed": 2
  }
}