{
  "label": "regionft_d2-GBDT-Lsac-race-d5000000",
  "repeat": 0,
  "method": "regionft_d2",
  "model": "GBDT",
  "dataset": "Lsac",
  "protected": "race",
  "runtime": 7200,
  "no_disc": 704669,
  "no_test": 5015391,
  "prec": 0.14050130887103318,
  "cpu_time": 103.3428862180001,
  "real_time": 103.34380292892456,
  "partition": {
    "cpu_time": 1.2512855290001426,
    "real_time": 1.2513008117675781,
    "no_test": 15391,
    "no_disc": 1612,
    "n_regions": 4
  },
  "generation": {
    "cpu_time": 102.09160068899996,
    "real_time": 102.09250211715698,
    "no_test": 5000000,
    "no_disc": 703057
  },
  "config": {
    "max_depth": 2,
    "min_samples_per_region": 1000,
    "max_samples_per_region": 3000,
    "min_gain": 0.0,
    "gini_weight_mode": "sample",
    "max_split_ratio": 1.0,
    "sampling_risk_focus_alpha": 1.0,
    "sampling_risk_floor": 1e-05,
    "batch_size": 512,
    "disc_phase": "generation",
    "sample_draws": 5000000,
    "random_seed": 0
  }
}