{
  "label": "regionft_d8-MLP-Adult-age-d5000000",
  "repeat": 4,
  "method": "regionft_d8",
  "model": "MLP",
  "dataset": "Adult",
  "protected": "age",
  "runtime": 7200,
  "no_disc": 2397141,
  "no_test": 5588913,
  "prec": 0.42891005818125993,
  "cpu_time": 377.341470098,
  "real_time": 377.38048458099365,
  "partition": {
    "cpu_time": 54.71908243399997,
    "real_time": 54.719470262527466,
    "no_test": 588913,
    "no_disc": 167057,
    "n_regions": 256
  },
  "generation": {
    "cpu_time": 322.62238766400003,
    "real_time": 322.6610143184662,
    "no_test": 5000000,
    "no_disc": 2230084
  },
  "config": {
    "max_depth": 8,
    "min_samples_per_region": 1000,
    "max_samples_per_region": 3000,
    "min_gain": 0.0,
    "gini_weight_mode": "sample",
    "max_split_ratio": 1.0,
    "sampling_risk_focus_alpha": 1.0,
    "sampling_risk_floor": 1e-05,
    "batch_size": 512,
    "disc_phase": "generation",
    "sample_draws": 5000000,
    "random_seed": 4
  }
}