{
  "label": "regionft_d8-LogReg-Adult-race-d5000000",
  "repeat": 3,
  "method": "regionft_d8",
  "model": "LogReg",
  "dataset": "Adult",
  "protected": "race",
  "runtime": 7200,
  "no_disc": 371188,
  "no_test": 5417633,
  "prec": 0.06851479234566092,
  "cpu_time": 143.90689539799996,
  "real_time": 143.90979480743408,
  "partition": {
    "cpu_time": 23.196790695999994,
    "real_time": 23.19874906539917,
    "no_test": 417633,
    "no_disc": 21130,
    "n_regions": 192
  },
  "generation": {
    "cpu_time": 120.71010470199997,
    "real_time": 120.71104574203491,
    "no_test": 5000000,
    "no_disc": 350058
  },
  "config": {
    "max_depth": 8,
    "min_samples_per_region": 1000,
    "max_samples_per_region": 3000,
    "min_gain": 0.0,
    "gini_weight_mode": "sample",
    "max_split_ratio": 1.0,
    "sampling_risk_focus_alpha": 1.0,
    "sampling_risk_floor": 1e-05,
    "batch_size": 512,
    "disc_phase": "generation",
    "sample_draws": 5000000,
    "random_seed": 3
  }
}