{
  "label": "regionft_d8-MLP-Adult-race-d5000000",
  "repeat": 1,
  "method": "regionft_d8",
  "model": "MLP",
  "dataset": "Adult",
  "protected": "race",
  "runtime": 7200,
  "no_disc": 464333,
  "no_test": 5570114,
  "prec": 0.08336148954940599,
  "cpu_time": 221.56273274800003,
  "real_time": 221.56939482688904,
  "partition": {
    "cpu_time": 37.837195817000065,
    "real_time": 37.83897137641907,
    "no_test": 570114,
    "no_disc": 52175,
    "n_regions": 254
  },
  "generation": {
    "cpu_time": 183.72553693099997,
    "real_time": 183.73042345046997,
    "no_test": 5000000,
    "no_disc": 412158
  },
  "config": {
    "max_depth": 8,
    "min_samples_per_region": 1000,
    "max_samples_per_region": 3000,
    "min_gain": 0.0,
    "gini_weight_mode": "sample",
    "max_split_ratio": 1.0,
    "sampling_risk_focus_alpha": 1.0,
    "sampling_risk_floor": 1e-05,
    "batch_size": 512,
    "disc_phase": "generation",
    "sample_draws": 5000000,
    "random_seed": 1
  }
}