{
  "label": "regionft_d8-GBDT-Lsac-race-d5000000",
  "repeat": 4,
  "method": "regionft_d8",
  "model": "GBDT",
  "dataset": "Lsac",
  "protected": "race",
  "runtime": 7200,
  "no_disc": 1337503,
  "no_test": 5591831,
  "prec": 0.23918873800012913,
  "cpu_time": 156.00675224399998,
  "real_time": 156.01432704925537,
  "partition": {
    "cpu_time": 43.714675845000045,
    "real_time": 43.72065854072571,
    "no_test": 591831,
    "no_disc": 68913,
    "n_regions": 254
  },
  "generation": {
    "cpu_time": 112.29207639899994,
    "real_time": 112.29366850852966,
    "no_test": 5000000,
    "no_disc": 1268590
  },
  "config": {
    "max_depth": 8,
    "min_samples_per_region": 1000,
    "max_samples_per_region": 3000,
    "min_gain": 0.0,
    "gini_weight_mode": "sample",
    "max_split_ratio": 1.0,
    "sampling_risk_focus_alpha": 1.0,
    "sampling_risk_floor": 1e-05,
    "batch_size": 512,
    "disc_phase": "generation",
    "sample_draws": 5000000,
    "random_seed": 4
  }
}