{
  "label": "regionft_d8-MLP-Adult-age-d5000000",
  "repeat": 2,
  "method": "regionft_d8",
  "model": "MLP",
  "dataset": "Adult",
  "protected": "age",
  "runtime": 7200,
  "no_disc": 2441025,
  "no_test": 5587957,
  "prec": 0.4368367544703726,
  "cpu_time": 376.179928229,
  "real_time": 376.19194197654724,
  "partition": {
    "cpu_time": 53.516621008000016,
    "real_time": 53.524508476257324,
    "no_test": 587957,
    "no_disc": 156982,
    "n_regions": 255
  },
  "generation": {
    "cpu_time": 322.66330722099997,
    "real_time": 322.6674335002899,
    "no_test": 5000000,
    "no_disc": 2284043
  },
  "config": {
    "max_depth": 8,
    "min_samples_per_region": 1000,
    "max_samples_per_region": 3000,
    "min_gain": 0.0,
    "gini_weight_mode": "sample",
    "max_split_ratio": 1.0,
    "sampling_risk_focus_alpha": 1.0,
    "sampling_risk_floor": 1e-05,
    "batch_size": 512,
    "disc_phase": "generation",
    "sample_draws": 5000000,
    "random_seed": 2
  }
}