{
  "label": "regionft_d8-MLP-Bank-age-d5000000",
  "repeat": 1,
  "method": "regionft_d8",
  "model": "MLP",
  "dataset": "Bank",
  "protected": "age",
  "runtime": 7200,
  "no_disc": 1635977,
  "no_test": 5581357,
  "prec": 0.29311455977462114,
  "cpu_time": 349.7402305429998,
  "real_time": 349.760605096817,
  "partition": {
    "cpu_time": 54.10244644499994,
    "real_time": 54.104944944381714,
    "no_test": 581357,
    "no_disc": 85312,
    "n_regions": 249
  },
  "generation": {
    "cpu_time": 295.6377840979999,
    "real_time": 295.6556601524353,
    "no_test": 5000000,
    "no_disc": 1550665
  },
  "config": {
    "max_depth": 8,
    "min_samples_per_region": 1000,
    "max_samples_per_region": 3000,
    "min_gain": 0.0,
    "gini_weight_mode": "sample",
    "max_split_ratio": 1.0,
    "sampling_risk_focus_alpha": 1.0,
    "sampling_risk_floor": 1e-05,
    "batch_size": 512,
    "disc_phase": "generation",
    "sample_draws": 5000000,
    "random_seed": 1
  }
}