{
  "label": "regionft_d8-GBDT-Bank-age-d5000000",
  "repeat": 0,
  "method": "regionft_d8",
  "model": "GBDT",
  "dataset": "Bank",
  "protected": "age",
  "runtime": 7200,
  "no_disc": 2508336,
  "no_test": 5541483,
  "prec": 0.4526470621672935,
  "cpu_time": 315.54076675100004,
  "real_time": 315.53893518447876,
  "partition": {
    "cpu_time": 48.941003531,
    "real_time": 48.94071340560913,
    "no_test": 541483,
    "no_disc": 107345,
    "n_regions": 233
  },
  "generation": {
    "cpu_time": 266.59976322000006,
    "real_time": 266.59822177886963,
    "no_test": 5000000,
    "no_disc": 2400991
  },
  "config": {
    "max_depth": 8,
    "min_samples_per_region": 1000,
    "max_samples_per_region": 3000,
    "min_gain": 0.0,
    "gini_weight_mode": "sample",
    "max_split_ratio": 1.0,
    "sampling_risk_focus_alpha": 1.0,
    "sampling_risk_floor": 1e-05,
    "batch_size": 512,
    "disc_phase": "generation",
    "sample_draws": 5000000,
    "random_seed": 0
  }
}