{
  "label": "regionft_d8-LogReg-Adult-race-d5000000",
  "repeat": 4,
  "method": "regionft_d8",
  "model": "LogReg",
  "dataset": "Adult",
  "protected": "race",
  "runtime": 7200,
  "no_disc": 391781,
  "no_test": 5418328,
  "prec": 0.07230662300252033,
  "cpu_time": 143.32369932699999,
  "real_time": 143.32657384872437,
  "partition": {
    "cpu_time": 22.954278595000005,
    "real_time": 22.955935955047607,
    "no_test": 418328,
    "no_disc": 21830,
    "n_regions": 192
  },
  "generation": {
    "cpu_time": 120.36942073199998,
    "real_time": 120.37063789367676,
    "no_test": 5000000,
    "no_disc": 369951
  },
  "config": {
    "max_depth": 8,
    "min_samples_per_region": 1000,
    "max_samples_per_region": 3000,
    "min_gain": 0.0,
    "gini_weight_mode": "sample",
    "max_split_ratio": 1.0,
    "sampling_risk_focus_alpha": 1.0,
    "sampling_risk_floor": 1e-05,
    "batch_size": 512,
    "disc_phase": "generation",
    "sample_draws": 5000000,
    "random_seed": 4
  }
}