{
  "label": "regionft_d8-GBDT-Lsac-race-d5000000",
  "repeat": 0,
  "method": "regionft_d8",
  "model": "GBDT",
  "dataset": "Lsac",
  "protected": "race",
  "runtime": 7200,
  "no_disc": 1394796,
  "no_test": 5586478,
  "prec": 0.2496735868287676,
  "cpu_time": 148.19508868999992,
  "real_time": 148.1995370388031,
  "partition": {
    "cpu_time": 40.1433633229999,
    "real_time": 40.147103786468506,
    "no_test": 586478,
    "no_disc": 81439,
    "n_regions": 254
  },
  "generation": {
    "cpu_time": 108.05172536700002,
    "real_time": 108.0524332523346,
    "no_test": 5000000,
    "no_disc": 1313357
  },
  "config": {
    "max_depth": 8,
    "min_samples_per_region": 1000,
    "max_samples_per_region": 3000,
    "min_gain": 0.0,
    "gini_weight_mode": "sample",
    "max_split_ratio": 1.0,
    "sampling_risk_focus_alpha": 1.0,
    "sampling_risk_floor": 1e-05,
    "batch_size": 512,
    "disc_phase": "generation",
    "sample_draws": 5000000,
    "random_seed": 0
  }
}