{
  "label": "regionft_d8-GBDT-Credit-age-d5000000",
  "repeat": 0,
  "method": "regionft_d8",
  "model": "GBDT",
  "dataset": "Credit",
  "protected": "age",
  "runtime": 7200,
  "no_disc": 1170163,
  "no_test": 5602464,
  "prec": 0.2088657776292717,
  "cpu_time": 268.83663995300003,
  "real_time": 268.84719610214233,
  "partition": {
    "cpu_time": 45.50983067799996,
    "real_time": 45.51924395561218,
    "no_test": 602464,
    "no_disc": 97460,
    "n_regions": 256
  },
  "generation": {
    "cpu_time": 223.32680927500007,
    "real_time": 223.32795214653015,
    "no_test": 5000000,
    "no_disc": 1072703
  },
  "config": {
    "max_depth": 8,
    "min_samples_per_region": 1000,
    "max_samples_per_region": 3000,
    "min_gain": 0.0,
    "gini_weight_mode": "sample",
    "max_split_ratio": 1.0,
    "sampling_risk_focus_alpha": 1.0,
    "sampling_risk_floor": 1e-05,
    "batch_size": 512,
    "disc_phase": "generation",
    "sample_draws": 5000000,
    "random_seed": 0
  }
}