{
  "label": "regionft_d8-LogReg-Credit-age-d5000000",
  "repeat": 3,
  "method": "regionft_d8",
  "model": "LogReg",
  "dataset": "Credit",
  "protected": "age",
  "runtime": 7200,
  "no_disc": 1140194,
  "no_test": 5601250,
  "prec": 0.2035606337871011,
  "cpu_time": 232.03804407100006,
  "real_time": 232.0512409210205,
  "partition": {
    "cpu_time": 42.46351005099996,
    "real_time": 42.47084951400757,
    "no_test": 601250,
    "no_disc": 78518,
    "n_regions": 256
  },
  "generation": {
    "cpu_time": 189.5745340200001,
    "real_time": 189.58039140701294,
    "no_test": 5000000,
    "no_disc": 1061676
  },
  "config": {
    "max_depth": 8,
    "min_samples_per_region": 1000,
    "max_samples_per_region": 3000,
    "min_gain": 0.0,
    "gini_weight_mode": "sample",
    "max_split_ratio": 1.0,
    "sampling_risk_focus_alpha": 1.0,
    "sampling_risk_floor": 1e-05,
    "batch_size": 512,
    "disc_phase": "generation",
    "sample_draws": 5000000,
    "random_seed": 3
  }
}