{
  "label": "regionft_d8-GBDT-Lsac-sex-d5000000",
  "repeat": 4,
  "method": "regionft_d8",
  "model": "GBDT",
  "dataset": "Lsac",
  "protected": "sex",
  "runtime": 7200,
  "no_disc": 297358,
  "no_test": 5567463,
  "prec": 0.05340996428714479,
  "cpu_time": 122.89306032700006,
  "real_time": 122.89681267738342,
  "partition": {
    "cpu_time": 36.42930068099997,
    "real_time": 36.43185544013977,
    "no_test": 567463,
    "no_disc": 29205,
    "n_regions": 255
  },
  "generation": {
    "cpu_time": 86.46375964600009,
    "real_time": 86.46495723724365,
    "no_test": 5000000,
    "no_disc": 268153
  },
  "config": {
    "max_depth": 8,
    "min_samples_per_region": 1000,
    "max_samples_per_region": 3000,
    "min_gain": 0.0,
    "gini_weight_mode": "sample",
    "max_split_ratio": 1.0,
    "sampling_risk_focus_alpha": 1.0,
    "sampling_risk_floor": 1e-05,
    "batch_size": 512,
    "disc_phase": "generation",
    "sample_draws": 5000000,
    "random_seed": 4
  }
}