{
  "label": "regionft_d8-MLP-Bank-age-d5000000",
  "repeat": 0,
  "method": "regionft_d8",
  "model": "MLP",
  "dataset": "Bank",
  "protected": "age",
  "runtime": 7200,
  "no_disc": 1665047,
  "no_test": 5592435,
  "prec": 0.2977320254951555,
  "cpu_time": 355.4737080939999,
  "real_time": 355.48991894721985,
  "partition": {
    "cpu_time": 54.032627952999974,
    "real_time": 54.04106664657593,
    "no_test": 592435,
    "no_disc": 100816,
    "n_regions": 254
  },
  "generation": {
    "cpu_time": 301.44108014099993,
    "real_time": 301.4488523006439,
    "no_test": 5000000,
    "no_disc": 1564231
  },
  "config": {
    "max_depth": 8,
    "min_samples_per_region": 1000,
    "max_samples_per_region": 3000,
    "min_gain": 0.0,
    "gini_weight_mode": "sample",
    "max_split_ratio": 1.0,
    "sampling_risk_focus_alpha": 1.0,
    "sampling_risk_floor": 1e-05,
    "batch_size": 512,
    "disc_phase": "generation",
    "sample_draws": 5000000,
    "random_seed": 0
  }
}