{
  "label": "regionft_d8-DecTree-Bank-age-d5000000",
  "repeat": 2,
  "method": "regionft_d8",
  "model": "DecTree",
  "dataset": "Bank",
  "protected": "age",
  "runtime": 7200,
  "no_disc": 3196295,
  "no_test": 5501252,
  "prec": 0.5810122859305482,
  "cpu_time": 278.8666109889999,
  "real_time": 278.8719003200531,
  "partition": {
    "cpu_time": 44.072359681999956,
    "real_time": 44.07352042198181,
    "no_test": 501252,
    "no_disc": 129784,
    "n_regions": 213
  },
  "generation": {
    "cpu_time": 234.79425130699997,
    "real_time": 234.7983798980713,
    "no_test": 5000000,
    "no_disc": 3066511
  },
  "config": {
    "max_depth": 8,
    "min_samples_per_region": 1000,
    "max_samples_per_region": 3000,
    "min_gain": 0.0,
    "gini_weight_mode": "sample",
    "max_split_ratio": 1.0,
    "sampling_risk_focus_alpha": 1.0,
    "sampling_risk_floor": 1e-05,
    "batch_size": 512,
    "disc_phase": "generation",
    "sample_draws": 5000000,
    "random_seed": 2
  }
}