{
  "label": "regionft_d8-MLP-Credit-sex-d5000000",
  "repeat": 4,
  "method": "regionft_d8",
  "model": "MLP",
  "dataset": "Credit",
  "protected": "sex",
  "runtime": 7200,
  "no_disc": 508417,
  "no_test": 5568488,
  "prec": 0.09130252233640443,
  "cpu_time": 110.69006022100001,
  "real_time": 110.6954357624054,
  "partition": {
    "cpu_time": 24.96893656499998,
    "real_time": 24.974074125289917,
    "no_test": 568488,
    "no_disc": 29088,
    "n_regions": 247
  },
  "generation": {
    "cpu_time": 85.72112365600003,
    "real_time": 85.72136163711548,
    "no_test": 5000000,
    "no_disc": 479329
  },
  "config": {
    "max_depth": 8,
    "min_samples_per_region": 1000,
    "max_samples_per_region": 3000,
    "min_gain": 0.0,
    "gini_weight_mode": "sample",
    "max_split_ratio": 1.0,
    "sampling_risk_focus_alpha": 1.0,
    "sampling_risk_floor": 1e-05,
    "batch_size": 512,
    "disc_phase": "generation",
    "sample_draws": 5000000,
    "random_seed": 4
  }
}