{
  "label": "regionft_d8-MLP-Bank-age-d5000000",
  "repeat": 4,
  "method": "regionft_d8",
  "model": "MLP",
  "dataset": "Bank",
  "protected": "age",
  "runtime": 7200,
  "no_disc": 1647603,
  "no_test": 5582416,
  "prec": 0.2951415659456407,
  "cpu_time": 358.7861370799999,
  "real_time": 358.80266284942627,
  "partition": {
    "cpu_time": 55.87562315799994,
    "real_time": 55.88257598876953,
    "no_test": 582416,
    "no_disc": 92962,
    "n_regions": 250
  },
  "generation": {
    "cpu_time": 302.91051392199995,
    "real_time": 302.92008686065674,
    "no_test": 5000000,
    "no_disc": 1554641
  },
  "config": {
    "max_depth": 8,
    "min_samples_per_region": 1000,
    "max_samples_per_region": 3000,
    "min_gain": 0.0,
    "gini_weight_mode": "sample",
    "max_split_ratio": 1.0,
    "sampling_risk_focus_alpha": 1.0,
    "sampling_risk_floor": 1e-05,
    "batch_size": 512,
    "disc_phase": "generation",
    "sample_draws": 5000000,
    "random_seed": 4
  }
}