{
  "label": "regionft_d8-MLP-Bank-age-d5000000",
  "repeat": 3,
  "method": "regionft_d8",
  "model": "MLP",
  "dataset": "Bank",
  "protected": "age",
  "runtime": 7200,
  "no_disc": 1675109,
  "no_test": 5596564,
  "prec": 0.2993102553638268,
  "cpu_time": 361.64021475000004,
  "real_time": 361.65559935569763,
  "partition": {
    "cpu_time": 57.043340666000006,
    "real_time": 57.04734683036804,
    "no_test": 596564,
    "no_disc": 102016,
    "n_regions": 256
  },
  "generation": {
    "cpu_time": 304.59687408400004,
    "real_time": 304.6082525253296,
    "no_test": 5000000,
    "no_disc": 1573093
  },
  "config": {
    "max_depth": 8,
    "min_samples_per_region": 1000,
    "max_samples_per_region": 3000,
    "min_gain": 0.0,
    "gini_weight_mode": "sample",
    "max_split_ratio": 1.0,
    "sampling_risk_focus_alpha": 1.0,
    "sampling_risk_floor": 1e-05,
    "batch_size": 512,
    "disc_phase": "generation",
    "sample_draws": 5000000,
    "random_seed": 3
  }
}