{
  "label": "regionft_d8-LogReg-Credit-age-d5000000",
  "repeat": 4,
  "method": "regionft_d8",
  "model": "LogReg",
  "dataset": "Credit",
  "protected": "age",
  "runtime": 7200,
  "no_disc": 1121400,
  "no_test": 5601192,
  "prec": 0.2002073844281717,
  "cpu_time": 220.13862158000006,
  "real_time": 220.14790296554565,
  "partition": {
    "cpu_time": 40.905654740000045,
    "real_time": 40.912832498550415,
    "no_test": 601192,
    "no_disc": 80364,
    "n_regions": 256
  },
  "generation": {
    "cpu_time": 179.23296684000002,
    "real_time": 179.23507046699524,
    "no_test": 5000000,
    "no_disc": 1041036
  },
  "config": {
    "max_depth": 8,
    "min_samples_per_region": 1000,
    "max_samples_per_region": 3000,
    "min_gain": 0.0,
    "gini_weight_mode": "sample",
    "max_split_ratio": 1.0,
    "sampling_risk_focus_alpha": 1.0,
    "sampling_risk_floor": 1e-05,
    "batch_size": 512,
    "disc_phase": "generation",
    "sample_draws": 5000000,
    "random_seed": 4
  }
}