{
  "label": "regionft_d8-GBDT-Credit-age-d5000000",
  "repeat": 4,
  "method": "regionft_d8",
  "model": "GBDT",
  "dataset": "Credit",
  "protected": "age",
  "runtime": 7200,
  "no_disc": 1172455,
  "no_test": 5587277,
  "prec": 0.20984372172705953,
  "cpu_time": 261.4750271229999,
  "real_time": 261.4853551387787,
  "partition": {
    "cpu_time": 45.946595032999994,
    "real_time": 45.95168352127075,
    "no_test": 587277,
    "no_disc": 95956,
    "n_regions": 252
  },
  "generation": {
    "cpu_time": 215.5284320899999,
    "real_time": 215.53367161750793,
    "no_test": 5000000,
    "no_disc": 1076499
  },
  "config": {
    "max_depth": 8,
    "min_samples_per_region": 1000,
    "max_samples_per_region": 3000,
    "min_gain": 0.0,
    "gini_weight_mode": "sample",
    "max_split_ratio": 1.0,
    "sampling_risk_focus_alpha": 1.0,
    "sampling_risk_floor": 1e-05,
    "batch_size": 512,
    "disc_phase": "generation",
    "sample_draws": 5000000,
    "random_seed": 4
  }
}