{
  "label": "regionft_d8-LogReg-Adult-age-d5000000",
  "repeat": 4,
  "method": "regionft_d8",
  "model": "LogReg",
  "dataset": "Adult",
  "protected": "age",
  "runtime": 7200,
  "no_disc": 2549115,
  "no_test": 5456179,
  "prec": 0.4671978320359358,
  "cpu_time": 263.25210721999997,
  "real_time": 263.2660973072052,
  "partition": {
    "cpu_time": 34.87285895800005,
    "real_time": 34.87754821777344,
    "no_test": 456179,
    "no_disc": 113696,
    "n_regions": 208
  },
  "generation": {
    "cpu_time": 228.37924826199992,
    "real_time": 228.38854908943176,
    "no_test": 5000000,
    "no_disc": 2435419
  },
  "config": {
    "max_depth": 8,
    "min_samples_per_region": 1000,
    "max_samples_per_region": 3000,
    "min_gain": 0.0,
    "gini_weight_mode": "sample",
    "max_split_ratio": 1.0,
    "sampling_risk_focus_alpha": 1.0,
    "sampling_risk_floor": 1e-05,
    "batch_size": 512,
    "disc_phase": "generation",
    "sample_draws": 5000000,
    "random_seed": 4
  }
}