{
  "label": "regionft_d8-GBDT-Credit-sex-d5000000",
  "repeat": 3,
  "method": "regionft_d8",
  "model": "GBDT",
  "dataset": "Credit",
  "protected": "sex",
  "runtime": 7200,
  "no_disc": 553617,
  "no_test": 5467601,
  "prec": 0.10125409663214269,
  "cpu_time": 125.14854014699999,
  "real_time": 125.14944434165955,
  "partition": {
    "cpu_time": 32.441013809999994,
    "real_time": 32.441317558288574,
    "no_test": 467601,
    "no_disc": 25360,
    "n_regions": 210
  },
  "generation": {
    "cpu_time": 92.70752633699999,
    "real_time": 92.70812678337097,
    "no_test": 5000000,
    "no_disc": 528257
  },
  "config": {
    "max_depth": 8,
    "min_samples_per_region": 1000,
    "max_samples_per_region": 3000,
    "min_gain": 0.0,
    "gini_weight_mode": "sample",
    "max_split_ratio": 1.0,
    "sampling_risk_focus_alpha": 1.0,
    "sampling_risk_floor": 1e-05,
    "batch_size": 512,
    "disc_phase": "generation",
    "sample_draws": 5000000,
    "random_seed": 3
  }
}