{
  "label": "regionft_d8-LogReg-Adult-age-d5000000",
  "repeat": 2,
  "method": "regionft_d8",
  "model": "LogReg",
  "dataset": "Adult",
  "protected": "age",
  "runtime": 7200,
  "no_disc": 2342407,
  "no_test": 5538543,
  "prec": 0.42292837665068234,
  "cpu_time": 271.3808302550001,
  "real_time": 271.3889784812927,
  "partition": {
    "cpu_time": 39.90774748800004,
    "real_time": 39.91329526901245,
    "no_test": 538543,
    "no_disc": 128058,
    "n_regions": 246
  },
  "generation": {
    "cpu_time": 231.47308276700005,
    "real_time": 231.47568321228027,
    "no_test": 5000000,
    "no_disc": 2214349
  },
  "config": {
    "max_depth": 8,
    "min_samples_per_region": 1000,
    "max_samples_per_region": 3000,
    "min_gain": 0.0,
    "gini_weight_mode": "sample",
    "max_split_ratio": 1.0,
    "sampling_risk_focus_alpha": 1.0,
    "sampling_risk_floor": 1e-05,
    "batch_size": 512,
    "disc_phase": "generation",
    "sample_draws": 5000000,
    "random_seed": 2
  }
}