{
  "label": "regionft_d8-GBDT-Credit-age-d5000000",
  "repeat": 3,
  "method": "regionft_d8",
  "model": "GBDT",
  "dataset": "Credit",
  "protected": "age",
  "runtime": 7200,
  "no_disc": 1141717,
  "no_test": 5584284,
  "prec": 0.20445181512974628,
  "cpu_time": 263.57181727599993,
  "real_time": 263.58590841293335,
  "partition": {
    "cpu_time": 46.545417896000004,
    "real_time": 46.55107402801514,
    "no_test": 584284,
    "no_disc": 83512,
    "n_regions": 248
  },
  "generation": {
    "cpu_time": 217.02639937999993,
    "real_time": 217.0348343849182,
    "no_test": 5000000,
    "no_disc": 1058205
  },
  "config": {
    "max_depth": 8,
    "min_samples_per_region": 1000,
    "max_samples_per_region": 3000,
    "min_gain": 0.0,
    "gini_weight_mode": "sample",
    "max_split_ratio": 1.0,
    "sampling_risk_focus_alpha": 1.0,
    "sampling_risk_floor": 1e-05,
    "batch_size": 512,
    "disc_phase": "generation",
    "sample_draws": 5000000,
    "random_seed": 3
  }
}