{
  "label": "regionft_d8-LogReg-Lsac-sex-d5000000",
  "repeat": 1,
  "method": "regionft_d8",
  "model": "LogReg",
  "dataset": "Lsac",
  "protected": "sex",
  "runtime": 7200,
  "no_disc": 150089,
  "no_test": 5486013,
  "prec": 0.027358484203373196,
  "cpu_time": 95.02856555800003,
  "real_time": 95.03229689598083,
  "partition": {
    "cpu_time": 28.915299780999987,
    "real_time": 28.918899536132812,
    "no_test": 486013,
    "no_disc": 11187,
    "n_regions": 217
  },
  "generation": {
    "cpu_time": 66.11326577700004,
    "real_time": 66.11339735984802,
    "no_test": 5000000,
    "no_disc": 138902
  },
  "config": {
    "max_depth": 8,
    "min_samples_per_region": 1000,
    "max_samples_per_region": 3000,
    "min_gain": 0.0,
    "gini_weight_mode": "sample",
    "max_split_ratio": 1.0,
    "sampling_risk_focus_alpha": 1.0,
    "sampling_risk_floor": 1e-05,
    "batch_size": 512,
    "disc_phase": "generation",
    "sample_draws": 5000000,
    "random_seed": 1
  }
}