{
  "label": "regionft_d8-LogReg-Credit-sex-d5000000",
  "repeat": 3,
  "method": "regionft_d8",
  "model": "LogReg",
  "dataset": "Credit",
  "protected": "sex",
  "runtime": 7200,
  "no_disc": 466586,
  "no_test": 5585995,
  "prec": 0.08352782270660822,
  "cpu_time": 105.03696040499995,
  "real_time": 105.0400037765503,
  "partition": {
    "cpu_time": 28.380190029999994,
    "real_time": 28.382953882217407,
    "no_test": 585995,
    "no_disc": 31079,
    "n_regions": 251
  },
  "generation": {
    "cpu_time": 76.65677037499995,
    "real_time": 76.65704989433289,
    "no_test": 5000000,
    "no_disc": 435507
  },
  "config": {
    "max_depth": 8,
    "min_samples_per_region": 1000,
    "max_samples_per_region": 3000,
    "min_gain": 0.0,
    "gini_weight_mode": "sample",
    "max_split_ratio": 1.0,
    "sampling_risk_focus_alpha": 1.0,
    "sampling_risk_floor": 1e-05,
    "batch_size": 512,
    "disc_phase": "generation",
    "sample_draws": 5000000,
    "random_seed": 3
  }
}