{
  "label": "regionft_d8-GBDT-Adult-race-d5000000",
  "repeat": 4,
  "method": "regionft_d8",
  "model": "GBDT",
  "dataset": "Adult",
  "protected": "race",
  "runtime": 7200,
  "no_disc": 355658,
  "no_test": 5479499,
  "prec": 0.06490702890902982,
  "cpu_time": 188.42802854800001,
  "real_time": 188.43028831481934,
  "partition": {
    "cpu_time": 32.91808609899999,
    "real_time": 32.91886115074158,
    "no_test": 479499,
    "no_disc": 20021,
    "n_regions": 219
  },
  "generation": {
    "cpu_time": 155.50994244900002,
    "real_time": 155.51142716407776,
    "no_test": 5000000,
    "no_disc": 335637
  },
  "config": {
    "max_depth": 8,
    "min_samples_per_region": 1000,
    "max_samples_per_region": 3000,
    "min_gain": 0.0,
    "gini_weight_mode": "sample",
    "max_split_ratio": 1.0,
    "sampling_risk_focus_alpha": 1.0,
    "sampling_risk_floor": 1e-05,
    "batch_size": 512,
    "disc_phase": "generation",
    "sample_draws": 5000000,
    "random_seed": 4
  }
}