{
  "label": "regionft_d8-GBDT-Adult-age-d5000000",
  "repeat": 2,
  "method": "regionft_d8",
  "model": "GBDT",
  "dataset": "Adult",
  "protected": "age",
  "runtime": 7200,
  "no_disc": 3663476,
  "no_test": 5562455,
  "prec": 0.6586077550290295,
  "cpu_time": 326.42468291499995,
  "real_time": 326.4230217933655,
  "partition": {
    "cpu_time": 50.627072139999996,
    "real_time": 50.62779903411865,
    "no_test": 562455,
    "no_disc": 189618,
    "n_regions": 247
  },
  "generation": {
    "cpu_time": 275.79761077499995,
    "real_time": 275.7952227592468,
    "no_test": 5000000,
    "no_disc": 3473858
  },
  "config": {
    "max_depth": 8,
    "min_samples_per_region": 1000,
    "max_samples_per_region": 3000,
    "min_gain": 0.0,
    "gini_weight_mode": "sample",
    "max_split_ratio": 1.0,
    "sampling_risk_focus_alpha": 1.0,
    "sampling_risk_floor": 1e-05,
    "batch_size": 512,
    "disc_phase": "generation",
    "sample_draws": 5000000,
    "random_seed": 2
  }
}