{
  "label": "regionft_d8-LogReg-Credit-age-d5000000",
  "repeat": 1,
  "method": "regionft_d8",
  "model": "LogReg",
  "dataset": "Credit",
  "protected": "age",
  "runtime": 7200,
  "no_disc": 1124634,
  "no_test": 5529404,
  "prec": 0.20339154093280215,
  "cpu_time": 230.08994544199993,
  "real_time": 230.0987355709076,
  "partition": {
    "cpu_time": 37.0662288069999,
    "real_time": 37.073647022247314,
    "no_test": 529404,
    "no_disc": 64225,
    "n_regions": 225
  },
  "generation": {
    "cpu_time": 193.02371663500003,
    "real_time": 193.02508854866028,
    "no_test": 5000000,
    "no_disc": 1060409
  },
  "config": {
    "max_depth": 8,
    "min_samples_per_region": 1000,
    "max_samples_per_region": 3000,
    "min_gain": 0.0,
    "gini_weight_mode": "sample",
    "max_split_ratio": 1.0,
    "sampling_risk_focus_alpha": 1.0,
    "sampling_risk_floor": 1e-05,
    "batch_size": 512,
    "disc_phase": "generation",
    "sample_draws": 5000000,
    "random_seed": 1
  }
}