{
  "label": "regionft_d8-LogReg-Adult-race-d5000000",
  "repeat": 0,
  "method": "regionft_d8",
  "model": "LogReg",
  "dataset": "Adult",
  "protected": "race",
  "runtime": 7200,
  "no_disc": 357079,
  "no_test": 5419044,
  "prec": 0.06589335683563374,
  "cpu_time": 146.87905645300003,
  "real_time": 146.88274145126343,
  "partition": {
    "cpu_time": 24.06183814100001,
    "real_time": 24.063268423080444,
    "no_test": 419044,
    "no_disc": 16855,
    "n_regions": 192
  },
  "generation": {
    "cpu_time": 122.81721831200002,
    "real_time": 122.81947302818298,
    "no_test": 5000000,
    "no_disc": 340224
  },
  "config": {
    "max_depth": 8,
    "min_samples_per_region": 1000,
    "max_samples_per_region": 3000,
    "min_gain": 0.0,
    "gini_weight_mode": "sample",
    "max_split_ratio": 1.0,
    "sampling_risk_focus_alpha": 1.0,
    "sampling_risk_floor": 1e-05,
    "batch_size": 512,
    "disc_phase": "generation",
    "sample_draws": 5000000,
    "random_seed": 0
  }
}