{
  "label": "regionft_d8-LogReg-Credit-age-d5000000",
  "repeat": 2,
  "method": "regionft_d8",
  "model": "LogReg",
  "dataset": "Credit",
  "protected": "age",
  "runtime": 7200,
  "no_disc": 1133441,
  "no_test": 5600688,
  "prec": 0.20237531531840375,
  "cpu_time": 220.66978622299985,
  "real_time": 220.67468285560608,
  "partition": {
    "cpu_time": 40.78579778299991,
    "real_time": 40.789968967437744,
    "no_test": 600688,
    "no_disc": 76845,
    "n_regions": 256
  },
  "generation": {
    "cpu_time": 179.88398843999994,
    "real_time": 179.88471388816833,
    "no_test": 5000000,
    "no_disc": 1056596
  },
  "config": {
    "max_depth": 8,
    "min_samples_per_region": 1000,
    "max_samples_per_region": 3000,
    "min_gain": 0.0,
    "gini_weight_mode": "sample",
    "max_split_ratio": 1.0,
    "sampling_risk_focus_alpha": 1.0,
    "sampling_risk_floor": 1e-05,
    "batch_size": 512,
    "disc_phase": "generation",
    "sample_draws": 5000000,
    "random_seed": 2
  }
}