{
  "label": "regionft_d8-MLP-Lsac-sex-d5000000",
  "repeat": 1,
  "method": "regionft_d8",
  "model": "MLP",
  "dataset": "Lsac",
  "protected": "sex",
  "runtime": 7200,
  "no_disc": 178004,
  "no_test": 5581322,
  "prec": 0.0318928024579123,
  "cpu_time": 110.73740239300002,
  "real_time": 110.73908400535583,
  "partition": {
    "cpu_time": 35.696982901999945,
    "real_time": 35.69769597053528,
    "no_test": 581322,
    "no_disc": 15737,
    "n_regions": 256
  },
  "generation": {
    "cpu_time": 75.04041949100008,
    "real_time": 75.04138803482056,
    "no_test": 5000000,
    "no_disc": 162267
  },
  "config": {
    "max_depth": 8,
    "min_samples_per_region": 1000,
    "max_samples_per_region": 3000,
    "min_gain": 0.0,
    "gini_weight_mode": "sample",
    "max_split_ratio": 1.0,
    "sampling_risk_focus_alpha": 1.0,
    "sampling_risk_floor": 1e-05,
    "batch_size": 512,
    "disc_phase": "generation",
    "sample_draws": 5000000,
    "random_seed": 1
  }
}