{
  "label": "regionft_d8-LogReg-Credit-sex-d5000000",
  "repeat": 0,
  "method": "regionft_d8",
  "model": "LogReg",
  "dataset": "Credit",
  "protected": "sex",
  "runtime": 7200,
  "no_disc": 456167,
  "no_test": 5590939,
  "prec": 0.08159040905293369,
  "cpu_time": 103.55821099400004,
  "real_time": 103.56081199645996,
  "partition": {
    "cpu_time": 25.99493623500001,
    "real_time": 25.997514724731445,
    "no_test": 590939,
    "no_disc": 30176,
    "n_regions": 255
  },
  "generation": {
    "cpu_time": 77.56327475900002,
    "real_time": 77.56329727172852,
    "no_test": 5000000,
    "no_disc": 425991
  },
  "config": {
    "max_depth": 8,
    "min_samples_per_region": 1000,
    "max_samples_per_region": 3000,
    "min_gain": 0.0,
    "gini_weight_mode": "sample",
    "max_split_ratio": 1.0,
    "sampling_risk_focus_alpha": 1.0,
    "sampling_risk_floor": 1e-05,
    "batch_size": 512,
    "disc_phase": "generation",
    "sample_draws": 5000000,
    "random_seed": 0
  }
}