{
  "label": "regionft_d8-DecTree-Lsac-race-d5000000",
  "repeat": 1,
  "method": "regionft_d8",
  "model": "DecTree",
  "dataset": "Lsac",
  "protected": "race",
  "runtime": 7200,
  "no_disc": 3451364,
  "no_test": 5345900,
  "prec": 0.645609532538955,
  "cpu_time": 124.83277835699994,
  "real_time": 124.83646631240845,
  "partition": {
    "cpu_time": 23.728915693999966,
    "real_time": 23.730189085006714,
    "no_test": 345900,
    "no_disc": 44009,
    "n_regions": 148
  },
  "generation": {
    "cpu_time": 101.10386266299997,
    "real_time": 101.10627722740173,
    "no_test": 5000000,
    "no_disc": 3407355
  },
  "config": {
    "max_depth": 8,
    "min_samples_per_region": 1000,
    "max_samples_per_region": 3000,
    "min_gain": 0.0,
    "gini_weight_mode": "sample",
    "max_split_ratio": 1.0,
    "sampling_risk_focus_alpha": 1.0,
    "sampling_risk_floor": 1e-05,
    "batch_size": 512,
    "disc_phase": "generation",
    "sample_draws": 5000000,
    "random_seed": 1
  }
}