{
  "label": "regionft_d8-MLP-Credit-sex-d5000000",
  "repeat": 1,
  "method": "regionft_d8",
  "model": "MLP",
  "dataset": "Credit",
  "protected": "sex",
  "runtime": 7200,
  "no_disc": 531969,
  "no_test": 5516637,
  "prec": 0.09642994454773805,
  "cpu_time": 109.54360780299999,
  "real_time": 109.54483842849731,
  "partition": {
    "cpu_time": 25.150980149999896,
    "real_time": 25.151687383651733,
    "no_test": 516637,
    "no_disc": 31087,
    "n_regions": 224
  },
  "generation": {
    "cpu_time": 84.39262765300009,
    "real_time": 84.39315104484558,
    "no_test": 5000000,
    "no_disc": 500882
  },
  "config": {
    "max_depth": 8,
    "min_samples_per_region": 1000,
    "max_samples_per_region": 3000,
    "min_gain": 0.0,
    "gini_weight_mode": "sample",
    "max_split_ratio": 1.0,
    "sampling_risk_focus_alpha": 1.0,
    "sampling_risk_floor": 1e-05,
    "batch_size": 512,
    "disc_phase": "generation",
    "sample_draws": 5000000,
    "random_seed": 1
  }
}