{
  "label": "regionft_d8-LogReg-Credit-sex-d5000000",
  "repeat": 1,
  "method": "regionft_d8",
  "model": "LogReg",
  "dataset": "Credit",
  "protected": "sex",
  "runtime": 7200,
  "no_disc": 458559,
  "no_test": 5591701,
  "prec": 0.08200706725913993,
  "cpu_time": 105.10796055400004,
  "real_time": 105.10951018333435,
  "partition": {
    "cpu_time": 27.83058945099998,
    "real_time": 27.831955671310425,
    "no_test": 591701,
    "no_disc": 32047,
    "n_regions": 253
  },
  "generation": {
    "cpu_time": 77.27737110300006,
    "real_time": 77.27755451202393,
    "no_test": 5000000,
    "no_disc": 426512
  },
  "config": {
    "max_depth": 8,
    "min_samples_per_region": 1000,
    "max_samples_per_region": 3000,
    "min_gain": 0.0,
    "gini_weight_mode": "sample",
    "max_split_ratio": 1.0,
    "sampling_risk_focus_alpha": 1.0,
    "sampling_risk_floor": 1e-05,
    "batch_size": 512,
    "disc_phase": "generation",
    "sample_draws": 5000000,
    "random_seed": 1
  }
}