{
  "label": "regionft_d8-LogReg-Adult-race-d5000000",
  "repeat": 1,
  "method": "regionft_d8",
  "model": "LogReg",
  "dataset": "Adult",
  "protected": "race",
  "runtime": 7200,
  "no_disc": 352239,
  "no_test": 5414363,
  "prec": 0.06505640645076807,
  "cpu_time": 145.63381287000004,
  "real_time": 145.63735604286194,
  "partition": {
    "cpu_time": 23.535501094000097,
    "real_time": 23.537741899490356,
    "no_test": 414363,
    "no_disc": 18713,
    "n_regions": 190
  },
  "generation": {
    "cpu_time": 122.09831177599995,
    "real_time": 122.09961414337158,
    "no_test": 5000000,
    "no_disc": 333526
  },
  "config": {
    "max_depth": 8,
    "min_samples_per_region": 1000,
    "max_samples_per_region": 3000,
    "min_gain": 0.0,
    "gini_weight_mode": "sample",
    "max_split_ratio": 1.0,
    "sampling_risk_focus_alpha": 1.0,
    "sampling_risk_floor": 1e-05,
    "batch_size": 512,
    "disc_phase": "generation",
    "sample_draws": 5000000,
    "random_seed": 1
  }
}