{
  "label": "regionft_d8-DecTree-Bank-age-d5000000",
  "repeat": 3,
  "method": "regionft_d8",
  "model": "DecTree",
  "dataset": "Bank",
  "protected": "age",
  "runtime": 7200,
  "no_disc": 3184660,
  "no_test": 5468458,
  "prec": 0.5823689237441341,
  "cpu_time": 273.9013949560001,
  "real_time": 273.90901136398315,
  "partition": {
    "cpu_time": 39.924161622000156,
    "real_time": 39.92937135696411,
    "no_test": 468458,
    "no_disc": 117730,
    "n_regions": 197
  },
  "generation": {
    "cpu_time": 233.97723333399995,
    "real_time": 233.97964000701904,
    "no_test": 5000000,
    "no_disc": 3066930
  },
  "config": {
    "max_depth": 8,
    "min_samples_per_region": 1000,
    "max_samples_per_region": 3000,
    "min_gain": 0.0,
    "gini_weight_mode": "sample",
    "max_split_ratio": 1.0,
    "sampling_risk_focus_alpha": 1.0,
    "sampling_risk_floor": 1e-05,
    "batch_size": 512,
    "disc_phase": "generation",
    "sample_draws": 5000000,
    "random_seed": 3
  }
}