{
  "label": "regionft_d8-DecTree-Lsac-race-d5000000",
  "repeat": 4,
  "method": "regionft_d8",
  "model": "DecTree",
  "dataset": "Lsac",
  "protected": "race",
  "runtime": 7200,
  "no_disc": 3281479,
  "no_test": 5312089,
  "prec": 0.6177379558211468,
  "cpu_time": 122.40300776599997,
  "real_time": 122.40515685081482,
  "partition": {
    "cpu_time": 21.9936698759999,
    "real_time": 21.99484872817993,
    "no_test": 312089,
    "no_disc": 40377,
    "n_regions": 130
  },
  "generation": {
    "cpu_time": 100.40933789000007,
    "real_time": 100.41030812263489,
    "no_test": 5000000,
    "no_disc": 3241102
  },
  "config": {
    "max_depth": 8,
    "min_samples_per_region": 1000,
    "max_samples_per_region": 3000,
    "min_gain": 0.0,
    "gini_weight_mode": "sample",
    "max_split_ratio": 1.0,
    "sampling_risk_focus_alpha": 1.0,
    "sampling_risk_floor": 1e-05,
    "batch_size": 512,
    "disc_phase": "generation",
    "sample_draws": 5000000,
    "random_seed": 4
  }
}