{
  "label": "regionft_d8-MLP-Adult-sex-d5000000",
  "repeat": 0,
  "method": "regionft_d8",
  "model": "MLP",
  "dataset": "Adult",
  "protected": "sex",
  "runtime": 7200,
  "no_disc": 179431,
  "no_test": 5546884,
  "prec": 0.03234807145777702,
  "cpu_time": 121.04171638500002,
  "real_time": 121.0488486289978,
  "partition": {
    "cpu_time": 27.354965484000004,
    "real_time": 27.35718035697937,
    "no_test": 546884,
    "no_disc": 15034,
    "n_regions": 244
  },
  "generation": {
    "cpu_time": 93.68675090100001,
    "real_time": 93.69166827201843,
    "no_test": 5000000,
    "no_disc": 164397
  },
  "config": {
    "max_depth": 8,
    "min_samples_per_region": 1000,
    "max_samples_per_region": 3000,
    "min_gain": 0.0,
    "gini_weight_mode": "sample",
    "max_split_ratio": 1.0,
    "sampling_risk_focus_alpha": 1.0,
    "sampling_risk_floor": 1e-05,
    "batch_size": 512,
    "disc_phase": "generation",
    "sample_draws": 5000000,
    "random_seed": 0
  }
}