{
  "label": "regionft_d8-GBDT-Adult-race-d5000000",
  "repeat": 2,
  "method": "regionft_d8",
  "model": "GBDT",
  "dataset": "Adult",
  "protected": "race",
  "runtime": 7200,
  "no_disc": 365994,
  "no_test": 5491101,
  "prec": 0.06665220690713938,
  "cpu_time": 185.87892704600003,
  "real_time": 185.8820185661316,
  "partition": {
    "cpu_time": 34.68600716500001,
    "real_time": 34.686503887176514,
    "no_test": 491101,
    "no_disc": 21116,
    "n_regions": 222
  },
  "generation": {
    "cpu_time": 151.19291988100002,
    "real_time": 151.19551467895508,
    "no_test": 5000000,
    "no_disc": 344878
  },
  "config": {
    "max_depth": 8,
    "min_samples_per_region": 1000,
    "max_samples_per_region": 3000,
    "min_gain": 0.0,
    "gini_weight_mode": "sample",
    "max_split_ratio": 1.0,
    "sampling_risk_focus_alpha": 1.0,
    "sampling_risk_floor": 1e-05,
    "batch_size": 512,
    "disc_phase": "generation",
    "sample_draws": 5000000,
    "random_seed": 2
  }
}