{
  "label": "regionft_d8-MLP-Adult-race-d5000000",
  "repeat": 0,
  "method": "regionft_d8",
  "model": "MLP",
  "dataset": "Adult",
  "protected": "race",
  "runtime": 7200,
  "no_disc": 448665,
  "no_test": 5581922,
  "prec": 0.08037822814435601,
  "cpu_time": 223.75719640700004,
  "real_time": 223.76374125480652,
  "partition": {
    "cpu_time": 40.24731283599999,
    "real_time": 40.24946641921997,
    "no_test": 581922,
    "no_disc": 36370,
    "n_regions": 256
  },
  "generation": {
    "cpu_time": 183.50988357100005,
    "real_time": 183.51427483558655,
    "no_test": 5000000,
    "no_disc": 412295
  },
  "config": {
    "max_depth": 8,
    "min_samples_per_region": 1000,
    "max_samples_per_region": 3000,
    "min_gain": 0.0,
    "gini_weight_mode": "sample",
    "max_split_ratio": 1.0,
    "sampling_risk_focus_alpha": 1.0,
    "sampling_risk_floor": 1e-05,
    "batch_size": 512,
    "disc_phase": "generation",
    "sample_draws": 5000000,
    "random_seed": 0
  }
}