{
  "label": "regionft_d8-LogReg-Lsac-sex-d5000000",
  "repeat": 3,
  "method": "regionft_d8",
  "model": "LogReg",
  "dataset": "Lsac",
  "protected": "sex",
  "runtime": 7200,
  "no_disc": 183604,
  "no_test": 5573923,
  "prec": 0.03293981635555425,
  "cpu_time": 102.09555362000003,
  "real_time": 102.10196828842163,
  "partition": {
    "cpu_time": 34.69761699900005,
    "real_time": 34.70285892486572,
    "no_test": 573923,
    "no_disc": 15694,
    "n_regions": 254
  },
  "generation": {
    "cpu_time": 67.39793662099999,
    "real_time": 67.39910936355591,
    "no_test": 5000000,
    "no_disc": 167910
  },
  "config": {
    "max_depth": 8,
    "min_samples_per_region": 1000,
    "max_samples_per_region": 3000,
    "min_gain": 0.0,
    "gini_weight_mode": "sample",
    "max_split_ratio": 1.0,
    "sampling_risk_focus_alpha": 1.0,
    "sampling_risk_floor": 1e-05,
    "batch_size": 512,
    "disc_phase": "generation",
    "sample_draws": 5000000,
    "random_seed": 3
  }
}