{
  "label": "regionft_d8-DecTree-Adult-race-d5000000",
  "repeat": 1,
  "method": "regionft_d8",
  "model": "DecTree",
  "dataset": "Adult",
  "protected": "race",
  "runtime": 7200,
  "no_disc": 4155036,
  "no_test": 5259246,
  "prec": 0.7900440481392199,
  "cpu_time": 173.75666301599998,
  "real_time": 173.75493955612183,
  "partition": {
    "cpu_time": 22.470276471000002,
    "real_time": 22.47004246711731,
    "no_test": 259246,
    "no_disc": 21233,
    "n_regions": 119
  },
  "generation": {
    "cpu_time": 151.28638654499997,
    "real_time": 151.28489708900452,
    "no_test": 5000000,
    "no_disc": 4133803
  },
  "config": {
    "max_depth": 8,
    "min_samples_per_region": 1000,
    "max_samples_per_region": 3000,
    "min_gain": 0.0,
    "gini_weight_mode": "sample",
    "max_split_ratio": 1.0,
    "sampling_risk_focus_alpha": 1.0,
    "sampling_risk_floor": 1e-05,
    "batch_size": 512,
    "disc_phase": "generation",
    "sample_draws": 5000000,
    "random_seed": 1
  }
}