{
  "label": "regionft_d8-MLP-Credit-sex-d5000000",
  "repeat": 0,
  "method": "regionft_d8",
  "model": "MLP",
  "dataset": "Credit",
  "protected": "sex",
  "runtime": 7200,
  "no_disc": 510094,
  "no_test": 5547406,
  "prec": 0.09195180594317416,
  "cpu_time": 111.50511692200007,
  "real_time": 111.50881862640381,
  "partition": {
    "cpu_time": 26.30060942099999,
    "real_time": 26.303143739700317,
    "no_test": 547406,
    "no_disc": 29261,
    "n_regions": 240
  },
  "generation": {
    "cpu_time": 85.20450750100008,
    "real_time": 85.20567488670349,
    "no_test": 5000000,
    "no_disc": 480833
  },
  "config": {
    "max_depth": 8,
    "min_samples_per_region": 1000,
    "max_samples_per_region": 3000,
    "min_gain": 0.0,
    "gini_weight_mode": "sample",
    "max_split_ratio": 1.0,
    "sampling_risk_focus_alpha": 1.0,
    "sampling_risk_floor": 1e-05,
    "batch_size": 512,
    "disc_phase": "generation",
    "sample_draws": 5000000,
    "random_seed": 0
  }
}