{
  "label": "regionft_d8-DecTree-Lsac-sex-d5000000",
  "repeat": 3,
  "method": "regionft_d8",
  "model": "DecTree",
  "dataset": "Lsac",
  "protected": "sex",
  "runtime": 7200,
  "no_disc": 3428362,
  "no_test": 5416036,
  "prec": 0.6330020701487213,
  "cpu_time": 107.22753227799996,
  "real_time": 107.23605871200562,
  "partition": {
    "cpu_time": 26.36521932599993,
    "real_time": 26.371564149856567,
    "no_test": 416036,
    "no_disc": 49759,
    "n_regions": 179
  },
  "generation": {
    "cpu_time": 80.86231295200002,
    "real_time": 80.86449456214905,
    "no_test": 5000000,
    "no_disc": 3378603
  },
  "config": {
    "max_depth": 8,
    "min_samples_per_region": 1000,
    "max_samples_per_region": 3000,
    "min_gain": 0.0,
    "gini_weight_mode": "sample",
    "max_split_ratio": 1.0,
    "sampling_risk_focus_alpha": 1.0,
    "sampling_risk_floor": 1e-05,
    "batch_size": 512,
    "disc_phase": "generation",
    "sample_draws": 5000000,
    "random_seed": 3
  }
}