{
  "label": "regionft_a2-DecTree-Adult-age-d5000000",
  "repeat": 1,
  "method": "regionft_a2",
  "model": "DecTree",
  "dataset": "Adult",
  "protected": "age",
  "runtime": 7200,
  "no_disc": 5095401,
  "no_test": 5329014,
  "prec": 0.9561620592477332,
  "cpu_time": 275.45169907900004,
  "real_time": 275.46564388275146,
  "partition": {
    "cpu_time": 28.58116274000008,
    "real_time": 28.586822748184204,
    "no_test": 329014,
    "no_disc": 132942,
    "n_regions": 147
  },
  "generation": {
    "cpu_time": 246.87053633899995,
    "real_time": 246.87882113456726,
    "no_test": 5000000,
    "no_disc": 4962459
  },
  "config": {
    "max_depth": 10,
    "min_samples_per_region": 1000,
    "max_samples_per_region": 3000,
    "min_gain": 0.0,
    "gini_weight_mode": "sample",
    "max_split_ratio": 1.0,
    "sampling_risk_focus_alpha": 2.0,
    "sampling_risk_floor": 1e-05,
    "batch_size": 512,
    "disc_phase": "generation",
    "sample_draws": 5000000,
    "random_seed": 1
  }
}