{
  "label": "regionft_a2-GBDT-Adult-age-d5000000",
  "repeat": 0,
  "method": "regionft_a2",
  "model": "GBDT",
  "dataset": "Adult",
  "protected": "age",
  "runtime": 7200,
  "no_disc": 4768707,
  "no_test": 7037248,
  "prec": 0.6776380482825104,
  "cpu_time": 466.56230219200006,
  "real_time": 466.56583309173584,
  "partition": {
    "cpu_time": 181.59317994700018,
    "real_time": 181.59747767448425,
    "no_test": 2037248,
    "no_disc": 693129,
    "n_regions": 958
  },
  "generation": {
    "cpu_time": 284.9691222449999,
    "real_time": 284.9683554172516,
    "no_test": 5000000,
    "no_disc": 4075578
  },
  "config": {
    "max_depth": 10,
    "min_samples_per_region": 1000,
    "max_samples_per_region": 3000,
    "min_gain": 0.0,
    "gini_weight_mode": "sample",
    "max_split_ratio": 1.0,
    "sampling_risk_focus_alpha": 2.0,
    "sampling_risk_floor": 1e-05,
    "batch_size": 512,
    "disc_phase": "generation",
    "sample_draws": 5000000,
    "random_seed": 0
  }
}