{
  "label": "regionft_a2-GBDT-Lsac-race-d5000000",
  "repeat": 4,
  "method": "regionft_a2",
  "model": "GBDT",
  "dataset": "Lsac",
  "protected": "race",
  "runtime": 7200,
  "no_disc": 2440936,
  "no_test": 7127326,
  "prec": 0.34247570547495654,
  "cpu_time": 251.4770291779996,
  "real_time": 251.488618850708,
  "partition": {
    "cpu_time": 139.58848060699984,
    "real_time": 139.59933924674988,
    "no_test": 2127326,
    "no_disc": 278297,
    "n_regions": 988
  },
  "generation": {
    "cpu_time": 111.88854857099977,
    "real_time": 111.88927960395813,
    "no_test": 5000000,
    "no_disc": 2162639
  },
  "config": {
    "max_depth": 10,
    "min_samples_per_region": 1000,
    "max_samples_per_region": 3000,
    "min_gain": 0.0,
    "gini_weight_mode": "sample",
    "max_split_ratio": 1.0,
    "sampling_risk_focus_alpha": 2.0,
    "sampling_risk_floor": 1e-05,
    "batch_size": 512,
    "disc_phase": "generation",
    "sample_draws": 5000000,
    "random_seed": 4
  }
}