{
  "label": "regionft_a2-DecTree-Lsac-sex-d5000000",
  "repeat": 0,
  "method": "regionft_a2",
  "model": "DecTree",
  "dataset": "Lsac",
  "protected": "sex",
  "runtime": 7200,
  "no_disc": 4878455,
  "no_test": 6028530,
  "prec": 0.8092279544101132,
  "cpu_time": 148.07276423799976,
  "real_time": 148.08499240875244,
  "partition": {
    "cpu_time": 64.05312652700013,
    "real_time": 64.06008625030518,
    "no_test": 1028530,
    "no_disc": 165390,
    "n_regions": 473
  },
  "generation": {
    "cpu_time": 84.01963771099963,
    "real_time": 84.02490615844727,
    "no_test": 5000000,
    "no_disc": 4713065
  },
  "config": {
    "max_depth": 10,
    "min_samples_per_region": 1000,
    "max_samples_per_region": 3000,
    "min_gain": 0.0,
    "gini_weight_mode": "sample",
    "max_split_ratio": 1.0,
    "sampling_risk_focus_alpha": 2.0,
    "sampling_risk_floor": 1e-05,
    "batch_size": 512,
    "disc_phase": "generation",
    "sample_draws": 5000000,
    "random_seed": 0
  }
}