{
  "label": "regionft_a2-GBDT-Bank-age-d5000000",
  "repeat": 1,
  "method": "regionft_a2",
  "model": "GBDT",
  "dataset": "Bank",
  "protected": "age",
  "runtime": 7200,
  "no_disc": 3750460,
  "no_test": 7056941,
  "prec": 0.5314569017935675,
  "cpu_time": 463.7562074890002,
  "real_time": 463.76573634147644,
  "partition": {
    "cpu_time": 199.83079413099995,
    "real_time": 199.83822751045227,
    "no_test": 2056941,
    "no_disc": 511718,
    "n_regions": 952
  },
  "generation": {
    "cpu_time": 263.92541335800024,
    "real_time": 263.92750883102417,
    "no_test": 5000000,
    "no_disc": 3238742
  },
  "config": {
    "max_depth": 10,
    "min_samples_per_region": 1000,
    "max_samples_per_region": 3000,
    "min_gain": 0.0,
    "gini_weight_mode": "sample",
    "max_split_ratio": 1.0,
    "sampling_risk_focus_alpha": 2.0,
    "sampling_risk_floor": 1e-05,
    "batch_size": 512,
    "disc_phase": "generation",
    "sample_draws": 5000000,
    "random_seed": 1
  }
}