{
  "label": "regionft_a2-MLP-Adult-sex-d5000000",
  "repeat": 2,
  "method": "regionft_a2",
  "model": "MLP",
  "dataset": "Adult",
  "protected": "sex",
  "runtime": 7200,
  "no_disc": 335221,
  "no_test": 6856021,
  "prec": 0.04889439516010818,
  "cpu_time": 176.63052078300007,
  "real_time": 176.63504099845886,
  "partition": {
    "cpu_time": 84.22151426600021,
    "real_time": 84.2252414226532,
    "no_test": 1856021,
    "no_disc": 57632,
    "n_regions": 881
  },
  "generation": {
    "cpu_time": 92.40900651699985,
    "real_time": 92.40979957580566,
    "no_test": 5000000,
    "no_disc": 277589
  },
  "config": {
    "max_depth": 10,
    "min_samples_per_region": 1000,
    "max_samples_per_region": 3000,
    "min_gain": 0.0,
    "gini_weight_mode": "sample",
    "max_split_ratio": 1.0,
    "sampling_risk_focus_alpha": 2.0,
    "sampling_risk_floor": 1e-05,
    "batch_size": 512,
    "disc_phase": "generation",
    "sample_draws": 5000000,
    "random_seed": 2
  }
}