{
  "label": "regionft_a2-GBDT-Adult-age-d5000000",
  "repeat": 4,
  "method": "regionft_a2",
  "model": "GBDT",
  "dataset": "Adult",
  "protected": "age",
  "runtime": 7200,
  "no_disc": 4679270,
  "no_test": 6955252,
  "prec": 0.6727678594535468,
  "cpu_time": 451.45076362300006,
  "real_time": 451.45722246170044,
  "partition": {
    "cpu_time": 177.97285275000013,
    "real_time": 177.98209524154663,
    "no_test": 1955252,
    "no_disc": 634113,
    "n_regions": 918
  },
  "generation": {
    "cpu_time": 273.4779108729999,
    "real_time": 273.4751272201538,
    "no_test": 5000000,
    "no_disc": 4045157
  },
  "config": {
    "max_depth": 10,
    "min_samples_per_region": 1000,
    "max_samples_per_region": 3000,
    "min_gain": 0.0,
    "gini_weight_mode": "sample",
    "max_split_ratio": 1.0,
    "sampling_risk_focus_alpha": 2.0,
    "sampling_risk_floor": 1e-05,
    "batch_size": 512,
    "disc_phase": "generation",
    "sample_draws": 5000000,
    "random_seed": 4
  }
}