{
  "label": "regionft_a2-LogReg-Credit-age-d5000000",
  "repeat": 0,
  "method": "regionft_a2",
  "model": "LogReg",
  "dataset": "Credit",
  "protected": "age",
  "runtime": 7200,
  "no_disc": 1493262,
  "no_test": 7170852,
  "prec": 0.20824052706707655,
  "cpu_time": 334.27970622400017,
  "real_time": 334.30053782463074,
  "partition": {
    "cpu_time": 140.45186192999972,
    "real_time": 140.47185945510864,
    "no_test": 2170852,
    "no_disc": 264065,
    "n_regions": 1008
  },
  "generation": {
    "cpu_time": 193.82784429400044,
    "real_time": 193.8286783695221,
    "no_test": 5000000,
    "no_disc": 1229197
  },
  "config": {
    "max_depth": 10,
    "min_samples_per_region": 1000,
    "max_samples_per_region": 3000,
    "min_gain": 0.0,
    "gini_weight_mode": "sample",
    "max_split_ratio": 1.0,
    "sampling_risk_focus_alpha": 2.0,
    "sampling_risk_floor": 1e-05,
    "batch_size": 512,
    "disc_phase": "generation",
    "sample_draws": 5000000,
    "random_seed": 0
  }
}