{
  "label": "regionft_a2-MLP-Credit-sex-d5000000",
  "repeat": 1,
  "method": "regionft_a2",
  "model": "MLP",
  "dataset": "Credit",
  "protected": "sex",
  "runtime": 7200,
  "no_disc": 736763,
  "no_test": 6883365,
  "prec": 0.10703529451075165,
  "cpu_time": 174.39581777200056,
  "real_time": 174.39940786361694,
  "partition": {
    "cpu_time": 87.71884311400026,
    "real_time": 87.71988010406494,
    "no_test": 1883365,
    "no_disc": 129926,
    "n_regions": 878
  },
  "generation": {
    "cpu_time": 86.67697465800029,
    "real_time": 86.679527759552,
    "no_test": 5000000,
    "no_disc": 606837
  },
  "config": {
    "max_depth": 10,
    "min_samples_per_region": 1000,
    "max_samples_per_region": 3000,
    "min_gain": 0.0,
    "gini_weight_mode": "sample",
    "max_split_ratio": 1.0,
    "sampling_risk_focus_alpha": 2.0,
    "sampling_risk_floor": 1e-05,
    "batch_size": 512,
    "disc_phase": "generation",
    "sample_draws": 5000000,
    "random_seed": 1
  }
}