{
  "label": "regionft_a2-DecTree-Bank-age-d5000000",
  "repeat": 1,
  "method": "regionft_a2",
  "model": "DecTree",
  "dataset": "Bank",
  "protected": "age",
  "runtime": 7200,
  "no_disc": 4394894,
  "no_test": 6274598,
  "prec": 0.7004263858816134,
  "cpu_time": 356.769842746,
  "real_time": 356.77353286743164,
  "partition": {
    "cpu_time": 112.89314661599974,
    "real_time": 112.8944776058197,
    "no_test": 1274598,
    "no_disc": 340635,
    "n_regions": 578
  },
  "generation": {
    "cpu_time": 243.87669613000025,
    "real_time": 243.87905526161194,
    "no_test": 5000000,
    "no_disc": 4054259
  },
  "config": {
    "max_depth": 10,
    "min_samples_per_region": 1000,
    "max_samples_per_region": 3000,
    "min_gain": 0.0,
    "gini_weight_mode": "sample",
    "max_split_ratio": 1.0,
    "sampling_risk_focus_alpha": 2.0,
    "sampling_risk_floor": 1e-05,
    "batch_size": 512,
    "disc_phase": "generation",
    "sample_draws": 5000000,
    "random_seed": 1
  }
}