{
  "label": "regionft_a2-MLP-Lsac-race-d5000000",
  "repeat": 4,
  "method": "regionft_a2",
  "model": "MLP",
  "dataset": "Lsac",
  "protected": "race",
  "runtime": 7200,
  "no_disc": 693057,
  "no_test": 7161918,
  "prec": 0.09676974799208815,
  "cpu_time": 221.02740327999982,
  "real_time": 221.03100776672363,
  "partition": {
    "cpu_time": 123.89585182599967,
    "real_time": 123.89689946174622,
    "no_test": 2161918,
    "no_disc": 130198,
    "n_regions": 1006
  },
  "generation": {
    "cpu_time": 97.13155145400015,
    "real_time": 97.13410830497742,
    "no_test": 5000000,
    "no_disc": 562859
  },
  "config": {
    "max_depth": 10,
    "min_samples_per_region": 1000,
    "max_samples_per_region": 3000,
    "min_gain": 0.0,
    "gini_weight_mode": "sample",
    "max_split_ratio": 1.0,
    "sampling_risk_focus_alpha": 2.0,
    "sampling_risk_floor": 1e-05,
    "batch_size": 512,
    "disc_phase": "generation",
    "sample_draws": 5000000,
    "random_seed": 4
  }
}