{
  "label": "regionft_a2-LogReg-Lsac-sex-d5000000",
  "repeat": 2,
  "method": "regionft_a2",
  "model": "LogReg",
  "dataset": "Lsac",
  "protected": "sex",
  "runtime": 7200,
  "no_disc": 299951,
  "no_test": 6946868,
  "prec": 0.04317787526695484,
  "cpu_time": 168.72041388199978,
  "real_time": 168.72611927986145,
  "partition": {
    "cpu_time": 101.16166463299942,
    "real_time": 101.16612720489502,
    "no_test": 1946868,
    "no_disc": 66163,
    "n_regions": 923
  },
  "generation": {
    "cpu_time": 67.55874924900036,
    "real_time": 67.55999207496643,
    "no_test": 5000000,
    "no_disc": 233788
  },
  "config": {
    "max_depth": 10,
    "min_samples_per_region": 1000,
    "max_samples_per_region": 3000,
    "min_gain": 0.0,
    "gini_weight_mode": "sample",
    "max_split_ratio": 1.0,
    "sampling_risk_focus_alpha": 2.0,
    "sampling_risk_floor": 1e-05,
    "batch_size": 512,
    "disc_phase": "generation",
    "sample_draws": 5000000,
    "random_seed": 2
  }
}