{
  "label": "regionft_a2-GBDT-Credit-age-d5000000",
  "repeat": 2,
  "method": "regionft_a2",
  "model": "GBDT",
  "dataset": "Credit",
  "protected": "age",
  "runtime": 7200,
  "no_disc": 1945355,
  "no_test": 7182806,
  "prec": 0.27083496338339086,
  "cpu_time": 389.89374254000086,
  "real_time": 389.8991355895996,
  "partition": {
    "cpu_time": 171.66822186100035,
    "real_time": 171.67164731025696,
    "no_test": 2182806,
    "no_disc": 362115,
    "n_regions": 1008
  },
  "generation": {
    "cpu_time": 218.2255206790005,
    "real_time": 218.22748827934265,
    "no_test": 5000000,
    "no_disc": 1583240
  },
  "config": {
    "max_depth": 10,
    "min_samples_per_region": 1000,
    "max_samples_per_region": 3000,
    "min_gain": 0.0,
    "gini_weight_mode": "sample",
    "max_split_ratio": 1.0,
    "sampling_risk_focus_alpha": 2.0,
    "sampling_risk_floor": 1e-05,
    "batch_size": 512,
    "disc_phase": "generation",
    "sample_draws": 5000000,
    "random_seed": 2
  }
}