{
  "label": "regionft_a2-MLP-Credit-sex-d5000000",
  "repeat": 4,
  "method": "regionft_a2",
  "model": "MLP",
  "dataset": "Credit",
  "protected": "sex",
  "runtime": 7200,
  "no_disc": 694217,
  "no_test": 7061296,
  "prec": 0.098312972576139,
  "cpu_time": 171.80894176599986,
  "real_time": 171.8098042011261,
  "partition": {
    "cpu_time": 87.4050063069999,
    "real_time": 87.40589022636414,
    "no_test": 2061296,
    "no_disc": 116631,
    "n_regions": 962
  },
  "generation": {
    "cpu_time": 84.40393545899997,
    "real_time": 84.40391397476196,
    "no_test": 5000000,
    "no_disc": 577586
  },
  "config": {
    "max_depth": 10,
    "min_samples_per_region": 1000,
    "max_samples_per_region": 3000,
    "min_gain": 0.0,
    "gini_weight_mode": "sample",
    "max_split_ratio": 1.0,
    "sampling_risk_focus_alpha": 2.0,
    "sampling_risk_floor": 1e-05,
    "batch_size": 512,
    "disc_phase": "generation",
    "sample_draws": 5000000,
    "random_seed": 4
  }
}