{
  "label": "regionft_a2-MLP-Adult-sex-d5000000",
  "repeat": 0,
  "method": "regionft_a2",
  "model": "MLP",
  "dataset": "Adult",
  "protected": "sex",
  "runtime": 7200,
  "no_disc": 359850,
  "no_test": 6992739,
  "prec": 0.05146052212158927,
  "cpu_time": 188.54158036199988,
  "real_time": 188.55608558654785,
  "partition": {
    "cpu_time": 93.98127967600067,
    "real_time": 93.98887014389038,
    "no_test": 1992739,
    "no_disc": 66042,
    "n_regions": 946
  },
  "generation": {
    "cpu_time": 94.56030068599921,
    "real_time": 94.56721544265747,
    "no_test": 5000000,
    "no_disc": 293808
  },
  "config": {
    "max_depth": 10,
    "min_samples_per_region": 1000,
    "max_samples_per_region": 3000,
    "min_gain": 0.0,
    "gini_weight_mode": "sample",
    "max_split_ratio": 1.0,
    "sampling_risk_focus_alpha": 2.0,
    "sampling_risk_floor": 1e-05,
    "batch_size": 512,
    "disc_phase": "generation",
    "sample_draws": 5000000,
    "random_seed": 0
  }
}