{
  "label": "regionft_a2-DecTree-Credit-age-d5000000",
  "repeat": 2,
  "method": "regionft_a2",
  "model": "DecTree",
  "dataset": "Credit",
  "protected": "age",
  "runtime": 7200,
  "no_disc": 5114006,
  "no_test": 5258954,
  "prec": 0.9724378650203063,
  "cpu_time": 231.50235383100016,
  "real_time": 231.5071084499359,
  "partition": {
    "cpu_time": 20.758030336000047,
    "real_time": 20.759735107421875,
    "no_test": 258954,
    "no_disc": 146538,
    "n_regions": 120
  },
  "generation": {
    "cpu_time": 210.74432349500012,
    "real_time": 210.74737334251404,
    "no_test": 5000000,
    "no_disc": 4967468
  },
  "config": {
    "max_depth": 10,
    "min_samples_per_region": 1000,
    "max_samples_per_region": 3000,
    "min_gain": 0.0,
    "gini_weight_mode": "sample",
    "max_split_ratio": 1.0,
    "sampling_risk_focus_alpha": 2.0,
    "sampling_risk_floor": 1e-05,
    "batch_size": 512,
    "disc_phase": "generation",
    "sample_draws": 5000000,
    "random_seed": 2
  }
}