{
  "label": "regionft_a2-GBDT-Adult-race-d5000000",
  "repeat": 4,
  "method": "regionft_a2",
  "model": "GBDT",
  "dataset": "Adult",
  "protected": "race",
  "runtime": 7200,
  "no_disc": 905119,
  "no_test": 6733561,
  "prec": 0.13441906889979907,
  "cpu_time": 266.4290108339999,
  "real_time": 266.43002343177795,
  "partition": {
    "cpu_time": 109.15566068599992,
    "real_time": 109.15739917755127,
    "no_test": 1733561,
    "no_disc": 85759,
    "n_regions": 833
  },
  "generation": {
    "cpu_time": 157.27335014799996,
    "real_time": 157.27262425422668,
    "no_test": 5000000,
    "no_disc": 819360
  },
  "config": {
    "max_depth": 10,
    "min_samples_per_region": 1000,
    "max_samples_per_region": 3000,
    "min_gain": 0.0,
    "gini_weight_mode": "sample",
    "max_split_ratio": 1.0,
    "sampling_risk_focus_alpha": 2.0,
    "sampling_risk_floor": 1e-05,
    "batch_size": 512,
    "disc_phase": "generation",
    "sample_draws": 5000000,
    "random_seed": 4
  }
}