{
  "label": "regionft_a2-LogReg-Lsac-race-d5000000",
  "repeat": 2,
  "method": "regionft_a2",
  "model": "LogReg",
  "dataset": "Lsac",
  "protected": "race",
  "runtime": 7200,
  "no_disc": 1247185,
  "no_test": 7036554,
  "prec": 0.1772437190135967,
  "cpu_time": 206.31216729899995,
  "real_time": 206.31377816200256,
  "partition": {
    "cpu_time": 117.97578273199997,
    "real_time": 117.97708225250244,
    "no_test": 2036554,
    "no_disc": 209206,
    "n_regions": 953
  },
  "generation": {
    "cpu_time": 88.33638456699998,
    "real_time": 88.33669590950012,
    "no_test": 5000000,
    "no_disc": 1037979
  },
  "config": {
    "max_depth": 10,
    "min_samples_per_region": 1000,
    "max_samples_per_region": 3000,
    "min_gain": 0.0,
    "gini_weight_mode": "sample",
    "max_split_ratio": 1.0,
    "sampling_risk_focus_alpha": 2.0,
    "sampling_risk_floor": 1e-05,
    "batch_size": 512,
    "disc_phase": "generation",
    "sample_draws": 5000000,
    "random_seed": 2
  }
}