{
  "label": "regionft_a2-LogReg-Credit-sex-d5000000",
  "repeat": 2,
  "method": "regionft_a2",
  "model": "LogReg",
  "dataset": "Credit",
  "protected": "sex",
  "runtime": 7200,
  "no_disc": 639199,
  "no_test": 7193699,
  "prec": 0.08885539970465821,
  "cpu_time": 172.6162014770007,
  "real_time": 172.6190767288208,
  "partition": {
    "cpu_time": 95.05428248699991,
    "real_time": 95.05721378326416,
    "no_test": 2193699,
    "no_disc": 140467,
    "n_regions": 1013
  },
  "generation": {
    "cpu_time": 77.56191899000078,
    "real_time": 77.56186294555664,
    "no_test": 5000000,
    "no_disc": 498732
  },
  "config": {
    "max_depth": 10,
    "min_samples_per_region": 1000,
    "max_samples_per_region": 3000,
    "min_gain": 0.0,
    "gini_weight_mode": "sample",
    "max_split_ratio": 1.0,
    "sampling_risk_focus_alpha": 2.0,
    "sampling_risk_floor": 1e-05,
    "batch_size": 512,
    "disc_phase": "generation",
    "sample_draws": 5000000,
    "random_seed": 2
  }
}