{
  "label": "regionft_a2-MLP-Lsac-race-d5000000",
  "repeat": 0,
  "method": "regionft_a2",
  "model": "MLP",
  "dataset": "Lsac",
  "protected": "race",
  "runtime": 7200,
  "no_disc": 695298,
  "no_test": 7084084,
  "prec": 0.09814931612894483,
  "cpu_time": 214.3582387029992,
  "real_time": 214.36263346672058,
  "partition": {
    "cpu_time": 121.18664303499918,
    "real_time": 121.19026017189026,
    "no_test": 2084084,
    "no_disc": 124428,
    "n_regions": 972
  },
  "generation": {
    "cpu_time": 93.17159566800001,
    "real_time": 93.17237329483032,
    "no_test": 5000000,
    "no_disc": 570870
  },
  "config": {
    "max_depth": 10,
    "min_samples_per_region": 1000,
    "max_samples_per_region": 3000,
    "min_gain": 0.0,
    "gini_weight_mode": "sample",
    "max_split_ratio": 1.0,
    "sampling_risk_focus_alpha": 2.0,
    "sampling_risk_floor": 1e-05,
    "batch_size": 512,
    "disc_phase": "generation",
    "sample_draws": 5000000,
    "random_seed": 0
  }
}