{
  "label": "regionft_a2-DecTree-Adult-age-d5000000",
  "repeat": 0,
  "method": "regionft_a2",
  "model": "DecTree",
  "dataset": "Adult",
  "protected": "age",
  "runtime": 7200,
  "no_disc": 5061840,
  "no_test": 5259784,
  "prec": 0.9623665154310519,
  "cpu_time": 263.58664699299993,
  "real_time": 263.593142747879,
  "partition": {
    "cpu_time": 22.999485753000044,
    "real_time": 23.004042863845825,
    "no_test": 259784,
    "no_disc": 104060,
    "n_regions": 114
  },
  "generation": {
    "cpu_time": 240.5871612399999,
    "real_time": 240.5890998840332,
    "no_test": 5000000,
    "no_disc": 4957780
  },
  "config": {
    "max_depth": 10,
    "min_samples_per_region": 1000,
    "max_samples_per_region": 3000,
    "min_gain": 0.0,
    "gini_weight_mode": "sample",
    "max_split_ratio": 1.0,
    "sampling_risk_focus_alpha": 2.0,
    "sampling_risk_floor": 1e-05,
    "batch_size": 512,
    "disc_phase": "generation",
    "sample_draws": 5000000,
    "random_seed": 0
  }
}