{
  "label": "regionft_a2-GBDT-Lsac-sex-d5000000",
  "repeat": 2,
  "method": "regionft_a2",
  "model": "GBDT",
  "dataset": "Lsac",
  "protected": "sex",
  "runtime": 7200,
  "no_disc": 775848,
  "no_test": 6915669,
  "prec": 0.11218697713843737,
  "cpu_time": 200.11670651700024,
  "real_time": 200.11874055862427,
  "partition": {
    "cpu_time": 112.21529461599994,
    "real_time": 112.2164659500122,
    "no_test": 1915669,
    "no_disc": 93536,
    "n_regions": 908
  },
  "generation": {
    "cpu_time": 87.9014119010003,
    "real_time": 87.90227460861206,
    "no_test": 5000000,
    "no_disc": 682312
  },
  "config": {
    "max_depth": 10,
    "min_samples_per_region": 1000,
    "max_samples_per_region": 3000,
    "min_gain": 0.0,
    "gini_weight_mode": "sample",
    "max_split_ratio": 1.0,
    "sampling_risk_focus_alpha": 2.0,
    "sampling_risk_floor": 1e-05,
    "batch_size": 512,
    "disc_phase": "generation",
    "sample_draws": 5000000,
    "random_seed": 2
  }
}