{
  "label": "regionft_a2-MLP-Credit-age-d5000000",
  "repeat": 3,
  "method": "regionft_a2",
  "model": "MLP",
  "dataset": "Credit",
  "protected": "age",
  "runtime": 7200,
  "no_disc": 1931698,
  "no_test": 7135307,
  "prec": 0.27072388055622554,
  "cpu_time": 353.4335236380002,
  "real_time": 353.44060230255127,
  "partition": {
    "cpu_time": 143.51639372299996,
    "real_time": 143.52298092842102,
    "no_test": 2135307,
    "no_disc": 281646,
    "n_regions": 990
  },
  "generation": {
    "cpu_time": 209.91712991500026,
    "real_time": 209.91762137413025,
    "no_test": 5000000,
    "no_disc": 1650052
  },
  "config": {
    "max_depth": 10,
    "min_samples_per_region": 1000,
    "max_samples_per_region": 3000,
    "min_gain": 0.0,
    "gini_weight_mode": "sample",
    "max_split_ratio": 1.0,
    "sampling_risk_focus_alpha": 2.0,
    "sampling_risk_floor": 1e-05,
    "batch_size": 512,
    "disc_phase": "generation",
    "sample_draws": 5000000,
    "random_seed": 3
  }
}