{
  "label": "regionft_a2-MLP-Adult-age-d5000000",
  "repeat": 4,
  "method": "regionft_a2",
  "model": "MLP",
  "dataset": "Adult",
  "protected": "age",
  "runtime": 7200,
  "no_disc": 3624955,
  "no_test": 7188328,
  "prec": 0.5042834717614444,
  "cpu_time": 477.1429461920002,
  "real_time": 477.1606285572052,
  "partition": {
    "cpu_time": 189.2205621280002,
    "real_time": 189.2351086139679,
    "no_test": 2188328,
    "no_disc": 676869,
    "n_regions": 1022
  },
  "generation": {
    "cpu_time": 287.92238406399997,
    "real_time": 287.9255199432373,
    "no_test": 5000000,
    "no_disc": 2948086
  },
  "config": {
    "max_depth": 10,
    "min_samples_per_region": 1000,
    "max_samples_per_region": 3000,
    "min_gain": 0.0,
    "gini_weight_mode": "sample",
    "max_split_ratio": 1.0,
    "sampling_risk_focus_alpha": 2.0,
    "sampling_risk_floor": 1e-05,
    "batch_size": 512,
    "disc_phase": "generation",
    "sample_draws": 5000000,
    "random_seed": 4
  }
}