{
  "label": "regionft_a2-MLP-Lsac-sex-d5000000",
  "repeat": 4,
  "method": "regionft_a2",
  "model": "MLP",
  "dataset": "Lsac",
  "protected": "sex",
  "runtime": 7200,
  "no_disc": 242987,
  "no_test": 7116821,
  "prec": 0.034142631941986454,
  "cpu_time": 190.28622238800017,
  "real_time": 190.2945749759674,
  "partition": {
    "cpu_time": 114.14167407600007,
    "real_time": 114.14901399612427,
    "no_test": 2116821,
    "no_disc": 56363,
    "n_regions": 993
  },
  "generation": {
    "cpu_time": 76.1445483120001,
    "real_time": 76.14556097984314,
    "no_test": 5000000,
    "no_disc": 186624
  },
  "config": {
    "max_depth": 10,
    "min_samples_per_region": 1000,
    "max_samples_per_region": 3000,
    "min_gain": 0.0,
    "gini_weight_mode": "sample",
    "max_split_ratio": 1.0,
    "sampling_risk_focus_alpha": 2.0,
    "sampling_risk_floor": 1e-05,
    "batch_size": 512,
    "disc_phase": "generation",
    "sample_draws": 5000000,
    "random_seed": 4
  }
}