{
  "label": "regionft_a2-LogReg-Adult-race-d5000000",
  "repeat": 1,
  "method": "regionft_a2",
  "model": "LogReg",
  "dataset": "Adult",
  "protected": "race",
  "runtime": 7200,
  "no_disc": 546369,
  "no_test": 6537788,
  "prec": 0.08357092643566907,
  "cpu_time": 211.34893794800018,
  "real_time": 211.3540289402008,
  "partition": {
    "cpu_time": 83.48978029699992,
    "real_time": 83.49343919754028,
    "no_test": 1537788,
    "no_disc": 85991,
    "n_regions": 740
  },
  "generation": {
    "cpu_time": 127.85915765100026,
    "real_time": 127.86058974266052,
    "no_test": 5000000,
    "no_disc": 460378
  },
  "config": {
    "max_depth": 10,
    "min_samples_per_region": 1000,
    "max_samples_per_region": 3000,
    "min_gain": 0.0,
    "gini_weight_mode": "sample",
    "max_split_ratio": 1.0,
    "sampling_risk_focus_alpha": 2.0,
    "sampling_risk_floor": 1e-05,
    "batch_size": 512,
    "disc_phase": "generation",
    "sample_draws": 5000000,
    "random_seed": 1
  }
}