{
  "label": "regionft_a2-GBDT-Bank-age-d5000000",
  "repeat": 3,
  "method": "regionft_a2",
  "model": "GBDT",
  "dataset": "Bank",
  "protected": "age",
  "runtime": 7200,
  "no_disc": 3736452,
  "no_test": 6963671,
  "prec": 0.5365635452909823,
  "cpu_time": 448.92053414300017,
  "real_time": 448.93136382102966,
  "partition": {
    "cpu_time": 183.604324829,
    "real_time": 183.6103539466858,
    "no_test": 1963671,
    "no_disc": 475215,
    "n_regions": 913
  },
  "generation": {
    "cpu_time": 265.31620931400016,
    "real_time": 265.3210098743439,
    "no_test": 5000000,
    "no_disc": 3261237
  },
  "config": {
    "max_depth": 10,
    "min_samples_per_region": 1000,
    "max_samples_per_region": 3000,
    "min_gain": 0.0,
    "gini_weight_mode": "sample",
    "max_split_ratio": 1.0,
    "sampling_risk_focus_alpha": 2.0,
    "sampling_risk_floor": 1e-05,
    "batch_size": 512,
    "disc_phase": "generation",
    "sample_draws": 5000000,
    "random_seed": 3
  }
}