{
  "label": "regionft_a2-MLP-Credit-age-d5000000",
  "repeat": 0,
  "method": "regionft_a2",
  "model": "MLP",
  "dataset": "Credit",
  "protected": "age",
  "runtime": 7200,
  "no_disc": 1736340,
  "no_test": 7125052,
  "prec": 0.24369506355883438,
  "cpu_time": 352.7079669300001,
  "real_time": 352.7177515029907,
  "partition": {
    "cpu_time": 139.13193537899951,
    "real_time": 139.14111375808716,
    "no_test": 2125052,
    "no_disc": 223084,
    "n_regions": 988
  },
  "generation": {
    "cpu_time": 213.5760315510006,
    "real_time": 213.57663774490356,
    "no_test": 5000000,
    "no_disc": 1513256
  },
  "config": {
    "max_depth": 10,
    "min_samples_per_region": 1000,
    "max_samples_per_region": 3000,
    "min_gain": 0.0,
    "gini_weight_mode": "sample",
    "max_split_ratio": 1.0,
    "sampling_risk_focus_alpha": 2.0,
    "sampling_risk_floor": 1e-05,
    "batch_size": 512,
    "disc_phase": "generation",
    "sample_draws": 5000000,
    "random_seed": 0
  }
}