{
  "label": "regionft_a2-LogReg-Credit-sex-d5000000",
  "repeat": 4,
  "method": "regionft_a2",
  "model": "LogReg",
  "dataset": "Credit",
  "protected": "sex",
  "runtime": 7200,
  "no_disc": 618467,
  "no_test": 7153850,
  "prec": 0.08645232986433879,
  "cpu_time": 170.7594126670001,
  "real_time": 170.75948476791382,
  "partition": {
    "cpu_time": 94.13532210700032,
    "real_time": 94.1355152130127,
    "no_test": 2153850,
    "no_disc": 132963,
    "n_regions": 999
  },
  "generation": {
    "cpu_time": 76.62409055999979,
    "real_time": 76.62396955490112,
    "no_test": 5000000,
    "no_disc": 485504
  },
  "config": {
    "max_depth": 10,
    "min_samples_per_region": 1000,
    "max_samples_per_region": 3000,
    "min_gain": 0.0,
    "gini_weight_mode": "sample",
    "max_split_ratio": 1.0,
    "sampling_risk_focus_alpha": 2.0,
    "sampling_risk_floor": 1e-05,
    "batch_size": 512,
    "disc_phase": "generation",
    "sample_draws": 5000000,
    "random_seed": 4
  }
}