{
  "label": "regionft_a2-LogReg-Adult-sex-d5000000",
  "repeat": 1,
  "method": "regionft_a2",
  "model": "LogReg",
  "dataset": "Adult",
  "protected": "sex",
  "runtime": 7200,
  "no_disc": 400706,
  "no_test": 6047497,
  "prec": 0.06625980963694567,
  "cpu_time": 109.69664565200037,
  "real_time": 109.69898581504822,
  "partition": {
    "cpu_time": 43.16903401400032,
    "real_time": 43.171242475509644,
    "no_test": 1047497,
    "no_disc": 54529,
    "n_regions": 504
  },
  "generation": {
    "cpu_time": 66.52761163800005,
    "real_time": 66.52774333953857,
    "no_test": 5000000,
    "no_disc": 346177
  },
  "config": {
    "max_depth": 10,
    "min_samples_per_region": 1000,
    "max_samples_per_region": 3000,
    "min_gain": 0.0,
    "gini_weight_mode": "sample",
    "max_split_ratio": 1.0,
    "sampling_risk_focus_alpha": 2.0,
    "sampling_risk_floor": 1e-05,
    "batch_size": 512,
    "disc_phase": "generation",
    "sample_draws": 5000000,
    "random_seed": 1
  }
}