{
  "label": "regionft_a2-LogReg-Bank-age-d5000000",
  "repeat": 1,
  "method": "regionft_a2",
  "model": "LogReg",
  "dataset": "Bank",
  "protected": "age",
  "runtime": 7200,
  "no_disc": 745009,
  "no_test": 6765386,
  "prec": 0.11012069377859593,
  "cpu_time": 359.1892063059995,
  "real_time": 359.1933512687683,
  "partition": {
    "cpu_time": 139.9364212319997,
    "real_time": 139.93980598449707,
    "no_test": 1765386,
    "no_disc": 98430,
    "n_regions": 838
  },
  "generation": {
    "cpu_time": 219.2527850739998,
    "real_time": 219.25354528427124,
    "no_test": 5000000,
    "no_disc": 646579
  },
  "config": {
    "max_depth": 10,
    "min_samples_per_region": 1000,
    "max_samples_per_region": 3000,
    "min_gain": 0.0,
    "gini_weight_mode": "sample",
    "max_split_ratio": 1.0,
    "sampling_risk_focus_alpha": 2.0,
    "sampling_risk_floor": 1e-05,
    "batch_size": 512,
    "disc_phase": "generation",
    "sample_draws": 5000000,
    "random_seed": 1
  }
}