{
  "label": "regionft_a2-MLP-Adult-sex-d5000000",
  "repeat": 1,
  "method": "regionft_a2",
  "model": "MLP",
  "dataset": "Adult",
  "protected": "sex",
  "runtime": 7200,
  "no_disc": 384723,
  "no_test": 7060066,
  "prec": 0.054492833353115964,
  "cpu_time": 191.07625852499996,
  "real_time": 191.08356761932373,
  "partition": {
    "cpu_time": 97.8633682300001,
    "real_time": 97.87052655220032,
    "no_test": 2060066,
    "no_disc": 76443,
    "n_regions": 982
  },
  "generation": {
    "cpu_time": 93.21289029499985,
    "real_time": 93.21304106712341,
    "no_test": 5000000,
    "no_disc": 308280
  },
  "config": {
    "max_depth": 10,
    "min_samples_per_region": 1000,
    "max_samples_per_region": 3000,
    "min_gain": 0.0,
    "gini_weight_mode": "sample",
    "max_split_ratio": 1.0,
    "sampling_risk_focus_alpha": 2.0,
    "sampling_risk_floor": 1e-05,
    "batch_size": 512,
    "disc_phase": "generation",
    "sample_draws": 5000000,
    "random_seed": 1
  }
}