{
  "label": "regionft_a2-GBDT-Adult-race-d5000000",
  "repeat": 2,
  "method": "regionft_a2",
  "model": "GBDT",
  "dataset": "Adult",
  "protected": "race",
  "runtime": 7200,
  "no_disc": 943481,
  "no_test": 6702112,
  "prec": 0.14077368447438657,
  "cpu_time": 271.5410538550002,
  "real_time": 271.54084944725037,
  "partition": {
    "cpu_time": 110.34337474000017,
    "real_time": 110.343421459198,
    "no_test": 1702112,
    "no_disc": 85231,
    "n_regions": 814
  },
  "generation": {
    "cpu_time": 161.19767911500003,
    "real_time": 161.19742798805237,
    "no_test": 5000000,
    "no_disc": 858250
  },
  "config": {
    "max_depth": 10,
    "min_samples_per_region": 1000,
    "max_samples_per_region": 3000,
    "min_gain": 0.0,
    "gini_weight_mode": "sample",
    "max_split_ratio": 1.0,
    "sampling_risk_focus_alpha": 2.0,
    "sampling_risk_floor": 1e-05,
    "batch_size": 512,
    "disc_phase": "generation",
    "sample_draws": 5000000,
    "random_seed": 2
  }
}