{
  "label": "regionft_a2-GBDT-Lsac-sex-d5000000",
  "repeat": 3,
  "method": "regionft_a2",
  "model": "GBDT",
  "dataset": "Lsac",
  "protected": "sex",
  "runtime": 7200,
  "no_disc": 920768,
  "no_test": 6978472,
  "prec": 0.1319440702778488,
  "cpu_time": 206.94622769399984,
  "real_time": 206.95020985603333,
  "partition": {
    "cpu_time": 117.93433042800052,
    "real_time": 117.93787455558777,
    "no_test": 1978472,
    "no_disc": 134712,
    "n_regions": 946
  },
  "generation": {
    "cpu_time": 89.01189726599932,
    "real_time": 89.01233530044556,
    "no_test": 5000000,
    "no_disc": 786056
  },
  "config": {
    "max_depth": 10,
    "min_samples_per_region": 1000,
    "max_samples_per_region": 3000,
    "min_gain": 0.0,
    "gini_weight_mode": "sample",
    "max_split_ratio": 1.0,
    "sampling_risk_focus_alpha": 2.0,
    "sampling_risk_floor": 1e-05,
    "batch_size": 512,
    "disc_phase": "generation",
    "sample_draws": 5000000,
    "random_seed": 3
  }
}