{
  "label": "regionft_a2-GBDT-Lsac-sex-d5000000",
  "repeat": 4,
  "method": "regionft_a2",
  "model": "GBDT",
  "dataset": "Lsac",
  "protected": "sex",
  "runtime": 7200,
  "no_disc": 884285,
  "no_test": 7067558,
  "prec": 0.12511888830625797,
  "cpu_time": 209.16867274000015,
  "real_time": 209.1785852909088,
  "partition": {
    "cpu_time": 121.18666503900022,
    "real_time": 121.19540786743164,
    "no_test": 2067558,
    "no_disc": 132887,
    "n_regions": 985
  },
  "generation": {
    "cpu_time": 87.98200770099993,
    "real_time": 87.98317742347717,
    "no_test": 5000000,
    "no_disc": 751398
  },
  "config": {
    "max_depth": 10,
    "min_samples_per_region": 1000,
    "max_samples_per_region": 3000,
    "min_gain": 0.0,
    "gini_weight_mode": "sample",
    "max_split_ratio": 1.0,
    "sampling_risk_focus_alpha": 2.0,
    "sampling_risk_floor": 1e-05,
    "batch_size": 512,
    "disc_phase": "generation",
    "sample_draws": 5000000,
    "random_seed": 4
  }
}