{
  "label": "regionft_a2-MLP-Bank-age-d5000000",
  "repeat": 4,
  "method": "regionft_a2",
  "model": "MLP",
  "dataset": "Bank",
  "protected": "age",
  "runtime": 7200,
  "no_disc": 2363468,
  "no_test": 7138959,
  "prec": 0.331066196065841,
  "cpu_time": 492.7240179530004,
  "real_time": 492.7371344566345,
  "partition": {
    "cpu_time": 193.30726533400002,
    "real_time": 193.31799912452698,
    "no_test": 2138959,
    "no_disc": 349804,
    "n_regions": 992
  },
  "generation": {
    "cpu_time": 299.41675261900036,
    "real_time": 299.41913533210754,
    "no_test": 5000000,
    "no_disc": 2013664
  },
  "config": {
    "max_depth": 10,
    "min_samples_per_region": 1000,
    "max_samples_per_region": 3000,
    "min_gain": 0.0,
    "gini_weight_mode": "sample",
    "max_split_ratio": 1.0,
    "sampling_risk_focus_alpha": 2.0,
    "sampling_risk_floor": 1e-05,
    "batch_size": 512,
    "disc_phase": "generation",
    "sample_draws": 5000000,
    "random_seed": 4
  }
}