{
  "label": "regionft_a2-LogReg-Credit-sex-d5000000",
  "repeat": 1,
  "method": "regionft_a2",
  "model": "LogReg",
  "dataset": "Credit",
  "protected": "sex",
  "runtime": 7200,
  "no_disc": 643062,
  "no_test": 7157668,
  "prec": 0.08984239000747171,
  "cpu_time": 173.13329244900024,
  "real_time": 173.13407945632935,
  "partition": {
    "cpu_time": 96.33953166600031,
    "real_time": 96.3401517868042,
    "no_test": 2157668,
    "no_disc": 129452,
    "n_regions": 998
  },
  "generation": {
    "cpu_time": 76.79376078299993,
    "real_time": 76.79392766952515,
    "no_test": 5000000,
    "no_disc": 513610
  },
  "config": {
    "max_depth": 10,
    "min_samples_per_region": 1000,
    "max_samples_per_region": 3000,
    "min_gain": 0.0,
    "gini_weight_mode": "sample",
    "max_split_ratio": 1.0,
    "sampling_risk_focus_alpha": 2.0,
    "sampling_risk_floor": 1e-05,
    "batch_size": 512,
    "disc_phase": "generation",
    "sample_draws": 5000000,
    "random_seed": 1
  }
}