{
  "label": "regionft_a2-MLP-Adult-age-d5000000",
  "repeat": 1,
  "method": "regionft_a2",
  "model": "MLP",
  "dataset": "Adult",
  "protected": "age",
  "runtime": 7200,
  "no_disc": 3585585,
  "no_test": 7195808,
  "prec": 0.4982880310314005,
  "cpu_time": 530.4127874609999,
  "real_time": 530.450573682785,
  "partition": {
    "cpu_time": 197.04392595799993,
    "real_time": 197.07782888412476,
    "no_test": 2195808,
    "no_disc": 604947,
    "n_regions": 1023
  },
  "generation": {
    "cpu_time": 333.36886150299995,
    "real_time": 333.3727447986603,
    "no_test": 5000000,
    "no_disc": 2980638
  },
  "config": {
    "max_depth": 10,
    "min_samples_per_region": 1000,
    "max_samples_per_region": 3000,
    "min_gain": 0.0,
    "gini_weight_mode": "sample",
    "max_split_ratio": 1.0,
    "sampling_risk_focus_alpha": 2.0,
    "sampling_risk_floor": 1e-05,
    "batch_size": 512,
    "disc_phase": "generation",
    "sample_draws": 5000000,
    "random_seed": 1
  }
}