{
  "label": "regionft_a2-MLP-Bank-age-d5000000",
  "repeat": 0,
  "method": "regionft_a2",
  "model": "MLP",
  "dataset": "Bank",
  "protected": "age",
  "runtime": 7200,
  "no_disc": 2410078,
  "no_test": 7161542,
  "prec": 0.33653059634363663,
  "cpu_time": 501.0323698530001,
  "real_time": 501.0568838119507,
  "partition": {
    "cpu_time": 196.47118702999978,
    "real_time": 196.49243426322937,
    "no_test": 2161542,
    "no_disc": 376031,
    "n_regions": 1002
  },
  "generation": {
    "cpu_time": 304.5611828230003,
    "real_time": 304.5644495487213,
    "no_test": 5000000,
    "no_disc": 2034047
  },
  "config": {
    "max_depth": 10,
    "min_samples_per_region": 1000,
    "max_samples_per_region": 3000,
    "min_gain": 0.0,
    "gini_weight_mode": "sample",
    "max_split_ratio": 1.0,
    "sampling_risk_focus_alpha": 2.0,
    "sampling_risk_floor": 1e-05,
    "batch_size": 512,
    "disc_phase": "generation",
    "sample_draws": 5000000,
    "random_seed": 0
  }
}