{
  "label": "regionft_a2-DecTree-Adult-sex-d5000000",
  "repeat": 0,
  "method": "regionft_a2",
  "model": "DecTree",
  "dataset": "Adult",
  "protected": "sex",
  "runtime": 7200,
  "no_disc": 3549432,
  "no_test": 5792915,
  "prec": 0.61271950304812,
  "cpu_time": 120.96579208099979,
  "real_time": 120.97141146659851,
  "partition": {
    "cpu_time": 37.932566269999825,
    "real_time": 37.9381787776947,
    "no_test": 792915,
    "no_disc": 123946,
    "n_regions": 383
  },
  "generation": {
    "cpu_time": 83.03322581099997,
    "real_time": 83.03323268890381,
    "no_test": 5000000,
    "no_disc": 3425486
  },
  "config": {
    "max_depth": 10,
    "min_samples_per_region": 1000,
    "max_samples_per_region": 3000,
    "min_gain": 0.0,
    "gini_weight_mode": "sample",
    "max_split_ratio": 1.0,
    "sampling_risk_focus_alpha": 2.0,
    "sampling_risk_floor": 1e-05,
    "batch_size": 512,
    "disc_phase": "generation",
    "sample_draws": 5000000,
    "random_seed": 0
  }
}