{
  "label": "regionft_a2-LogReg-Credit-age-d5000000",
  "repeat": 1,
  "method": "regionft_a2",
  "model": "LogReg",
  "dataset": "Credit",
  "protected": "age",
  "runtime": 7200,
  "no_disc": 1524685,
  "no_test": 6943519,
  "prec": 0.21958390262919997,
  "cpu_time": 316.50225480600056,
  "real_time": 316.50670170783997,
  "partition": {
    "cpu_time": 127.03081777700027,
    "real_time": 127.03451466560364,
    "no_test": 1943519,
    "no_disc": 258982,
    "n_regions": 895
  },
  "generation": {
    "cpu_time": 189.4714370290003,
    "real_time": 189.47218704223633,
    "no_test": 5000000,
    "no_disc": 1265703
  },
  "config": {
    "max_depth": 10,
    "min_samples_per_region": 1000,
    "max_samples_per_region": 3000,
    "min_gain": 0.0,
    "gini_weight_mode": "sample",
    "max_split_ratio": 1.0,
    "sampling_risk_focus_alpha": 2.0,
    "sampling_risk_floor": 1e-05,
    "batch_size": 512,
    "disc_phase": "generation",
    "sample_draws": 5000000,
    "random_seed": 1
  }
}