{
  "label": "regionft_a2-LogReg-Adult-age-d5000000",
  "repeat": 4,
  "method": "regionft_a2",
  "model": "LogReg",
  "dataset": "Adult",
  "protected": "age",
  "runtime": 7200,
  "no_disc": 3555047,
  "no_test": 6705017,
  "prec": 0.530207007677982,
  "cpu_time": 364.1502564470002,
  "real_time": 364.1547954082489,
  "partition": {
    "cpu_time": 127.17054768900016,
    "real_time": 127.1733911037445,
    "no_test": 1705017,
    "no_disc": 484435,
    "n_regions": 817
  },
  "generation": {
    "cpu_time": 236.97970875800002,
    "real_time": 236.9814043045044,
    "no_test": 5000000,
    "no_disc": 3070612
  },
  "config": {
    "max_depth": 10,
    "min_samples_per_region": 1000,
    "max_samples_per_region": 3000,
    "min_gain": 0.0,
    "gini_weight_mode": "sample",
    "max_split_ratio": 1.0,
    "sampling_risk_focus_alpha": 2.0,
    "sampling_risk_floor": 1e-05,
    "batch_size": 512,
    "disc_phase": "generation",
    "sample_draws": 5000000,
    "random_seed": 4
  }
}