{
  "label": "regionft_a2-MLP-Adult-age-d5000000",
  "repeat": 2,
  "method": "regionft_a2",
  "model": "MLP",
  "dataset": "Adult",
  "protected": "age",
  "runtime": 7200,
  "no_disc": 3670411,
  "no_test": 7172314,
  "prec": 0.5117471153661147,
  "cpu_time": 476.764931425,
  "real_time": 476.77187037467957,
  "partition": {
    "cpu_time": 188.58536066099987,
    "real_time": 188.58931303024292,
    "no_test": 2172314,
    "no_disc": 647224,
    "n_regions": 1014
  },
  "generation": {
    "cpu_time": 288.1795707640001,
    "real_time": 288.18255734443665,
    "no_test": 5000000,
    "no_disc": 3023187
  },
  "config": {
    "max_depth": 10,
    "min_samples_per_region": 1000,
    "max_samples_per_region": 3000,
    "min_gain": 0.0,
    "gini_weight_mode": "sample",
    "max_split_ratio": 1.0,
    "sampling_risk_focus_alpha": 2.0,
    "sampling_risk_floor": 1e-05,
    "batch_size": 512,
    "disc_phase": "generation",
    "sample_draws": 5000000,
    "random_seed": 2
  }
}