{
  "label": "regionft_a2-MLP-Credit-sex-d5000000",
  "repeat": 0,
  "method": "regionft_a2",
  "model": "MLP",
  "dataset": "Credit",
  "protected": "sex",
  "runtime": 7200,
  "no_disc": 696142,
  "no_test": 7003275,
  "prec": 0.09940235104290493,
  "cpu_time": 175.10060387999965,
  "real_time": 175.11297249794006,
  "partition": {
    "cpu_time": 89.13269176499944,
    "real_time": 89.14448881149292,
    "no_test": 2003275,
    "no_disc": 122102,
    "n_regions": 939
  },
  "generation": {
    "cpu_time": 85.96791211500022,
    "real_time": 85.96848368644714,
    "no_test": 5000000,
    "no_disc": 574040
  },
  "config": {
    "max_depth": 10,
    "min_samples_per_region": 1000,
    "max_samples_per_region": 3000,
    "min_gain": 0.0,
    "gini_weight_mode": "sample",
    "max_split_ratio": 1.0,
    "sampling_risk_focus_alpha": 2.0,
    "sampling_risk_floor": 1e-05,
    "batch_size": 512,
    "disc_phase": "generation",
    "sample_draws": 5000000,
    "random_seed": 0
  }
}