{
  "label": "regionft_a2-GBDT-Adult-sex-d5000000",
  "repeat": 4,
  "method": "regionft_a2",
  "model": "GBDT",
  "dataset": "Adult",
  "protected": "sex",
  "runtime": 7200,
  "no_disc": 1136127,
  "no_test": 6953689,
  "prec": 0.16338478755664798,
  "cpu_time": 191.69645626300007,
  "real_time": 191.70095205307007,
  "partition": {
    "cpu_time": 103.75324829300007,
    "real_time": 103.75697803497314,
    "no_test": 1953689,
    "no_disc": 154994,
    "n_regions": 938
  },
  "generation": {
    "cpu_time": 87.94320797,
    "real_time": 87.94397401809692,
    "no_test": 5000000,
    "no_disc": 981133
  },
  "config": {
    "max_depth": 10,
    "min_samples_per_region": 1000,
    "max_samples_per_region": 3000,
    "min_gain": 0.0,
    "gini_weight_mode": "sample",
    "max_split_ratio": 1.0,
    "sampling_risk_focus_alpha": 2.0,
    "sampling_risk_floor": 1e-05,
    "batch_size": 512,
    "disc_phase": "generation",
    "sample_draws": 5000000,
    "random_seed": 4
  }
}