{
  "label": "regionft_a2-DecTree-Lsac-race-d5000000",
  "repeat": 2,
  "method": "regionft_a2",
  "model": "DecTree",
  "dataset": "Lsac",
  "protected": "race",
  "runtime": 7200,
  "no_disc": 4792299,
  "no_test": 5982086,
  "prec": 0.8011083424745148,
  "cpu_time": 169.95545326299998,
  "real_time": 169.96521615982056,
  "partition": {
    "cpu_time": 65.48304293399997,
    "real_time": 65.48911309242249,
    "no_test": 982086,
    "no_disc": 137189,
    "n_regions": 456
  },
  "generation": {
    "cpu_time": 104.47241032900001,
    "real_time": 104.47610306739807,
    "no_test": 5000000,
    "no_disc": 4655110
  },
  "config": {
    "max_depth": 10,
    "min_samples_per_region": 1000,
    "max_samples_per_region": 3000,
    "min_gain": 0.0,
    "gini_weight_mode": "sample",
    "max_split_ratio": 1.0,
    "sampling_risk_focus_alpha": 2.0,
    "sampling_risk_floor": 1e-05,
    "batch_size": 512,
    "disc_phase": "generation",
    "sample_draws": 5000000,
    "random_seed": 2
  }
}