{
  "label": "regionft_a2-LogReg-Lsac-sex-d5000000",
  "repeat": 1,
  "method": "regionft_a2",
  "model": "LogReg",
  "dataset": "Lsac",
  "protected": "sex",
  "runtime": 7200,
  "no_disc": 250721,
  "no_test": 6757456,
  "prec": 0.03710286829836554,
  "cpu_time": 157.75067058400055,
  "real_time": 157.75589203834534,
  "partition": {
    "cpu_time": 91.54345918300078,
    "real_time": 91.54853439331055,
    "no_test": 1757456,
    "no_disc": 53613,
    "n_regions": 835
  },
  "generation": {
    "cpu_time": 66.20721140099977,
    "real_time": 66.20735764503479,
    "no_test": 5000000,
    "no_disc": 197108
  },
  "config": {
    "max_depth": 10,
    "min_samples_per_region": 1000,
    "max_samples_per_region": 3000,
    "min_gain": 0.0,
    "gini_weight_mode": "sample",
    "max_split_ratio": 1.0,
    "sampling_risk_focus_alpha": 2.0,
    "sampling_risk_floor": 1e-05,
    "batch_size": 512,
    "disc_phase": "generation",
    "sample_draws": 5000000,
    "random_seed": 1
  }
}