{
  "label": "regionft_a2-DecTree-Bank-age-d5000000",
  "repeat": 0,
  "method": "regionft_a2",
  "model": "DecTree",
  "dataset": "Bank",
  "protected": "age",
  "runtime": 7200,
  "no_disc": 4439550,
  "no_test": 6413813,
  "prec": 0.6921857559613914,
  "cpu_time": 334.7716642280002,
  "real_time": 334.77815103530884,
  "partition": {
    "cpu_time": 116.05646863099992,
    "real_time": 116.0621063709259,
    "no_test": 1413813,
    "no_disc": 381854,
    "n_regions": 643
  },
  "generation": {
    "cpu_time": 218.71519559700027,
    "real_time": 218.71604466438293,
    "no_test": 5000000,
    "no_disc": 4057696
  },
  "config": {
    "max_depth": 10,
    "min_samples_per_region": 1000,
    "max_samples_per_region": 3000,
    "min_gain": 0.0,
    "gini_weight_mode": "sample",
    "max_split_ratio": 1.0,
    "sampling_risk_focus_alpha": 2.0,
    "sampling_risk_floor": 1e-05,
    "batch_size": 512,
    "disc_phase": "generation",
    "sample_draws": 5000000,
    "random_seed": 0
  }
}