{
  "label": "regionft_a2-GBDT-Credit-sex-d5000000",
  "repeat": 4,
  "method": "regionft_a2",
  "model": "GBDT",
  "dataset": "Credit",
  "protected": "sex",
  "runtime": 7200,
  "no_disc": 993854,
  "no_test": 6920298,
  "prec": 0.14361433568323215,
  "cpu_time": 176.52634946199987,
  "real_time": 176.5302610397339,
  "partition": {
    "cpu_time": 82.12952203300006,
    "real_time": 82.13213682174683,
    "no_test": 1920298,
    "no_disc": 128296,
    "n_regions": 918
  },
  "generation": {
    "cpu_time": 94.39682742899981,
    "real_time": 94.39812421798706,
    "no_test": 5000000,
    "no_disc": 865558
  },
  "config": {
    "max_depth": 10,
    "min_samples_per_region": 1000,
    "max_samples_per_region": 3000,
    "min_gain": 0.0,
    "gini_weight_mode": "sample",
    "max_split_ratio": 1.0,
    "sampling_risk_focus_alpha": 2.0,
    "sampling_risk_floor": 1e-05,
    "batch_size": 512,
    "disc_phase": "generation",
    "sample_draws": 5000000,
    "random_seed": 4
  }
}