{
  "label": "regionft_a2-GBDT-Credit-age-d5000000",
  "repeat": 3,
  "method": "regionft_a2",
  "model": "GBDT",
  "dataset": "Credit",
  "protected": "age",
  "runtime": 7200,
  "no_disc": 1910709,
  "no_test": 7124523,
  "prec": 0.26818763866717815,
  "cpu_time": 386.2104487429997,
  "real_time": 386.2352077960968,
  "partition": {
    "cpu_time": 166.31218865799974,
    "real_time": 166.33630990982056,
    "no_test": 2124523,
    "no_disc": 321589,
    "n_regions": 977
  },
  "generation": {
    "cpu_time": 219.89826008499995,
    "real_time": 219.89889788627625,
    "no_test": 5000000,
    "no_disc": 1589120
  },
  "config": {
    "max_depth": 10,
    "min_samples_per_region": 1000,
    "max_samples_per_region": 3000,
    "min_gain": 0.0,
    "gini_weight_mode": "sample",
    "max_split_ratio": 1.0,
    "sampling_risk_focus_alpha": 2.0,
    "sampling_risk_floor": 1e-05,
    "batch_size": 512,
    "disc_phase": "generation",
    "sample_draws": 5000000,
    "random_seed": 3
  }
}