{
  "label": "regionft_a2-GBDT-Adult-age-d5000000",
  "repeat": 3,
  "method": "regionft_a2",
  "model": "GBDT",
  "dataset": "Adult",
  "protected": "age",
  "runtime": 7200,
  "no_disc": 4771285,
  "no_test": 6964488,
  "prec": 0.6850876905811311,
  "cpu_time": 456.854842339,
  "real_time": 456.857537984848,
  "partition": {
    "cpu_time": 176.8493733140001,
    "real_time": 176.85401344299316,
    "no_test": 1964488,
    "no_disc": 728203,
    "n_regions": 924
  },
  "generation": {
    "cpu_time": 280.0054690249999,
    "real_time": 280.00352454185486,
    "no_test": 5000000,
    "no_disc": 4043082
  },
  "config": {
    "max_depth": 10,
    "min_samples_per_region": 1000,
    "max_samples_per_region": 3000,
    "min_gain": 0.0,
    "gini_weight_mode": "sample",
    "max_split_ratio": 1.0,
    "sampling_risk_focus_alpha": 2.0,
    "sampling_risk_floor": 1e-05,
    "batch_size": 512,
    "disc_phase": "generation",
    "sample_draws": 5000000,
    "random_seed": 3
  }
}