{
  "label": "regionft_a2-GBDT-Adult-sex-d5000000",
  "repeat": 1,
  "method": "regionft_a2",
  "model": "GBDT",
  "dataset": "Adult",
  "protected": "sex",
  "runtime": 7200,
  "no_disc": 1272565,
  "no_test": 6718277,
  "prec": 0.18941835830823886,
  "cpu_time": 181.70411341399995,
  "real_time": 181.70888447761536,
  "partition": {
    "cpu_time": 91.22803628500003,
    "real_time": 91.23196125030518,
    "no_test": 1718277,
    "no_disc": 146248,
    "n_regions": 825
  },
  "generation": {
    "cpu_time": 90.47607712899992,
    "real_time": 90.47692322731018,
    "no_test": 5000000,
    "no_disc": 1126317
  },
  "config": {
    "max_depth": 10,
    "min_samples_per_region": 1000,
    "max_samples_per_region": 3000,
    "min_gain": 0.0,
    "gini_weight_mode": "sample",
    "max_split_ratio": 1.0,
    "sampling_risk_focus_alpha": 2.0,
    "sampling_risk_floor": 1e-05,
    "batch_size": 512,
    "disc_phase": "generation",
    "sample_draws": 5000000,
    "random_seed": 1
  }
}