{
  "label": "regionft_a2-MLP-Adult-race-d5000000",
  "repeat": 3,
  "method": "regionft_a2",
  "model": "MLP",
  "dataset": "Adult",
  "protected": "race",
  "runtime": 7200,
  "no_disc": 867444,
  "no_test": 7116207,
  "prec": 0.12189695999568309,
  "cpu_time": 326.23909435099995,
  "real_time": 326.24374651908875,
  "partition": {
    "cpu_time": 135.46540731200002,
    "real_time": 135.468523979187,
    "no_test": 2116207,
    "no_disc": 169213,
    "n_regions": 1002
  },
  "generation": {
    "cpu_time": 190.77368703899992,
    "real_time": 190.77522253990173,
    "no_test": 5000000,
    "no_disc": 698231
  },
  "config": {
    "max_depth": 10,
    "min_samples_per_region": 1000,
    "max_samples_per_region": 3000,
    "min_gain": 0.0,
    "gini_weight_mode": "sample",
    "max_split_ratio": 1.0,
    "sampling_risk_focus_alpha": 2.0,
    "sampling_risk_floor": 1e-05,
    "batch_size": 512,
    "disc_phase": "generation",
    "sample_draws": 5000000,
    "random_seed": 3
  }
}