{
  "label": "regionft_a2-MLP-Credit-sex-d5000000",
  "repeat": 2,
  "method": "regionft_a2",
  "model": "MLP",
  "dataset": "Credit",
  "protected": "sex",
  "runtime": 7200,
  "no_disc": 716055,
  "no_test": 7071481,
  "prec": 0.10125955227766291,
  "cpu_time": 173.69893696500003,
  "real_time": 173.70401859283447,
  "partition": {
    "cpu_time": 87.12661550299981,
    "real_time": 87.13098549842834,
    "no_test": 2071481,
    "no_disc": 128340,
    "n_regions": 967
  },
  "generation": {
    "cpu_time": 86.57232146200022,
    "real_time": 86.57303309440613,
    "no_test": 5000000,
    "no_disc": 587715
  },
  "config": {
    "max_depth": 10,
    "min_samples_per_region": 1000,
    "max_samples_per_region": 3000,
    "min_gain": 0.0,
    "gini_weight_mode": "sample",
    "max_split_ratio": 1.0,
    "sampling_risk_focus_alpha": 2.0,
    "sampling_risk_floor": 1e-05,
    "batch_size": 512,
    "disc_phase": "generation",
    "sample_draws": 5000000,
    "random_seed": 2
  }
}