{
  "label": "regionft_a2-GBDT-Lsac-race-d5000000",
  "repeat": 3,
  "method": "regionft_a2",
  "model": "GBDT",
  "dataset": "Lsac",
  "protected": "race",
  "runtime": 7200,
  "no_disc": 2817885,
  "no_test": 7018879,
  "prec": 0.4014722293973154,
  "cpu_time": 252.5229645909999,
  "real_time": 252.5265052318573,
  "partition": {
    "cpu_time": 132.7282522090004,
    "real_time": 132.73023462295532,
    "no_test": 2018879,
    "no_disc": 317365,
    "n_regions": 939
  },
  "generation": {
    "cpu_time": 119.79471238199949,
    "real_time": 119.79627060890198,
    "no_test": 5000000,
    "no_disc": 2500520
  },
  "config": {
    "max_depth": 10,
    "min_samples_per_region": 1000,
    "max_samples_per_region": 3000,
    "min_gain": 0.0,
    "gini_weight_mode": "sample",
    "max_split_ratio": 1.0,
    "sampling_risk_focus_alpha": 2.0,
    "sampling_risk_floor": 1e-05,
    "batch_size": 512,
    "disc_phase": "generation",
    "sample_draws": 5000000,
    "random_seed": 3
  }
}