{
  "label": "regionft_a2-LogReg-Adult-sex-d5000000",
  "repeat": 3,
  "method": "regionft_a2",
  "model": "LogReg",
  "dataset": "Adult",
  "protected": "sex",
  "runtime": 7200,
  "no_disc": 489843,
  "no_test": 6585514,
  "prec": 0.07438189334955479,
  "cpu_time": 134.66801693700017,
  "real_time": 134.67365646362305,
  "partition": {
    "cpu_time": 66.72565896300011,
    "real_time": 66.73000955581665,
    "no_test": 1585514,
    "no_disc": 89421,
    "n_regions": 767
  },
  "generation": {
    "cpu_time": 67.94235797400006,
    "real_time": 67.9436469078064,
    "no_test": 5000000,
    "no_disc": 400422
  },
  "config": {
    "max_depth": 10,
    "min_samples_per_region": 1000,
    "max_samples_per_region": 3000,
    "min_gain": 0.0,
    "gini_weight_mode": "sample",
    "max_split_ratio": 1.0,
    "sampling_risk_focus_alpha": 2.0,
    "sampling_risk_floor": 1e-05,
    "batch_size": 512,
    "disc_phase": "generation",
    "sample_draws": 5000000,
    "random_seed": 3
  }
}