{
  "label": "regionft_a2-DecTree-Adult-race-d5000000",
  "repeat": 4,
  "method": "regionft_a2",
  "model": "DecTree",
  "dataset": "Adult",
  "protected": "race",
  "runtime": 7200,
  "no_disc": 4954813,
  "no_test": 5467139,
  "prec": 0.9062899260472433,
  "cpu_time": 176.71340947199997,
  "real_time": 176.7165105342865,
  "partition": {
    "cpu_time": 26.959965184999874,
    "real_time": 26.962546586990356,
    "no_test": 467139,
    "no_disc": 43928,
    "n_regions": 223
  },
  "generation": {
    "cpu_time": 149.7534442870001,
    "real_time": 149.75396394729614,
    "no_test": 5000000,
    "no_disc": 4910885
  },
  "config": {
    "max_depth": 10,
    "min_samples_per_region": 1000,
    "max_samples_per_region": 3000,
    "min_gain": 0.0,
    "gini_weight_mode": "sample",
    "max_split_ratio": 1.0,
    "sampling_risk_focus_alpha": 2.0,
    "sampling_risk_floor": 1e-05,
    "batch_size": 512,
    "disc_phase": "generation",
    "sample_draws": 5000000,
    "random_seed": 4
  }
}