{
  "label": "regionft_a2-DecTree-Bank-age-d5000000",
  "repeat": 3,
  "method": "regionft_a2",
  "model": "DecTree",
  "dataset": "Bank",
  "protected": "age",
  "runtime": 7200,
  "no_disc": 4487151,
  "no_test": 6297890,
  "prec": 0.7124848163432514,
  "cpu_time": 356.58504280500074,
  "real_time": 356.5980968475342,
  "partition": {
    "cpu_time": 113.58303764100037,
    "real_time": 113.5933198928833,
    "no_test": 1297890,
    "no_disc": 357783,
    "n_regions": 587
  },
  "generation": {
    "cpu_time": 243.00200516400037,
    "real_time": 243.00477695465088,
    "no_test": 5000000,
    "no_disc": 4129368
  },
  "config": {
    "max_depth": 10,
    "min_samples_per_region": 1000,
    "max_samples_per_region": 3000,
    "min_gain": 0.0,
    "gini_weight_mode": "sample",
    "max_split_ratio": 1.0,
    "sampling_risk_focus_alpha": 2.0,
    "sampling_risk_floor": 1e-05,
    "batch_size": 512,
    "disc_phase": "generation",
    "sample_draws": 5000000,
    "random_seed": 3
  }
}