{
  "label": "regionft_a2-GBDT-Credit-sex-d5000000",
  "repeat": 2,
  "method": "regionft_a2",
  "model": "GBDT",
  "dataset": "Credit",
  "protected": "sex",
  "runtime": 7200,
  "no_disc": 803708,
  "no_test": 6797065,
  "prec": 0.11824338887446273,
  "cpu_time": 171.96538887100007,
  "real_time": 171.96694421768188,
  "partition": {
    "cpu_time": 78.52061664899998,
    "real_time": 78.52163076400757,
    "no_test": 1797065,
    "no_disc": 74189,
    "n_regions": 856
  },
  "generation": {
    "cpu_time": 93.4447722220001,
    "real_time": 93.44531345367432,
    "no_test": 5000000,
    "no_disc": 729519
  },
  "config": {
    "max_depth": 10,
    "min_samples_per_region": 1000,
    "max_samples_per_region": 3000,
    "min_gain": 0.0,
    "gini_weight_mode": "sample",
    "max_split_ratio": 1.0,
    "sampling_risk_focus_alpha": 2.0,
    "sampling_risk_floor": 1e-05,
    "batch_size": 512,
    "disc_phase": "generation",
    "sample_draws": 5000000,
    "random_seed": 2
  }
}