{
  "label": "regionft_a2-GBDT-Credit-sex-d5000000",
  "repeat": 0,
  "method": "regionft_a2",
  "model": "GBDT",
  "dataset": "Credit",
  "protected": "sex",
  "runtime": 7200,
  "no_disc": 849284,
  "no_test": 6469429,
  "prec": 0.13127650059997567,
  "cpu_time": 153.97305175999998,
  "real_time": 153.98218441009521,
  "partition": {
    "cpu_time": 59.672187404000056,
    "real_time": 59.680837631225586,
    "no_test": 1469429,
    "no_disc": 59456,
    "n_regions": 696
  },
  "generation": {
    "cpu_time": 94.30086435599992,
    "real_time": 94.30134677886963,
    "no_test": 5000000,
    "no_disc": 789828
  },
  "config": {
    "max_depth": 10,
    "min_samples_per_region": 1000,
    "max_samples_per_region": 3000,
    "min_gain": 0.0,
    "gini_weight_mode": "sample",
    "max_split_ratio": 1.0,
    "sampling_risk_focus_alpha": 2.0,
    "sampling_risk_floor": 1e-05,
    "batch_size": 512,
    "disc_phase": "generation",
    "sample_draws": 5000000,
    "random_seed": 0
  }
}