{
  "label": "regionft_a2-MLP-Lsac-sex-d5000000",
  "repeat": 2,
  "method": "regionft_a2",
  "model": "MLP",
  "dataset": "Lsac",
  "protected": "sex",
  "runtime": 7200,
  "no_disc": 255588,
  "no_test": 6915556,
  "prec": 0.036958416647916666,
  "cpu_time": 175.96479886999987,
  "real_time": 175.97137808799744,
  "partition": {
    "cpu_time": 101.7018481340001,
    "real_time": 101.70479393005371,
    "no_test": 1915556,
    "no_disc": 46867,
    "n_regions": 907
  },
  "generation": {
    "cpu_time": 74.26295073599977,
    "real_time": 74.26658415794373,
    "no_test": 5000000,
    "no_disc": 208721
  },
  "config": {
    "max_depth": 10,
    "min_samples_per_region": 1000,
    "max_samples_per_region": 3000,
    "min_gain": 0.0,
    "gini_weight_mode": "sample",
    "max_split_ratio": 1.0,
    "sampling_risk_focus_alpha": 2.0,
    "sampling_risk_floor": 1e-05,
    "batch_size": 512,
    "disc_phase": "generation",
    "sample_draws": 5000000,
    "random_seed": 2
  }
}