{
  "label": "regionft_a2-MLP-Bank-age-d5000000",
  "repeat": 2,
  "method": "regionft_a2",
  "model": "MLP",
  "dataset": "Bank",
  "protected": "age",
  "runtime": 7200,
  "no_disc": 2389979,
  "no_test": 7113917,
  "prec": 0.33595823510451417,
  "cpu_time": 494.4207468879995,
  "real_time": 494.43172812461853,
  "partition": {
    "cpu_time": 194.5993342389993,
    "real_time": 194.60636472702026,
    "no_test": 2113917,
    "no_disc": 345316,
    "n_regions": 980
  },
  "generation": {
    "cpu_time": 299.8214126490002,
    "real_time": 299.82536339759827,
    "no_test": 5000000,
    "no_disc": 2044663
  },
  "config": {
    "max_depth": 10,
    "min_samples_per_region": 1000,
    "max_samples_per_region": 3000,
    "min_gain": 0.0,
    "gini_weight_mode": "sample",
    "max_split_ratio": 1.0,
    "sampling_risk_focus_alpha": 2.0,
    "sampling_risk_floor": 1e-05,
    "batch_size": 512,
    "disc_phase": "generation",
    "sample_draws": 5000000,
    "random_seed": 2
  }
}