{
  "label": "regionft_a2-MLP-Bank-age-d5000000",
  "repeat": 1,
  "method": "regionft_a2",
  "model": "MLP",
  "dataset": "Bank",
  "protected": "age",
  "runtime": 7200,
  "no_disc": 2322912,
  "no_test": 7096608,
  "prec": 0.32732708358697565,
  "cpu_time": 498.02777990699997,
  "real_time": 498.0377812385559,
  "partition": {
    "cpu_time": 193.31934534300035,
    "real_time": 193.32425379753113,
    "no_test": 2096608,
    "no_disc": 325324,
    "n_regions": 972
  },
  "generation": {
    "cpu_time": 304.7084345639996,
    "real_time": 304.7135274410248,
    "no_test": 5000000,
    "no_disc": 1997588
  },
  "config": {
    "max_depth": 10,
    "min_samples_per_region": 1000,
    "max_samples_per_region": 3000,
    "min_gain": 0.0,
    "gini_weight_mode": "sample",
    "max_split_ratio": 1.0,
    "sampling_risk_focus_alpha": 2.0,
    "sampling_risk_floor": 1e-05,
    "batch_size": 512,
    "disc_phase": "generation",
    "sample_draws": 5000000,
    "random_seed": 1
  }
}