{
  "label": "regionft_a2-MLP-Adult-race-d5000000",
  "repeat": 4,
  "method": "regionft_a2",
  "model": "MLP",
  "dataset": "Adult",
  "protected": "race",
  "runtime": 7200,
  "no_disc": 951041,
  "no_test": 7121526,
  "prec": 0.13354455210863514,
  "cpu_time": 328.4770509400005,
  "real_time": 328.4865860939026,
  "partition": {
    "cpu_time": 135.37845699600075,
    "real_time": 135.38582301139832,
    "no_test": 2121526,
    "no_disc": 199872,
    "n_regions": 1005
  },
  "generation": {
    "cpu_time": 193.09859394399973,
    "real_time": 193.10076308250427,
    "no_test": 5000000,
    "no_disc": 751169
  },
  "config": {
    "max_depth": 10,
    "min_samples_per_region": 1000,
    "max_samples_per_region": 3000,
    "min_gain": 0.0,
    "gini_weight_mode": "sample",
    "max_split_ratio": 1.0,
    "sampling_risk_focus_alpha": 2.0,
    "sampling_risk_floor": 1e-05,
    "batch_size": 512,
    "disc_phase": "generation",
    "sample_draws": 5000000,
    "random_seed": 4
  }
}