{
  "label": "regionft_a2-LogReg-Lsac-race-d5000000",
  "repeat": 4,
  "method": "regionft_a2",
  "model": "LogReg",
  "dataset": "Lsac",
  "protected": "race",
  "runtime": 7200,
  "no_disc": 1190767,
  "no_test": 7040396,
  "prec": 0.1691335260118891,
  "cpu_time": 205.00539149600002,
  "real_time": 205.02056050300598,
  "partition": {
    "cpu_time": 116.73193055399997,
    "real_time": 116.74219679832458,
    "no_test": 2040396,
    "no_disc": 211902,
    "n_regions": 958
  },
  "generation": {
    "cpu_time": 88.27346094200004,
    "real_time": 88.2783637046814,
    "no_test": 5000000,
    "no_disc": 978865
  },
  "config": {
    "max_depth": 10,
    "min_samples_per_region": 1000,
    "max_samples_per_region": 3000,
    "min_gain": 0.0,
    "gini_weight_mode": "sample",
    "max_split_ratio": 1.0,
    "sampling_risk_focus_alpha": 2.0,
    "sampling_risk_floor": 1e-05,
    "batch_size": 512,
    "disc_phase": "generation",
    "sample_draws": 5000000,
    "random_seed": 4
  }
}