{
  "label": "regionft_a2-DecTree-Adult-sex-d5000000",
  "repeat": 1,
  "method": "regionft_a2",
  "model": "DecTree",
  "dataset": "Adult",
  "protected": "sex",
  "runtime": 7200,
  "no_disc": 3338596,
  "no_test": 5391368,
  "prec": 0.6192483985511655,
  "cpu_time": 101.05482142799997,
  "real_time": 101.05916404724121,
  "partition": {
    "cpu_time": 18.609452753999904,
    "real_time": 18.61423659324646,
    "no_test": 391368,
    "no_disc": 56993,
    "n_regions": 187
  },
  "generation": {
    "cpu_time": 82.44536867400006,
    "real_time": 82.44492745399475,
    "no_test": 5000000,
    "no_disc": 3281603
  },
  "config": {
    "max_depth": 10,
    "min_samples_per_region": 1000,
    "max_samples_per_region": 3000,
    "min_gain": 0.0,
    "gini_weight_mode": "sample",
    "max_split_ratio": 1.0,
    "sampling_risk_focus_alpha": 2.0,
    "sampling_risk_floor": 1e-05,
    "batch_size": 512,
    "disc_phase": "generation",
    "sample_draws": 5000000,
    "random_seed": 1
  }
}