{
  "label": "regionft_a2-DecTree-Credit-age-d5000000",
  "repeat": 4,
  "method": "regionft_a2",
  "model": "DecTree",
  "dataset": "Credit",
  "protected": "age",
  "runtime": 7200,
  "no_disc": 5114287,
  "no_test": 5258953,
  "prec": 0.9724914826202098,
  "cpu_time": 233.47223146800025,
  "real_time": 233.47921919822693,
  "partition": {
    "cpu_time": 18.623492957000053,
    "real_time": 18.62703776359558,
    "no_test": 258953,
    "no_disc": 148077,
    "n_regions": 120
  },
  "generation": {
    "cpu_time": 214.8487385110002,
    "real_time": 214.85218143463135,
    "no_test": 5000000,
    "no_disc": 4966210
  },
  "config": {
    "max_depth": 10,
    "min_samples_per_region": 1000,
    "max_samples_per_region": 3000,
    "min_gain": 0.0,
    "gini_weight_mode": "sample",
    "max_split_ratio": 1.0,
    "sampling_risk_focus_alpha": 2.0,
    "sampling_risk_floor": 1e-05,
    "batch_size": 512,
    "disc_phase": "generation",
    "sample_draws": 5000000,
    "random_seed": 4
  }
}