{
  "label": "regionft_a2-LogReg-Adult-race-d5000000",
  "repeat": 4,
  "method": "regionft_a2",
  "model": "LogReg",
  "dataset": "Adult",
  "protected": "race",
  "runtime": 7200,
  "no_disc": 582301,
  "no_test": 6569582,
  "prec": 0.08863592843502067,
  "cpu_time": 212.60222949999934,
  "real_time": 212.60531210899353,
  "partition": {
    "cpu_time": 84.63317009399998,
    "real_time": 84.63503074645996,
    "no_test": 1569582,
    "no_disc": 97658,
    "n_regions": 755
  },
  "generation": {
    "cpu_time": 127.96905940599936,
    "real_time": 127.97028136253357,
    "no_test": 5000000,
    "no_disc": 484643
  },
  "config": {
    "max_depth": 10,
    "min_samples_per_region": 1000,
    "max_samples_per_region": 3000,
    "min_gain": 0.0,
    "gini_weight_mode": "sample",
    "max_split_ratio": 1.0,
    "sampling_risk_focus_alpha": 2.0,
    "sampling_risk_floor": 1e-05,
    "batch_size": 512,
    "disc_phase": "generation",
    "sample_draws": 5000000,
    "random_seed": 4
  }
}