{
  "label": "regionft_a2-LogReg-Lsac-race-d5000000",
  "repeat": 3,
  "method": "regionft_a2",
  "model": "LogReg",
  "dataset": "Lsac",
  "protected": "race",
  "runtime": 7200,
  "no_disc": 1235676,
  "no_test": 6993830,
  "prec": 0.17668087442788857,
  "cpu_time": 203.1576534410001,
  "real_time": 203.16084170341492,
  "partition": {
    "cpu_time": 114.42702310100003,
    "real_time": 114.42997360229492,
    "no_test": 1993830,
    "no_disc": 192893,
    "n_regions": 934
  },
  "generation": {
    "cpu_time": 88.73063034000006,
    "real_time": 88.73086810112,
    "no_test": 5000000,
    "no_disc": 1042783
  },
  "config": {
    "max_depth": 10,
    "min_samples_per_region": 1000,
    "max_samples_per_region": 3000,
    "min_gain": 0.0,
    "gini_weight_mode": "sample",
    "max_split_ratio": 1.0,
    "sampling_risk_focus_alpha": 2.0,
    "sampling_risk_floor": 1e-05,
    "batch_size": 512,
    "disc_phase": "generation",
    "sample_draws": 5000000,
    "random_seed": 3
  }
}