{
  "label": "regionft_a2-DecTree-Credit-age-d5000000",
  "repeat": 0,
  "method": "regionft_a2",
  "model": "DecTree",
  "dataset": "Credit",
  "protected": "age",
  "runtime": 7200,
  "no_disc": 5117612,
  "no_test": 5263041,
  "prec": 0.9723678762905325,
  "cpu_time": 230.75469415399948,
  "real_time": 230.7593765258789,
  "partition": {
    "cpu_time": 21.39426871700016,
    "real_time": 21.396042346954346,
    "no_test": 263041,
    "no_disc": 151937,
    "n_regions": 122
  },
  "generation": {
    "cpu_time": 209.36042543699932,
    "real_time": 209.36333417892456,
    "no_test": 5000000,
    "no_disc": 4965675
  },
  "config": {
    "max_depth": 10,
    "min_samples_per_region": 1000,
    "max_samples_per_region": 3000,
    "min_gain": 0.0,
    "gini_weight_mode": "sample",
    "max_split_ratio": 1.0,
    "sampling_risk_focus_alpha": 2.0,
    "sampling_risk_floor": 1e-05,
    "batch_size": 512,
    "disc_phase": "generation",
    "sample_draws": 5000000,
    "random_seed": 0
  }
}