{
  "label": "regionft_a2-LogReg-Adult-race-d5000000",
  "repeat": 2,
  "method": "regionft_a2",
  "model": "LogReg",
  "dataset": "Adult",
  "protected": "race",
  "runtime": 7200,
  "no_disc": 436045,
  "no_test": 6035149,
  "prec": 0.07225090880109174,
  "cpu_time": 182.6057565320002,
  "real_time": 182.61031937599182,
  "partition": {
    "cpu_time": 57.4624630659996,
    "real_time": 57.465025186538696,
    "no_test": 1035149,
    "no_disc": 63192,
    "n_regions": 495
  },
  "generation": {
    "cpu_time": 125.14329346600061,
    "real_time": 125.14529418945312,
    "no_test": 5000000,
    "no_disc": 372853
  },
  "config": {
    "max_depth": 10,
    "min_samples_per_region": 1000,
    "max_samples_per_region": 3000,
    "min_gain": 0.0,
    "gini_weight_mode": "sample",
    "max_split_ratio": 1.0,
    "sampling_risk_focus_alpha": 2.0,
    "sampling_risk_floor": 1e-05,
    "batch_size": 512,
    "disc_phase": "generation",
    "sample_draws": 5000000,
    "random_seed": 2
  }
}