{
  "label": "regionft_a2-MLP-Lsac-race-d5000000",
  "repeat": 2,
  "method": "regionft_a2",
  "model": "MLP",
  "dataset": "Lsac",
  "protected": "race",
  "runtime": 7200,
  "no_disc": 744458,
  "no_test": 7192328,
  "prec": 0.10350723715603627,
  "cpu_time": 224.5608272999998,
  "real_time": 224.56827688217163,
  "partition": {
    "cpu_time": 128.3907198379993,
    "real_time": 128.39777326583862,
    "no_test": 2192328,
    "no_disc": 144238,
    "n_regions": 1022
  },
  "generation": {
    "cpu_time": 96.17010746200049,
    "real_time": 96.17050361633301,
    "no_test": 5000000,
    "no_disc": 600220
  },
  "config": {
    "max_depth": 10,
    "min_samples_per_region": 1000,
    "max_samples_per_region": 3000,
    "min_gain": 0.0,
    "gini_weight_mode": "sample",
    "max_split_ratio": 1.0,
    "sampling_risk_focus_alpha": 2.0,
    "sampling_risk_floor": 1e-05,
    "batch_size": 512,
    "disc_phase": "generation",
    "sample_draws": 5000000,
    "random_seed": 2
  }
}