{
  "label": "regionft_a2-DecTree-Lsac-sex-d5000000",
  "repeat": 2,
  "method": "regionft_a2",
  "model": "DecTree",
  "dataset": "Lsac",
  "protected": "sex",
  "runtime": 7200,
  "no_disc": 4824898,
  "no_test": 6316054,
  "prec": 0.763910188228283,
  "cpu_time": 167.69271664000007,
  "real_time": 167.7047803401947,
  "partition": {
    "cpu_time": 83.62893892200009,
    "real_time": 83.63989639282227,
    "no_test": 1316054,
    "no_disc": 177803,
    "n_regions": 609
  },
  "generation": {
    "cpu_time": 84.06377771799998,
    "real_time": 84.06488394737244,
    "no_test": 5000000,
    "no_disc": 4647095
  },
  "config": {
    "max_depth": 10,
    "min_samples_per_region": 1000,
    "max_samples_per_region": 3000,
    "min_gain": 0.0,
    "gini_weight_mode": "sample",
    "max_split_ratio": 1.0,
    "sampling_risk_focus_alpha": 2.0,
    "sampling_risk_floor": 1e-05,
    "batch_size": 512,
    "disc_phase": "generation",
    "sample_draws": 5000000,
    "random_seed": 2
  }
}