{
  "label": "regionft_a2-LogReg-Lsac-sex-d5000000",
  "repeat": 3,
  "method": "regionft_a2",
  "model": "LogReg",
  "dataset": "Lsac",
  "protected": "sex",
  "runtime": 7200,
  "no_disc": 316276,
  "no_test": 7081359,
  "prec": 0.04466317835319463,
  "cpu_time": 178.55902745799995,
  "real_time": 178.5662453174591,
  "partition": {
    "cpu_time": 110.84661258400047,
    "real_time": 110.85377931594849,
    "no_test": 2081359,
    "no_disc": 73131,
    "n_regions": 985
  },
  "generation": {
    "cpu_time": 67.71241487399948,
    "real_time": 67.71246600151062,
    "no_test": 5000000,
    "no_disc": 243145
  },
  "config": {
    "max_depth": 10,
    "min_samples_per_region": 1000,
    "max_samples_per_region": 3000,
    "min_gain": 0.0,
    "gini_weight_mode": "sample",
    "max_split_ratio": 1.0,
    "sampling_risk_focus_alpha": 2.0,
    "sampling_risk_floor": 1e-05,
    "batch_size": 512,
    "disc_phase": "generation",
    "sample_draws": 5000000,
    "random_seed": 3
  }
}