{
  "label": "regionft_a2-LogReg-Bank-age-d5000000",
  "repeat": 0,
  "method": "regionft_a2",
  "model": "LogReg",
  "dataset": "Bank",
  "protected": "age",
  "runtime": 7200,
  "no_disc": 709657,
  "no_test": 6868687,
  "prec": 0.10331770831892617,
  "cpu_time": 363.03425820699977,
  "real_time": 363.04261660575867,
  "partition": {
    "cpu_time": 146.49741969000024,
    "real_time": 146.5054476261139,
    "no_test": 1868687,
    "no_disc": 102254,
    "n_regions": 889
  },
  "generation": {
    "cpu_time": 216.53683851699952,
    "real_time": 216.53716897964478,
    "no_test": 5000000,
    "no_disc": 607403
  },
  "config": {
    "max_depth": 10,
    "min_samples_per_region": 1000,
    "max_samples_per_region": 3000,
    "min_gain": 0.0,
    "gini_weight_mode": "sample",
    "max_split_ratio": 1.0,
    "sampling_risk_focus_alpha": 2.0,
    "sampling_risk_floor": 1e-05,
    "batch_size": 512,
    "disc_phase": "generation",
    "sample_draws": 5000000,
    "random_seed": 0
  }
}