{
  "label": "regionft_a2-LogReg-Adult-sex-d5000000",
  "repeat": 2,
  "method": "regionft_a2",
  "model": "LogReg",
  "dataset": "Adult",
  "protected": "sex",
  "runtime": 7200,
  "no_disc": 435085,
  "no_test": 6816861,
  "prec": 0.06382483081289174,
  "cpu_time": 145.56330223900022,
  "real_time": 145.56543374061584,
  "partition": {
    "cpu_time": 78.85417730399968,
    "real_time": 78.8562638759613,
    "no_test": 1816861,
    "no_disc": 88977,
    "n_regions": 876
  },
  "generation": {
    "cpu_time": 66.70912493500055,
    "real_time": 66.70916986465454,
    "no_test": 5000000,
    "no_disc": 346108
  },
  "config": {
    "max_depth": 10,
    "min_samples_per_region": 1000,
    "max_samples_per_region": 3000,
    "min_gain": 0.0,
    "gini_weight_mode": "sample",
    "max_split_ratio": 1.0,
    "sampling_risk_focus_alpha": 2.0,
    "sampling_risk_floor": 1e-05,
    "batch_size": 512,
    "disc_phase": "generation",
    "sample_draws": 5000000,
    "random_seed": 2
  }
}