{
  "label": "regionft_a2-MLP-Lsac-race-d5000000",
  "repeat": 3,
  "method": "regionft_a2",
  "model": "MLP",
  "dataset": "Lsac",
  "protected": "race",
  "runtime": 7200,
  "no_disc": 745065,
  "no_test": 7176170,
  "prec": 0.10382488151757832,
  "cpu_time": 225.24014873099986,
  "real_time": 225.24430632591248,
  "partition": {
    "cpu_time": 127.9228781010006,
    "real_time": 127.92642450332642,
    "no_test": 2176170,
    "no_disc": 148442,
    "n_regions": 1014
  },
  "generation": {
    "cpu_time": 97.31727062999926,
    "real_time": 97.31788182258606,
    "no_test": 5000000,
    "no_disc": 596623
  },
  "config": {
    "max_depth": 10,
    "min_samples_per_region": 1000,
    "max_samples_per_region": 3000,
    "min_gain": 0.0,
    "gini_weight_mode": "sample",
    "max_split_ratio": 1.0,
    "sampling_risk_focus_alpha": 2.0,
    "sampling_risk_floor": 1e-05,
    "batch_size": 512,
    "disc_phase": "generation",
    "sample_draws": 5000000,
    "random_seed": 3
  }
}