{
  "label": "regionft_a2-GBDT-Lsac-race-d5000000",
  "repeat": 1,
  "method": "regionft_a2",
  "model": "GBDT",
  "dataset": "Lsac",
  "protected": "race",
  "runtime": 7200,
  "no_disc": 2702932,
  "no_test": 7135292,
  "prec": 0.37881168703397144,
  "cpu_time": 265.0195858629995,
  "real_time": 265.0329933166504,
  "partition": {
    "cpu_time": 144.07719776799968,
    "real_time": 144.0888910293579,
    "no_test": 2135292,
    "no_disc": 317560,
    "n_regions": 994
  },
  "generation": {
    "cpu_time": 120.94238809499984,
    "real_time": 120.94410228729248,
    "no_test": 5000000,
    "no_disc": 2385372
  },
  "config": {
    "max_depth": 10,
    "min_samples_per_region": 1000,
    "max_samples_per_region": 3000,
    "min_gain": 0.0,
    "gini_weight_mode": "sample",
    "max_split_ratio": 1.0,
    "sampling_risk_focus_alpha": 2.0,
    "sampling_risk_floor": 1e-05,
    "batch_size": 512,
    "disc_phase": "generation",
    "sample_draws": 5000000,
    "random_seed": 1
  }
}