{
  "label": "regionft_a2-GBDT-Credit-age-d5000000",
  "repeat": 0,
  "method": "regionft_a2",
  "model": "GBDT",
  "dataset": "Credit",
  "protected": "age",
  "runtime": 7200,
  "no_disc": 2031441,
  "no_test": 7205496,
  "prec": 0.2819293772420386,
  "cpu_time": 394.8523121010003,
  "real_time": 394.8687787055969,
  "partition": {
    "cpu_time": 175.8433012659998,
    "real_time": 175.85744762420654,
    "no_test": 2205496,
    "no_disc": 380164,
    "n_regions": 1015
  },
  "generation": {
    "cpu_time": 219.00901083500048,
    "real_time": 219.01133108139038,
    "no_test": 5000000,
    "no_disc": 1651277
  },
  "config": {
    "max_depth": 10,
    "min_samples_per_region": 1000,
    "max_samples_per_region": 3000,
    "min_gain": 0.0,
    "gini_weight_mode": "sample",
    "max_split_ratio": 1.0,
    "sampling_risk_focus_alpha": 2.0,
    "sampling_risk_floor": 1e-05,
    "batch_size": 512,
    "disc_phase": "generation",
    "sample_draws": 5000000,
    "random_seed": 0
  }
}