{
  "label": "regionft_a2-DecTree-Adult-race-d5000000",
  "repeat": 3,
  "method": "regionft_a2",
  "model": "DecTree",
  "dataset": "Adult",
  "protected": "race",
  "runtime": 7200,
  "no_disc": 4981335,
  "no_test": 5741170,
  "prec": 0.8676515414105487,
  "cpu_time": 191.83600604100002,
  "real_time": 191.83997249603271,
  "partition": {
    "cpu_time": 42.931893674999856,
    "real_time": 42.93597459793091,
    "no_test": 741170,
    "no_disc": 80043,
    "n_regions": 356
  },
  "generation": {
    "cpu_time": 148.90411236600016,
    "real_time": 148.9039978981018,
    "no_test": 5000000,
    "no_disc": 4901292
  },
  "config": {
    "max_depth": 10,
    "min_samples_per_region": 1000,
    "max_samples_per_region": 3000,
    "min_gain": 0.0,
    "gini_weight_mode": "sample",
    "max_split_ratio": 1.0,
    "sampling_risk_focus_alpha": 2.0,
    "sampling_risk_floor": 1e-05,
    "batch_size": 512,
    "disc_phase": "generation",
    "sample_draws": 5000000,
    "random_seed": 3
  }
}