{
  "label": "regionft_a2-LogReg-Adult-age-d5000000",
  "repeat": 1,
  "method": "regionft_a2",
  "model": "LogReg",
  "dataset": "Adult",
  "protected": "age",
  "runtime": 7200,
  "no_disc": 3520035,
  "no_test": 6834282,
  "prec": 0.515055568383043,
  "cpu_time": 373.03300973299974,
  "real_time": 373.04684495925903,
  "partition": {
    "cpu_time": 135.04952257500008,
    "real_time": 135.0580189228058,
    "no_test": 1834282,
    "no_disc": 534560,
    "n_regions": 882
  },
  "generation": {
    "cpu_time": 237.98348715799966,
    "real_time": 237.98882603645325,
    "no_test": 5000000,
    "no_disc": 2985475
  },
  "config": {
    "max_depth": 10,
    "min_samples_per_region": 1000,
    "max_samples_per_region": 3000,
    "min_gain": 0.0,
    "gini_weight_mode": "sample",
    "max_split_ratio": 1.0,
    "sampling_risk_focus_alpha": 2.0,
    "sampling_risk_floor": 1e-05,
    "batch_size": 512,
    "disc_phase": "generation",
    "sample_draws": 5000000,
    "random_seed": 1
  }
}