{
  "label": "regionft_a2-DecTree-Bank-age-d5000000",
  "repeat": 2,
  "method": "regionft_a2",
  "model": "DecTree",
  "dataset": "Bank",
  "protected": "age",
  "runtime": 7200,
  "no_disc": 4524482,
  "no_test": 6418319,
  "prec": 0.7049325532121417,
  "cpu_time": 368.9776586349999,
  "real_time": 368.9948937892914,
  "partition": {
    "cpu_time": 124.17627954100044,
    "real_time": 124.19110465049744,
    "no_test": 1418319,
    "no_disc": 401277,
    "n_regions": 646
  },
  "generation": {
    "cpu_time": 244.80137909399946,
    "real_time": 244.80378913879395,
    "no_test": 5000000,
    "no_disc": 4123205
  },
  "config": {
    "max_depth": 10,
    "min_samples_per_region": 1000,
    "max_samples_per_region": 3000,
    "min_gain": 0.0,
    "gini_weight_mode": "sample",
    "max_split_ratio": 1.0,
    "sampling_risk_focus_alpha": 2.0,
    "sampling_risk_floor": 1e-05,
    "batch_size": 512,
    "disc_phase": "generation",
    "sample_draws": 5000000,
    "random_seed": 2
  }
}