{
  "label": "regionft_a2-LogReg-Adult-age-d5000000",
  "repeat": 2,
  "method": "regionft_a2",
  "model": "LogReg",
  "dataset": "Adult",
  "protected": "age",
  "runtime": 7200,
  "no_disc": 3433415,
  "no_test": 7011379,
  "prec": 0.48969182809829565,
  "cpu_time": 389.4054239330003,
  "real_time": 389.4144494533539,
  "partition": {
    "cpu_time": 147.77901626700032,
    "real_time": 147.7864475250244,
    "no_test": 2011379,
    "no_disc": 553624,
    "n_regions": 967
  },
  "generation": {
    "cpu_time": 241.62640766599998,
    "real_time": 241.62800192832947,
    "no_test": 5000000,
    "no_disc": 2879791
  },
  "config": {
    "max_depth": 10,
    "min_samples_per_region": 1000,
    "max_samples_per_region": 3000,
    "min_gain": 0.0,
    "gini_weight_mode": "sample",
    "max_split_ratio": 1.0,
    "sampling_risk_focus_alpha": 2.0,
    "sampling_risk_floor": 1e-05,
    "batch_size": 512,
    "disc_phase": "generation",
    "sample_draws": 5000000,
    "random_seed": 2
  }
}