{
  "label": "regionft_a2-DecTree-Adult-age-d5000000",
  "repeat": 4,
  "method": "regionft_a2",
  "model": "DecTree",
  "dataset": "Adult",
  "protected": "age",
  "runtime": 7200,
  "no_disc": 5067685,
  "no_test": 5266380,
  "prec": 0.9622710476646197,
  "cpu_time": 269.4761950699999,
  "real_time": 269.478551864624,
  "partition": {
    "cpu_time": 23.557953959000088,
    "real_time": 23.560097217559814,
    "no_test": 266380,
    "no_disc": 108535,
    "n_regions": 117
  },
  "generation": {
    "cpu_time": 245.91824111099982,
    "real_time": 245.9184546470642,
    "no_test": 5000000,
    "no_disc": 4959150
  },
  "config": {
    "max_depth": 10,
    "min_samples_per_region": 1000,
    "max_samples_per_region": 3000,
    "min_gain": 0.0,
    "gini_weight_mode": "sample",
    "max_split_ratio": 1.0,
    "sampling_risk_focus_alpha": 2.0,
    "sampling_risk_floor": 1e-05,
    "batch_size": 512,
    "disc_phase": "generation",
    "sample_draws": 5000000,
    "random_seed": 4
  }
}