{
  "label": "regionft_a2-GBDT-Adult-age-d5000000",
  "repeat": 1,
  "method": "regionft_a2",
  "model": "GBDT",
  "dataset": "Adult",
  "protected": "age",
  "runtime": 7200,
  "no_disc": 4766508,
  "no_test": 6994716,
  "prec": 0.6814441072375205,
  "cpu_time": 452.487207118,
  "real_time": 452.51692175865173,
  "partition": {
    "cpu_time": 171.09426160499993,
    "real_time": 171.1214656829834,
    "no_test": 1994716,
    "no_disc": 691190,
    "n_regions": 939
  },
  "generation": {
    "cpu_time": 281.3929455130001,
    "real_time": 281.39545607566833,
    "no_test": 5000000,
    "no_disc": 4075318
  },
  "config": {
    "max_depth": 10,
    "min_samples_per_region": 1000,
    "max_samples_per_region": 3000,
    "min_gain": 0.0,
    "gini_weight_mode": "sample",
    "max_split_ratio": 1.0,
    "sampling_risk_focus_alpha": 2.0,
    "sampling_risk_floor": 1e-05,
    "batch_size": 512,
    "disc_phase": "generation",
    "sample_draws": 5000000,
    "random_seed": 1
  }
}