{
  "label": "regionft_a2-LogReg-Lsac-sex-d5000000",
  "repeat": 4,
  "method": "regionft_a2",
  "model": "LogReg",
  "dataset": "Lsac",
  "protected": "sex",
  "runtime": 7200,
  "no_disc": 268155,
  "no_test": 7050389,
  "prec": 0.038034071595198504,
  "cpu_time": 173.7588127070003,
  "real_time": 173.76333045959473,
  "partition": {
    "cpu_time": 105.70760846600024,
    "real_time": 105.7087094783783,
    "no_test": 2050389,
    "no_disc": 63562,
    "n_regions": 972
  },
  "generation": {
    "cpu_time": 68.05120424100005,
    "real_time": 68.05462098121643,
    "no_test": 5000000,
    "no_disc": 204593
  },
  "config": {
    "max_depth": 10,
    "min_samples_per_region": 1000,
    "max_samples_per_region": 3000,
    "min_gain": 0.0,
    "gini_weight_mode": "sample",
    "max_split_ratio": 1.0,
    "sampling_risk_focus_alpha": 2.0,
    "sampling_risk_floor": 1e-05,
    "batch_size": 512,
    "disc_phase": "generation",
    "sample_draws": 5000000,
    "random_seed": 4
  }
}