{
  "label": "regionft_a2-LogReg-Credit-age-d5000000",
  "repeat": 2,
  "method": "regionft_a2",
  "model": "LogReg",
  "dataset": "Credit",
  "protected": "age",
  "runtime": 7200,
  "no_disc": 1577691,
  "no_test": 7216904,
  "prec": 0.21861050112347344,
  "cpu_time": 340.2836481530003,
  "real_time": 340.2862374782562,
  "partition": {
    "cpu_time": 148.42973918999996,
    "real_time": 148.43169856071472,
    "no_test": 2216904,
    "no_disc": 307193,
    "n_regions": 1022
  },
  "generation": {
    "cpu_time": 191.85390896300032,
    "real_time": 191.8545389175415,
    "no_test": 5000000,
    "no_disc": 1270498
  },
  "config": {
    "max_depth": 10,
    "min_samples_per_region": 1000,
    "max_samples_per_region": 3000,
    "min_gain": 0.0,
    "gini_weight_mode": "sample",
    "max_split_ratio": 1.0,
    "sampling_risk_focus_alpha": 2.0,
    "sampling_risk_floor": 1e-05,
    "batch_size": 512,
    "disc_phase": "generation",
    "sample_draws": 5000000,
    "random_seed": 2
  }
}