{
  "label": "regionft_a2-LogReg-Lsac-race-d5000000",
  "repeat": 0,
  "method": "regionft_a2",
  "model": "LogReg",
  "dataset": "Lsac",
  "protected": "race",
  "runtime": 7200,
  "no_disc": 1238662,
  "no_test": 7095987,
  "prec": 0.17455809882402545,
  "cpu_time": 210.46029043400006,
  "real_time": 210.4686541557312,
  "partition": {
    "cpu_time": 122.60578453100004,
    "real_time": 122.61264777183533,
    "no_test": 2095987,
    "no_disc": 198780,
    "n_regions": 980
  },
  "generation": {
    "cpu_time": 87.85450590300002,
    "real_time": 87.85600638389587,
    "no_test": 5000000,
    "no_disc": 1039882
  },
  "config": {
    "max_depth": 10,
    "min_samples_per_region": 1000,
    "max_samples_per_region": 3000,
    "min_gain": 0.0,
    "gini_weight_mode": "sample",
    "max_split_ratio": 1.0,
    "sampling_risk_focus_alpha": 2.0,
    "sampling_risk_floor": 1e-05,
    "batch_size": 512,
    "disc_phase": "generation",
    "sample_draws": 5000000,
    "random_seed": 0
  }
}