{
  "label": "regionft_a2-DecTree-Credit-age-d5000000",
  "repeat": 3,
  "method": "regionft_a2",
  "model": "DecTree",
  "dataset": "Credit",
  "protected": "age",
  "runtime": 7200,
  "no_disc": 5114607,
  "no_test": 5258954,
  "prec": 0.9725521463013367,
  "cpu_time": 233.4613445050004,
  "real_time": 233.46946811676025,
  "partition": {
    "cpu_time": 21.33543415899976,
    "real_time": 21.340030193328857,
    "no_test": 258954,
    "no_disc": 146995,
    "n_regions": 120
  },
  "generation": {
    "cpu_time": 212.12591034600064,
    "real_time": 212.1294379234314,
    "no_test": 5000000,
    "no_disc": 4967612
  },
  "config": {
    "max_depth": 10,
    "min_samples_per_region": 1000,
    "max_samples_per_region": 3000,
    "min_gain": 0.0,
    "gini_weight_mode": "sample",
    "max_split_ratio": 1.0,
    "sampling_risk_focus_alpha": 2.0,
    "sampling_risk_floor": 1e-05,
    "batch_size": 512,
    "disc_phase": "generation",
    "sample_draws": 5000000,
    "random_seed": 3
  }
}