{
  "label": "regionft_a2-DecTree-Lsac-sex-d5000000",
  "repeat": 1,
  "method": "regionft_a2",
  "model": "DecTree",
  "dataset": "Lsac",
  "protected": "sex",
  "runtime": 7200,
  "no_disc": 4755629,
  "no_test": 6307926,
  "prec": 0.7539132513602728,
  "cpu_time": 169.0449945729997,
  "real_time": 169.04907393455505,
  "partition": {
    "cpu_time": 83.17341315700014,
    "real_time": 83.17694926261902,
    "no_test": 1307926,
    "no_disc": 193728,
    "n_regions": 606
  },
  "generation": {
    "cpu_time": 85.87158141599957,
    "real_time": 85.87212467193604,
    "no_test": 5000000,
    "no_disc": 4561901
  },
  "config": {
    "max_depth": 10,
    "min_samples_per_region": 1000,
    "max_samples_per_region": 3000,
    "min_gain": 0.0,
    "gini_weight_mode": "sample",
    "max_split_ratio": 1.0,
    "sampling_risk_focus_alpha": 2.0,
    "sampling_risk_floor": 1e-05,
    "batch_size": 512,
    "disc_phase": "generation",
    "sample_draws": 5000000,
    "random_seed": 1
  }
}