{
  "label": "regionft_a2-MLP-Adult-race-d5000000",
  "repeat": 1,
  "method": "regionft_a2",
  "model": "MLP",
  "dataset": "Adult",
  "protected": "race",
  "runtime": 7200,
  "no_disc": 960792,
  "no_test": 7130185,
  "prec": 0.1347499398683204,
  "cpu_time": 323.7657951739993,
  "real_time": 323.77629375457764,
  "partition": {
    "cpu_time": 133.20367570500002,
    "real_time": 133.20894503593445,
    "no_test": 2130185,
    "no_disc": 213678,
    "n_regions": 1009
  },
  "generation": {
    "cpu_time": 190.5621194689993,
    "real_time": 190.5673487186432,
    "no_test": 5000000,
    "no_disc": 747114
  },
  "config": {
    "max_depth": 10,
    "min_samples_per_region": 1000,
    "max_samples_per_region": 3000,
    "min_gain": 0.0,
    "gini_weight_mode": "sample",
    "max_split_ratio": 1.0,
    "sampling_risk_focus_alpha": 2.0,
    "sampling_risk_floor": 1e-05,
    "batch_size": 512,
    "disc_phase": "generation",
    "sample_draws": 5000000,
    "random_seed": 1
  }
}