{
  "label": "regionft_a2-DecTree-Lsac-race-d5000000",
  "repeat": 1,
  "method": "regionft_a2",
  "model": "DecTree",
  "dataset": "Lsac",
  "protected": "race",
  "runtime": 7200,
  "no_disc": 4715591,
  "no_test": 5999669,
  "prec": 0.7859751929648119,
  "cpu_time": 168.00126322800043,
  "real_time": 168.01194858551025,
  "partition": {
    "cpu_time": 64.81424874999993,
    "real_time": 64.82138013839722,
    "no_test": 999669,
    "no_disc": 156034,
    "n_regions": 463
  },
  "generation": {
    "cpu_time": 103.18701447800049,
    "real_time": 103.19056844711304,
    "no_test": 5000000,
    "no_disc": 4559557
  },
  "config": {
    "max_depth": 10,
    "min_samples_per_region": 1000,
    "max_samples_per_region": 3000,
    "min_gain": 0.0,
    "gini_weight_mode": "sample",
    "max_split_ratio": 1.0,
    "sampling_risk_focus_alpha": 2.0,
    "sampling_risk_floor": 1e-05,
    "batch_size": 512,
    "disc_phase": "generation",
    "sample_draws": 5000000,
    "random_seed": 1
  }
}