{
  "label": "regionft_a2-MLP-Adult-race-d5000000",
  "repeat": 0,
  "method": "regionft_a2",
  "model": "MLP",
  "dataset": "Adult",
  "protected": "race",
  "runtime": 7200,
  "no_disc": 864805,
  "no_test": 7167016,
  "prec": 0.12066458341937565,
  "cpu_time": 331.20997309299946,
  "real_time": 331.2163004875183,
  "partition": {
    "cpu_time": 140.32005613,
    "real_time": 140.3243818283081,
    "no_test": 2167016,
    "no_disc": 156124,
    "n_regions": 1020
  },
  "generation": {
    "cpu_time": 190.88991696299945,
    "real_time": 190.8919186592102,
    "no_test": 5000000,
    "no_disc": 708681
  },
  "config": {
    "max_depth": 10,
    "min_samples_per_region": 1000,
    "max_samples_per_region": 3000,
    "min_gain": 0.0,
    "gini_weight_mode": "sample",
    "max_split_ratio": 1.0,
    "sampling_risk_focus_alpha": 2.0,
    "sampling_risk_floor": 1e-05,
    "batch_size": 512,
    "disc_phase": "generation",
    "sample_draws": 5000000,
    "random_seed": 0
  }
}