{
  "label": "regionft_a2-MLP-Adult-sex-d5000000",
  "repeat": 3,
  "method": "regionft_a2",
  "model": "MLP",
  "dataset": "Adult",
  "protected": "sex",
  "runtime": 7200,
  "no_disc": 390887,
  "no_test": 7111298,
  "prec": 0.05496703977248598,
  "cpu_time": 195.34302715400054,
  "real_time": 195.34523677825928,
  "partition": {
    "cpu_time": 100.70787517500003,
    "real_time": 100.70974016189575,
    "no_test": 2111298,
    "no_disc": 81074,
    "n_regions": 1010
  },
  "generation": {
    "cpu_time": 94.63515197900051,
    "real_time": 94.63549661636353,
    "no_test": 5000000,
    "no_disc": 309813
  },
  "config": {
    "max_depth": 10,
    "min_samples_per_region": 1000,
    "max_samples_per_region": 3000,
    "min_gain": 0.0,
    "gini_weight_mode": "sample",
    "max_split_ratio": 1.0,
    "sampling_risk_focus_alpha": 2.0,
    "sampling_risk_floor": 1e-05,
    "batch_size": 512,
    "disc_phase": "generation",
    "sample_draws": 5000000,
    "random_seed": 3
  }
}