{
  "label": "regionft_a2-GBDT-Adult-sex-d5000000",
  "repeat": 3,
  "method": "regionft_a2",
  "model": "GBDT",
  "dataset": "Adult",
  "protected": "sex",
  "runtime": 7200,
  "no_disc": 1082202,
  "no_test": 6721468,
  "prec": 0.16100679196865922,
  "cpu_time": 177.62768157199991,
  "real_time": 177.62977123260498,
  "partition": {
    "cpu_time": 89.18920502699996,
    "real_time": 89.19070744514465,
    "no_test": 1721468,
    "no_disc": 123160,
    "n_regions": 825
  },
  "generation": {
    "cpu_time": 88.43847654499996,
    "real_time": 88.43906378746033,
    "no_test": 5000000,
    "no_disc": 959042
  },
  "config": {
    "max_depth": 10,
    "min_samples_per_region": 1000,
    "max_samples_per_region": 3000,
    "min_gain": 0.0,
    "gini_weight_mode": "sample",
    "max_split_ratio": 1.0,
    "sampling_risk_focus_alpha": 2.0,
    "sampling_risk_floor": 1e-05,
    "batch_size": 512,
    "disc_phase": "generation",
    "sample_draws": 5000000,
    "random_seed": 3
  }
}