{
  "label": "regionft_a2-MLP-Lsac-sex-d5000000",
  "repeat": 3,
  "method": "regionft_a2",
  "model": "MLP",
  "dataset": "Lsac",
  "protected": "sex",
  "runtime": 7200,
  "no_disc": 289049,
  "no_test": 7089251,
  "prec": 0.04077285456531304,
  "cpu_time": 187.76676740099992,
  "real_time": 187.781231880188,
  "partition": {
    "cpu_time": 112.2104639879999,
    "real_time": 112.22217321395874,
    "no_test": 2089251,
    "no_disc": 69876,
    "n_regions": 981
  },
  "generation": {
    "cpu_time": 75.55630341300002,
    "real_time": 75.55905866622925,
    "no_test": 5000000,
    "no_disc": 219173
  },
  "config": {
    "max_depth": 10,
    "min_samples_per_region": 1000,
    "max_samples_per_region": 3000,
    "min_gain": 0.0,
    "gini_weight_mode": "sample",
    "max_split_ratio": 1.0,
    "sampling_risk_focus_alpha": 2.0,
    "sampling_risk_floor": 1e-05,
    "batch_size": 512,
    "disc_phase": "generation",
    "sample_draws": 5000000,
    "random_seed": 3
  }
}