{
  "label": "regionft_a2-GBDT-Lsac-sex-d5000000",
  "repeat": 1,
  "method": "regionft_a2",
  "model": "GBDT",
  "dataset": "Lsac",
  "protected": "sex",
  "runtime": 7200,
  "no_disc": 708694,
  "no_test": 7019527,
  "prec": 0.10096036385357589,
  "cpu_time": 203.0517776229999,
  "real_time": 203.05422568321228,
  "partition": {
    "cpu_time": 114.71144184700006,
    "real_time": 114.71370220184326,
    "no_test": 2019527,
    "no_disc": 113154,
    "n_regions": 966
  },
  "generation": {
    "cpu_time": 88.34033577599985,
    "real_time": 88.34052348136902,
    "no_test": 5000000,
    "no_disc": 595540
  },
  "config": {
    "max_depth": 10,
    "min_samples_per_region": 1000,
    "max_samples_per_region": 3000,
    "min_gain": 0.0,
    "gini_weight_mode": "sample",
    "max_split_ratio": 1.0,
    "sampling_risk_focus_alpha": 2.0,
    "sampling_risk_floor": 1e-05,
    "batch_size": 512,
    "disc_phase": "generation",
    "sample_draws": 5000000,
    "random_seed": 1
  }
}