{
  "label": "regionft_a2-GBDT-Credit-age-d5000000",
  "repeat": 4,
  "method": "regionft_a2",
  "model": "GBDT",
  "dataset": "Credit",
  "protected": "age",
  "runtime": 7200,
  "no_disc": 1928932,
  "no_test": 7154123,
  "prec": 0.269625221707818,
  "cpu_time": 389.4249334699998,
  "real_time": 389.45150685310364,
  "partition": {
    "cpu_time": 166.06068111399964,
    "real_time": 166.08281540870667,
    "no_test": 2154123,
    "no_disc": 364743,
    "n_regions": 997
  },
  "generation": {
    "cpu_time": 223.36425235600018,
    "real_time": 223.36869144439697,
    "no_test": 5000000,
    "no_disc": 1564189
  },
  "config": {
    "max_depth": 10,
    "min_samples_per_region": 1000,
    "max_samples_per_region": 3000,
    "min_gain": 0.0,
    "gini_weight_mode": "sample",
    "max_split_ratio": 1.0,
    "sampling_risk_focus_alpha": 2.0,
    "sampling_risk_floor": 1e-05,
    "batch_size": 512,
    "disc_phase": "generation",
    "sample_draws": 5000000,
    "random_seed": 4
  }
}