{
  "label": "regionft_a2-DecTree-Adult-age-d5000000",
  "repeat": 3,
  "method": "regionft_a2",
  "model": "DecTree",
  "dataset": "Adult",
  "protected": "age",
  "runtime": 7200,
  "no_disc": 5087686,
  "no_test": 5310228,
  "prec": 0.9580918182797424,
  "cpu_time": 272.84811608199993,
  "real_time": 272.85269141197205,
  "partition": {
    "cpu_time": 26.04835545600008,
    "real_time": 26.05353593826294,
    "no_test": 310228,
    "no_disc": 128406,
    "n_regions": 138
  },
  "generation": {
    "cpu_time": 246.79976062599985,
    "real_time": 246.7991554737091,
    "no_test": 5000000,
    "no_disc": 4959280
  },
  "config": {
    "max_depth": 10,
    "min_samples_per_region": 1000,
    "max_samples_per_region": 3000,
    "min_gain": 0.0,
    "gini_weight_mode": "sample",
    "max_split_ratio": 1.0,
    "sampling_risk_focus_alpha": 2.0,
    "sampling_risk_floor": 1e-05,
    "batch_size": 512,
    "disc_phase": "generation",
    "sample_draws": 5000000,
    "random_seed": 3
  }
}