{
  "label": "regionft_a2-LogReg-Bank-age-d5000000",
  "repeat": 3,
  "method": "regionft_a2",
  "model": "LogReg",
  "dataset": "Bank",
  "protected": "age",
  "runtime": 7200,
  "no_disc": 714525,
  "no_test": 6819030,
  "prec": 0.10478396487476958,
  "cpu_time": 366.0280555290001,
  "real_time": 366.03150486946106,
  "partition": {
    "cpu_time": 142.55580708700018,
    "real_time": 142.55766010284424,
    "no_test": 1819030,
    "no_disc": 103418,
    "n_regions": 865
  },
  "generation": {
    "cpu_time": 223.4722484419999,
    "real_time": 223.47384476661682,
    "no_test": 5000000,
    "no_disc": 611107
  },
  "config": {
    "max_depth": 10,
    "min_samples_per_region": 1000,
    "max_samples_per_region": 3000,
    "min_gain": 0.0,
    "gini_weight_mode": "sample",
    "max_split_ratio": 1.0,
    "sampling_risk_focus_alpha": 2.0,
    "sampling_risk_floor": 1e-05,
    "batch_size": 512,
    "disc_phase": "generation",
    "sample_draws": 5000000,
    "random_seed": 3
  }
}