{
  "label": "regionft_a2-MLP-Credit-age-d5000000",
  "repeat": 4,
  "method": "regionft_a2",
  "model": "MLP",
  "dataset": "Credit",
  "protected": "age",
  "runtime": 7200,
  "no_disc": 1907161,
  "no_test": 7193464,
  "prec": 0.2651241460303409,
  "cpu_time": 346.4435802039998,
  "real_time": 346.44597482681274,
  "partition": {
    "cpu_time": 145.07161972199992,
    "real_time": 145.0736472606659,
    "no_test": 2193464,
    "no_disc": 279041,
    "n_regions": 1020
  },
  "generation": {
    "cpu_time": 201.37196048199985,
    "real_time": 201.37232756614685,
    "no_test": 5000000,
    "no_disc": 1628120
  },
  "config": {
    "max_depth": 10,
    "min_samples_per_region": 1000,
    "max_samples_per_region": 3000,
    "min_gain": 0.0,
    "gini_weight_mode": "sample",
    "max_split_ratio": 1.0,
    "sampling_risk_focus_alpha": 2.0,
    "sampling_risk_floor": 1e-05,
    "batch_size": 512,
    "disc_phase": "generation",
    "sample_draws": 5000000,
    "random_seed": 4
  }
}