{
  "label": "regionft_a2-GBDT-Credit-sex-d5000000",
  "repeat": 1,
  "method": "regionft_a2",
  "model": "GBDT",
  "dataset": "Credit",
  "protected": "sex",
  "runtime": 7200,
  "no_disc": 910536,
  "no_test": 6663032,
  "prec": 0.13665490425379917,
  "cpu_time": 164.20942455400007,
  "real_time": 164.2118718624115,
  "partition": {
    "cpu_time": 71.45054732200003,
    "real_time": 71.45243239402771,
    "no_test": 1663032,
    "no_disc": 106566,
    "n_regions": 793
  },
  "generation": {
    "cpu_time": 92.75887723200003,
    "real_time": 92.75943946838379,
    "no_test": 5000000,
    "no_disc": 803970
  },
  "config": {
    "max_depth": 10,
    "min_samples_per_region": 1000,
    "max_samples_per_region": 3000,
    "min_gain": 0.0,
    "gini_weight_mode": "sample",
    "max_split_ratio": 1.0,
    "sampling_risk_focus_alpha": 2.0,
    "sampling_risk_floor": 1e-05,
    "batch_size": 512,
    "disc_phase": "generation",
    "sample_draws": 5000000,
    "random_seed": 1
  }
}