{
  "label": "regionft_a2-LogReg-Adult-age-d5000000",
  "repeat": 0,
  "method": "regionft_a2",
  "model": "LogReg",
  "dataset": "Adult",
  "protected": "age",
  "runtime": 7200,
  "no_disc": 3238497,
  "no_test": 6966199,
  "prec": 0.4648872362101628,
  "cpu_time": 379.0701302409998,
  "real_time": 379.08222675323486,
  "partition": {
    "cpu_time": 143.23268660399935,
    "real_time": 143.2388050556183,
    "no_test": 1966199,
    "no_disc": 509089,
    "n_regions": 946
  },
  "generation": {
    "cpu_time": 235.83744363700043,
    "real_time": 235.84342169761658,
    "no_test": 5000000,
    "no_disc": 2729408
  },
  "config": {
    "max_depth": 10,
    "min_samples_per_region": 1000,
    "max_samples_per_region": 3000,
    "min_gain": 0.0,
    "gini_weight_mode": "sample",
    "max_split_ratio": 1.0,
    "sampling_risk_focus_alpha": 2.0,
    "sampling_risk_floor": 1e-05,
    "batch_size": 512,
    "disc_phase": "generation",
    "sample_draws": 5000000,
    "random_seed": 0
  }
}