{
  "label": "regionft_a2-GBDT-Adult-race-d5000000",
  "repeat": 3,
  "method": "regionft_a2",
  "model": "GBDT",
  "dataset": "Adult",
  "protected": "race",
  "runtime": 7200,
  "no_disc": 889234,
  "no_test": 6856022,
  "prec": 0.1297011590686261,
  "cpu_time": 271.602349238,
  "real_time": 271.60971426963806,
  "partition": {
    "cpu_time": 115.47512055199991,
    "real_time": 115.48217797279358,
    "no_test": 1856022,
    "no_disc": 100000,
    "n_regions": 897
  },
  "generation": {
    "cpu_time": 156.12722868600008,
    "real_time": 156.12753629684448,
    "no_test": 5000000,
    "no_disc": 789234
  },
  "config": {
    "max_depth": 10,
    "min_samples_per_region": 1000,
    "max_samples_per_region": 3000,
    "min_gain": 0.0,
    "gini_weight_mode": "sample",
    "max_split_ratio": 1.0,
    "sampling_risk_focus_alpha": 2.0,
    "sampling_risk_floor": 1e-05,
    "batch_size": 512,
    "disc_phase": "generation",
    "sample_draws": 5000000,
    "random_seed": 3
  }
}