{
  "label": "regionft_a2-LogReg-Adult-race-d5000000",
  "repeat": 3,
  "method": "regionft_a2",
  "model": "LogReg",
  "dataset": "Adult",
  "protected": "race",
  "runtime": 7200,
  "no_disc": 558734,
  "no_test": 6567836,
  "prec": 0.08507124721141027,
  "cpu_time": 213.71435382500022,
  "real_time": 213.7195303440094,
  "partition": {
    "cpu_time": 85.4266302039996,
    "real_time": 85.43000841140747,
    "no_test": 1567836,
    "no_disc": 93802,
    "n_regions": 755
  },
  "generation": {
    "cpu_time": 128.28772362100062,
    "real_time": 128.28952193260193,
    "no_test": 5000000,
    "no_disc": 464932
  },
  "config": {
    "max_depth": 10,
    "min_samples_per_region": 1000,
    "max_samples_per_region": 3000,
    "min_gain": 0.0,
    "gini_weight_mode": "sample",
    "max_split_ratio": 1.0,
    "sampling_risk_focus_alpha": 2.0,
    "sampling_risk_floor": 1e-05,
    "batch_size": 512,
    "disc_phase": "generation",
    "sample_draws": 5000000,
    "random_seed": 3
  }
}