{
  "label": "regionft_a8-GBDT-Adult-race-d5000000",
  "repeat": 2,
  "method": "regionft_a8",
  "model": "GBDT",
  "dataset": "Adult",
  "protected": "race",
  "runtime": 7200,
  "no_disc": 2157104,
  "no_test": 6702112,
  "prec": 0.3218543647136903,
  "cpu_time": 267.20947022400014,
  "real_time": 267.2268445491791,
  "partition": {
    "cpu_time": 110.3557909650001,
    "real_time": 110.36806869506836,
    "no_test": 1702112,
    "no_disc": 85231,
    "n_regions": 814
  },
  "generation": {
    "cpu_time": 156.85367925900005,
    "real_time": 156.85877585411072,
    "no_test": 5000000,
    "no_disc": 2071873
  },
  "config": {
    "max_depth": 10,
    "min_samples_per_region": 1000,
    "max_samples_per_region": 3000,
    "min_gain": 0.0,
    "gini_weight_mode": "sample",
    "max_split_ratio": 1.0,
    "sampling_risk_focus_alpha": 8.0,
    "sampling_risk_floor": 1e-05,
    "batch_size": 512,
    "disc_phase": "generation",
    "sample_draws": 5000000,
    "random_seed": 2
  }
}