{
  "label": "regionft_a8-MLP-Bank-age-d5000000",
  "repeat": 4,
  "method": "regionft_a8",
  "model": "MLP",
  "dataset": "Bank",
  "protected": "age",
  "runtime": 7200,
  "no_disc": 3112402,
  "no_test": 7138959,
  "prec": 0.435974208564582,
  "cpu_time": 441.76758447300017,
  "real_time": 441.786545753479,
  "partition": {
    "cpu_time": 177.81387848199938,
    "real_time": 177.82528829574585,
    "no_test": 2138959,
    "no_disc": 349804,
    "n_regions": 992
  },
  "generation": {
    "cpu_time": 263.9537059910008,
    "real_time": 263.96125745773315,
    "no_test": 5000000,
    "no_disc": 2762598
  },
  "config": {
    "max_depth": 10,
    "min_samples_per_region": 1000,
    "max_samples_per_region": 3000,
    "min_gain": 0.0,
    "gini_weight_mode": "sample",
    "max_split_ratio": 1.0,
    "sampling_risk_focus_alpha": 8.0,
    "sampling_risk_floor": 1e-05,
    "batch_size": 512,
    "disc_phase": "generation",
    "sample_draws": 5000000,
    "random_seed": 4
  }
}