{
  "label": "regionft_a8-GBDT-Bank-age-d5000000",
  "repeat": 3,
  "method": "regionft_a8",
  "model": "GBDT",
  "dataset": "Bank",
  "protected": "age",
  "runtime": 7200,
  "no_disc": 4523960,
  "no_test": 6963671,
  "prec": 0.649651598991394,
  "cpu_time": 402.3581807119999,
  "real_time": 402.3619816303253,
  "partition": {
    "cpu_time": 167.7553620839999,
    "real_time": 167.76117253303528,
    "no_test": 1963671,
    "no_disc": 475215,
    "n_regions": 913
  },
  "generation": {
    "cpu_time": 234.60281862800002,
    "real_time": 234.60080909729004,
    "no_test": 5000000,
    "no_disc": 4048745
  },
  "config": {
    "max_depth": 10,
    "min_samples_per_region": 1000,
    "max_samples_per_region": 3000,
    "min_gain": 0.0,
    "gini_weight_mode": "sample",
    "max_split_ratio": 1.0,
    "sampling_risk_focus_alpha": 8.0,
    "sampling_risk_floor": 1e-05,
    "batch_size": 512,
    "disc_phase": "generation",
    "sample_draws": 5000000,
    "random_seed": 3
  }
}