{
  "label": "regionft_a8-DecTree-Adult-race-d5000000",
  "repeat": 1,
  "method": "regionft_a8",
  "model": "DecTree",
  "dataset": "Adult",
  "protected": "race",
  "runtime": 7200,
  "no_disc": 5065668,
  "no_test": 5794989,
  "prec": 0.874146266714225,
  "cpu_time": 193.34721563699986,
  "real_time": 193.348646402359,
  "partition": {
    "cpu_time": 43.595204790000025,
    "real_time": 43.59639859199524,
    "no_test": 794989,
    "no_disc": 72178,
    "n_regions": 383
  },
  "generation": {
    "cpu_time": 149.75201084699984,
    "real_time": 149.75224781036377,
    "no_test": 5000000,
    "no_disc": 4993490
  },
  "config": {
    "max_depth": 10,
    "min_samples_per_region": 1000,
    "max_samples_per_region": 3000,
    "min_gain": 0.0,
    "gini_weight_mode": "sample",
    "max_split_ratio": 1.0,
    "sampling_risk_focus_alpha": 8.0,
    "sampling_risk_floor": 1e-05,
    "batch_size": 512,
    "disc_phase": "generation",
    "sample_draws": 5000000,
    "random_seed": 1
  }
}