{
  "label": "regionft_a8-MLP-Lsac-race-d5000000",
  "repeat": 2,
  "method": "regionft_a8",
  "model": "MLP",
  "dataset": "Lsac",
  "protected": "race",
  "runtime": 7200,
  "no_disc": 1156600,
  "no_test": 7192328,
  "prec": 0.16081024113472023,
  "cpu_time": 229.6511106349999,
  "real_time": 229.66062879562378,
  "partition": {
    "cpu_time": 130.76051667999945,
    "real_time": 130.76946830749512,
    "no_test": 2192328,
    "no_disc": 144238,
    "n_regions": 1022
  },
  "generation": {
    "cpu_time": 98.89059395500044,
    "real_time": 98.89116048812866,
    "no_test": 5000000,
    "no_disc": 1012362
  },
  "config": {
    "max_depth": 10,
    "min_samples_per_region": 1000,
    "max_samples_per_region": 3000,
    "min_gain": 0.0,
    "gini_weight_mode": "sample",
    "max_split_ratio": 1.0,
    "sampling_risk_focus_alpha": 8.0,
    "sampling_risk_floor": 1e-05,
    "batch_size": 512,
    "disc_phase": "generation",
    "sample_draws": 5000000,
    "random_seed": 2
  }
}