{
  "label": "regionft_a8-MLP-Adult-race-d5000000",
  "repeat": 1,
  "method": "regionft_a8",
  "model": "MLP",
  "dataset": "Adult",
  "protected": "race",
  "runtime": 7200,
  "no_disc": 2224349,
  "no_test": 7130185,
  "prec": 0.3119623123383194,
  "cpu_time": 334.6472505690008,
  "real_time": 334.6535212993622,
  "partition": {
    "cpu_time": 135.85276642600002,
    "real_time": 135.85621166229248,
    "no_test": 2130185,
    "no_disc": 213678,
    "n_regions": 1009
  },
  "generation": {
    "cpu_time": 198.79448414300077,
    "real_time": 198.7973096370697,
    "no_test": 5000000,
    "no_disc": 2010671
  },
  "config": {
    "max_depth": 10,
    "min_samples_per_region": 1000,
    "max_samples_per_region": 3000,
    "min_gain": 0.0,
    "gini_weight_mode": "sample",
    "max_split_ratio": 1.0,
    "sampling_risk_focus_alpha": 8.0,
    "sampling_risk_floor": 1e-05,
    "batch_size": 512,
    "disc_phase": "generation",
    "sample_draws": 5000000,
    "random_seed": 1
  }
}