{
  "label": "regionft_a8-LogReg-Bank-age-d5000000",
  "repeat": 1,
  "method": "regionft_a8",
  "model": "LogReg",
  "dataset": "Bank",
  "protected": "age",
  "runtime": 7200,
  "no_disc": 1318370,
  "no_test": 6765386,
  "prec": 0.19486988621196188,
  "cpu_time": 314.6511854959999,
  "real_time": 314.6660010814667,
  "partition": {
    "cpu_time": 126.82582976100002,
    "real_time": 126.82925224304199,
    "no_test": 1765386,
    "no_disc": 98430,
    "n_regions": 838
  },
  "generation": {
    "cpu_time": 187.8253557349999,
    "real_time": 187.83674883842468,
    "no_test": 5000000,
    "no_disc": 1219940
  },
  "config": {
    "max_depth": 10,
    "min_samples_per_region": 1000,
    "max_samples_per_region": 3000,
    "min_gain": 0.0,
    "gini_weight_mode": "sample",
    "max_split_ratio": 1.0,
    "sampling_risk_focus_alpha": 8.0,
    "sampling_risk_floor": 1e-05,
    "batch_size": 512,
    "disc_phase": "generation",
    "sample_draws": 5000000,
    "random_seed": 1
  }
}