{
  "label": "regionft_a8-MLP-Lsac-sex-d5000000",
  "repeat": 2,
  "method": "regionft_a8",
  "model": "MLP",
  "dataset": "Lsac",
  "protected": "sex",
  "runtime": 7200,
  "no_disc": 408153,
  "no_test": 6915556,
  "prec": 0.05901954954887214,
  "cpu_time": 177.66467092099992,
  "real_time": 177.67771935462952,
  "partition": {
    "cpu_time": 102.59770112499973,
    "real_time": 102.60656523704529,
    "no_test": 1915556,
    "no_disc": 46867,
    "n_regions": 907
  },
  "generation": {
    "cpu_time": 75.0669697960002,
    "real_time": 75.07115411758423,
    "no_test": 5000000,
    "no_disc": 361286
  },
  "config": {
    "max_depth": 10,
    "min_samples_per_region": 1000,
    "max_samples_per_region": 3000,
    "min_gain": 0.0,
    "gini_weight_mode": "sample",
    "max_split_ratio": 1.0,
    "sampling_risk_focus_alpha": 8.0,
    "sampling_risk_floor": 1e-05,
    "batch_size": 512,
    "disc_phase": "generation",
    "sample_draws": 5000000,
    "random_seed": 2
  }
}