{
  "label": "regionft_a8-LogReg-Credit-sex-d5000000",
  "repeat": 2,
  "method": "regionft_a8",
  "model": "LogReg",
  "dataset": "Credit",
  "protected": "sex",
  "runtime": 7200,
  "no_disc": 729828,
  "no_test": 7193699,
  "prec": 0.10145378615368811,
  "cpu_time": 176.63596375700035,
  "real_time": 176.638365983963,
  "partition": {
    "cpu_time": 97.6044754960003,
    "real_time": 97.60631775856018,
    "no_test": 2193699,
    "no_disc": 140467,
    "n_regions": 1013
  },
  "generation": {
    "cpu_time": 79.03148826100005,
    "real_time": 79.03204822540283,
    "no_test": 5000000,
    "no_disc": 589361
  },
  "config": {
    "max_depth": 10,
    "min_samples_per_region": 1000,
    "max_samples_per_region": 3000,
    "min_gain": 0.0,
    "gini_weight_mode": "sample",
    "max_split_ratio": 1.0,
    "sampling_risk_focus_alpha": 8.0,
    "sampling_risk_floor": 1e-05,
    "batch_size": 512,
    "disc_phase": "generation",
    "sample_draws": 5000000,
    "random_seed": 2
  }
}