{
  "label": "regionft_a8-DecTree-Adult-race-d5000000",
  "repeat": 4,
  "method": "regionft_a8",
  "model": "DecTree",
  "dataset": "Adult",
  "protected": "race",
  "runtime": 7200,
  "no_disc": 5042524,
  "no_test": 5467139,
  "prec": 0.9223332349881721,
  "cpu_time": 165.61665204500014,
  "real_time": 165.62066841125488,
  "partition": {
    "cpu_time": 26.288616222999963,
    "real_time": 26.29290008544922,
    "no_test": 467139,
    "no_disc": 43928,
    "n_regions": 223
  },
  "generation": {
    "cpu_time": 139.32803582200017,
    "real_time": 139.32776832580566,
    "no_test": 5000000,
    "no_disc": 4998596
  },
  "config": {
    "max_depth": 10,
    "min_samples_per_region": 1000,
    "max_samples_per_region": 3000,
    "min_gain": 0.0,
    "gini_weight_mode": "sample",
    "max_split_ratio": 1.0,
    "sampling_risk_focus_alpha": 8.0,
    "sampling_risk_floor": 1e-05,
    "batch_size": 512,
    "disc_phase": "generation",
    "sample_draws": 5000000,
    "random_seed": 4
  }
}