{
  "label": "regionft_a8-MLP-Credit-age-d5000000",
  "repeat": 2,
  "method": "regionft_a8",
  "model": "MLP",
  "dataset": "Credit",
  "protected": "age",
  "runtime": 7200,
  "no_disc": 2451278,
  "no_test": 7007636,
  "prec": 0.3498009885216641,
  "cpu_time": 349.4084515229997,
  "real_time": 349.4119327068329,
  "partition": {
    "cpu_time": 135.65275660899988,
    "real_time": 135.65457892417908,
    "no_test": 2007636,
    "no_disc": 250127,
    "n_regions": 931
  },
  "generation": {
    "cpu_time": 213.75569491399983,
    "real_time": 213.7573537826538,
    "no_test": 5000000,
    "no_disc": 2201151
  },
  "config": {
    "max_depth": 10,
    "min_samples_per_region": 1000,
    "max_samples_per_region": 3000,
    "min_gain": 0.0,
    "gini_weight_mode": "sample",
    "max_split_ratio": 1.0,
    "sampling_risk_focus_alpha": 8.0,
    "sampling_risk_floor": 1e-05,
    "batch_size": 512,
    "disc_phase": "generation",
    "sample_draws": 5000000,
    "random_seed": 2
  }
}