{
  "label": "regionft_a8-MLP-Lsac-sex-d5000000",
  "repeat": 4,
  "method": "regionft_a8",
  "model": "MLP",
  "dataset": "Lsac",
  "protected": "sex",
  "runtime": 7200,
  "no_disc": 512295,
  "no_test": 7116821,
  "prec": 0.07198368485030043,
  "cpu_time": 189.98213356499946,
  "real_time": 189.98703002929688,
  "partition": {
    "cpu_time": 114.23018467399925,
    "real_time": 114.23473405838013,
    "no_test": 2116821,
    "no_disc": 56363,
    "n_regions": 993
  },
  "generation": {
    "cpu_time": 75.75194889100021,
    "real_time": 75.75229597091675,
    "no_test": 5000000,
    "no_disc": 455932
  },
  "config": {
    "max_depth": 10,
    "min_samples_per_region": 1000,
    "max_samples_per_region": 3000,
    "min_gain": 0.0,
    "gini_weight_mode": "sample",
    "max_split_ratio": 1.0,
    "sampling_risk_focus_alpha": 8.0,
    "sampling_risk_floor": 1e-05,
    "batch_size": 512,
    "disc_phase": "generation",
    "sample_draws": 5000000,
    "random_seed": 4
  }
}