{
  "label": "regionft_a8-LogReg-Bank-age-d5000000",
  "repeat": 2,
  "method": "regionft_a8",
  "model": "LogReg",
  "dataset": "Bank",
  "protected": "age",
  "runtime": 7200,
  "no_disc": 1144990,
  "no_test": 6377327,
  "prec": 0.17954073861980105,
  "cpu_time": 279.3942418229999,
  "real_time": 279.4087116718292,
  "partition": {
    "cpu_time": 93.9471986690005,
    "real_time": 93.95048713684082,
    "no_test": 1377327,
    "no_disc": 71665,
    "n_regions": 650
  },
  "generation": {
    "cpu_time": 185.4470431539994,
    "real_time": 185.4582245349884,
    "no_test": 5000000,
    "no_disc": 1073325
  },
  "config": {
    "max_depth": 10,
    "min_samples_per_region": 1000,
    "max_samples_per_region": 3000,
    "min_gain": 0.0,
    "gini_weight_mode": "sample",
    "max_split_ratio": 1.0,
    "sampling_risk_focus_alpha": 8.0,
    "sampling_risk_floor": 1e-05,
    "batch_size": 512,
    "disc_phase": "generation",
    "sample_draws": 5000000,
    "random_seed": 2
  }
}