{
  "label": "regionft_a8-DecTree-Lsac-race-d5000000",
  "repeat": 4,
  "method": "regionft_a8",
  "model": "DecTree",
  "dataset": "Lsac",
  "protected": "race",
  "runtime": 7200,
  "no_disc": 5083712,
  "no_test": 5836139,
  "prec": 0.8710745237562025,
  "cpu_time": 158.06439259299987,
  "real_time": 158.06841659545898,
  "partition": {
    "cpu_time": 54.04089647000001,
    "real_time": 54.04406261444092,
    "no_test": 836139,
    "no_disc": 119453,
    "n_regions": 378
  },
  "generation": {
    "cpu_time": 104.02349612299986,
    "real_time": 104.02435398101807,
    "no_test": 5000000,
    "no_disc": 4964259
  },
  "config": {
    "max_depth": 10,
    "min_samples_per_region": 1000,
    "max_samples_per_region": 3000,
    "min_gain": 0.0,
    "gini_weight_mode": "sample",
    "max_split_ratio": 1.0,
    "sampling_risk_focus_alpha": 8.0,
    "sampling_risk_floor": 1e-05,
    "batch_size": 512,
    "disc_phase": "generation",
    "sample_draws": 5000000,
    "random_seed": 4
  }
}