{
  "label": "regionft_a8-LogReg-Lsac-race-d5000000",
  "repeat": 1,
  "method": "regionft_a8",
  "model": "LogReg",
  "dataset": "Lsac",
  "protected": "race",
  "runtime": 7200,
  "no_disc": 2028908,
  "no_test": 7081041,
  "prec": 0.28652679740168147,
  "cpu_time": 204.820200032,
  "real_time": 204.82672548294067,
  "partition": {
    "cpu_time": 117.59359209299987,
    "real_time": 117.5998694896698,
    "no_test": 2081041,
    "no_disc": 225281,
    "n_regions": 983
  },
  "generation": {
    "cpu_time": 87.22660793900013,
    "real_time": 87.22685599327087,
    "no_test": 5000000,
    "no_disc": 1803627
  },
  "config": {
    "max_depth": 10,
    "min_samples_per_region": 1000,
    "max_samples_per_region": 3000,
    "min_gain": 0.0,
    "gini_weight_mode": "sample",
    "max_split_ratio": 1.0,
    "sampling_risk_focus_alpha": 8.0,
    "sampling_risk_floor": 1e-05,
    "batch_size": 512,
    "disc_phase": "generation",
    "sample_draws": 5000000,
    "random_seed": 1
  }
}