{
  "label": "regionft_a8-DecTree-Lsac-sex-d5000000",
  "repeat": 4,
  "method": "regionft_a8",
  "model": "DecTree",
  "dataset": "Lsac",
  "protected": "sex",
  "runtime": 7200,
  "no_disc": 5157965,
  "no_test": 6473023,
  "prec": 0.7968402089719131,
  "cpu_time": 169.38217431799967,
  "real_time": 169.39301109313965,
  "partition": {
    "cpu_time": 88.1590391689997,
    "real_time": 88.16973567008972,
    "no_test": 1473023,
    "no_disc": 206987,
    "n_regions": 684
  },
  "generation": {
    "cpu_time": 81.22313514899997,
    "real_time": 81.22327542304993,
    "no_test": 5000000,
    "no_disc": 4950978
  },
  "config": {
    "max_depth": 10,
    "min_samples_per_region": 1000,
    "max_samples_per_region": 3000,
    "min_gain": 0.0,
    "gini_weight_mode": "sample",
    "max_split_ratio": 1.0,
    "sampling_risk_focus_alpha": 8.0,
    "sampling_risk_floor": 1e-05,
    "batch_size": 512,
    "disc_phase": "generation",
    "sample_draws": 5000000,
    "random_seed": 4
  }
}