{
  "label": "regionft_a8-GBDT-Adult-age-d5000000",
  "repeat": 3,
  "method": "regionft_a8",
  "model": "GBDT",
  "dataset": "Adult",
  "protected": "age",
  "runtime": 7200,
  "no_disc": 5399960,
  "no_test": 6964488,
  "prec": 0.7753563506750245,
  "cpu_time": 463.9016969040001,
  "real_time": 463.89980912208557,
  "partition": {
    "cpu_time": 175.97711480099997,
    "real_time": 175.97778820991516,
    "no_test": 1964488,
    "no_disc": 728203,
    "n_regions": 924
  },
  "generation": {
    "cpu_time": 287.92458210300015,
    "real_time": 287.9220209121704,
    "no_test": 5000000,
    "no_disc": 4671757
  },
  "config": {
    "max_depth": 10,
    "min_samples_per_region": 1000,
    "max_samples_per_region": 3000,
    "min_gain": 0.0,
    "gini_weight_mode": "sample",
    "max_split_ratio": 1.0,
    "sampling_risk_focus_alpha": 8.0,
    "sampling_risk_floor": 1e-05,
    "batch_size": 512,
    "disc_phase": "generation",
    "sample_draws": 5000000,
    "random_seed": 3
  }
}