{
  "label": "regionft_a8-MLP-Adult-sex-d5000000",
  "repeat": 4,
  "method": "regionft_a8",
  "model": "MLP",
  "dataset": "Adult",
  "protected": "sex",
  "runtime": 7200,
  "no_disc": 635037,
  "no_test": 7085931,
  "prec": 0.08961941627712718,
  "cpu_time": 198.13317059700057,
  "real_time": 198.1383671760559,
  "partition": {
    "cpu_time": 100.74782601300012,
    "real_time": 100.7524745464325,
    "no_test": 2085931,
    "no_disc": 78449,
    "n_regions": 990
  },
  "generation": {
    "cpu_time": 97.38534458400045,
    "real_time": 97.38589262962341,
    "no_test": 5000000,
    "no_disc": 556588
  },
  "config": {
    "max_depth": 10,
    "min_samples_per_region": 1000,
    "max_samples_per_region": 3000,
    "min_gain": 0.0,
    "gini_weight_mode": "sample",
    "max_split_ratio": 1.0,
    "sampling_risk_focus_alpha": 8.0,
    "sampling_risk_floor": 1e-05,
    "batch_size": 512,
    "disc_phase": "generation",
    "sample_draws": 5000000,
    "random_seed": 4
  }
}