{
  "label": "regionft_a8-MLP-Adult-age-d5000000",
  "repeat": 4,
  "method": "regionft_a8",
  "model": "MLP",
  "dataset": "Adult",
  "protected": "age",
  "runtime": 7200,
  "no_disc": 4570252,
  "no_test": 7188328,
  "prec": 0.6357879050594241,
  "cpu_time": 460.0925230590001,
  "real_time": 460.12935066223145,
  "partition": {
    "cpu_time": 181.1159606640001,
    "real_time": 181.12848472595215,
    "no_test": 2188328,
    "no_disc": 676869,
    "n_regions": 1022
  },
  "generation": {
    "cpu_time": 278.976562395,
    "real_time": 279.0008659362793,
    "no_test": 5000000,
    "no_disc": 3893383
  },
  "config": {
    "max_depth": 10,
    "min_samples_per_region": 1000,
    "max_samples_per_region": 3000,
    "min_gain": 0.0,
    "gini_weight_mode": "sample",
    "max_split_ratio": 1.0,
    "sampling_risk_focus_alpha": 8.0,
    "sampling_risk_floor": 1e-05,
    "batch_size": 512,
    "disc_phase": "generation",
    "sample_draws": 5000000,
    "random_seed": 4
  }
}