{
  "label": "regionft_a8-GBDT-Credit-sex-d5000000",
  "repeat": 2,
  "method": "regionft_a8",
  "model": "GBDT",
  "dataset": "Credit",
  "protected": "sex",
  "runtime": 7200,
  "no_disc": 973084,
  "no_test": 6797065,
  "prec": 0.14316237964474374,
  "cpu_time": 170.94077704699998,
  "real_time": 170.95734333992004,
  "partition": {
    "cpu_time": 78.99797935400011,
    "real_time": 79.00659465789795,
    "no_test": 1797065,
    "no_disc": 74189,
    "n_regions": 856
  },
  "generation": {
    "cpu_time": 91.94279769299987,
    "real_time": 91.9507486820221,
    "no_test": 5000000,
    "no_disc": 898895
  },
  "config": {
    "max_depth": 10,
    "min_samples_per_region": 1000,
    "max_samples_per_region": 3000,
    "min_gain": 0.0,
    "gini_weight_mode": "sample",
    "max_split_ratio": 1.0,
    "sampling_risk_focus_alpha": 8.0,
    "sampling_risk_floor": 1e-05,
    "batch_size": 512,
    "disc_phase": "generation",
    "sample_draws": 5000000,
    "random_seed": 2
  }
}