{
  "label": "regionft_a8-GBDT-Credit-sex-d5000000",
  "repeat": 1,
  "method": "regionft_a8",
  "model": "GBDT",
  "dataset": "Credit",
  "protected": "sex",
  "runtime": 7200,
  "no_disc": 1184610,
  "no_test": 6663032,
  "prec": 0.17778843025217347,
  "cpu_time": 166.43439008799987,
  "real_time": 166.44248914718628,
  "partition": {
    "cpu_time": 73.3164951629999,
    "real_time": 73.3235273361206,
    "no_test": 1663032,
    "no_disc": 106566,
    "n_regions": 793
  },
  "generation": {
    "cpu_time": 93.11789492499997,
    "real_time": 93.11896181106567,
    "no_test": 5000000,
    "no_disc": 1078044
  },
  "config": {
    "max_depth": 10,
    "min_samples_per_region": 1000,
    "max_samples_per_region": 3000,
    "min_gain": 0.0,
    "gini_weight_mode": "sample",
    "max_split_ratio": 1.0,
    "sampling_risk_focus_alpha": 8.0,
    "sampling_risk_floor": 1e-05,
    "batch_size": 512,
    "disc_phase": "generation",
    "sample_draws": 5000000,
    "random_seed": 1
  }
}