{
  "label": "regionft_a8-MLP-Credit-age-d5000000",
  "repeat": 1,
  "method": "regionft_a8",
  "model": "MLP",
  "dataset": "Credit",
  "protected": "age",
  "runtime": 7200,
  "no_disc": 2478657,
  "no_test": 7188637,
  "prec": 0.34480208139595864,
  "cpu_time": 305.1713008380002,
  "real_time": 305.1871724128723,
  "partition": {
    "cpu_time": 129.70649023700025,
    "real_time": 129.72034120559692,
    "no_test": 2188637,
    "no_disc": 246103,
    "n_regions": 1018
  },
  "generation": {
    "cpu_time": 175.46481060099995,
    "real_time": 175.4668312072754,
    "no_test": 5000000,
    "no_disc": 2232554
  },
  "config": {
    "max_depth": 10,
    "min_samples_per_region": 1000,
    "max_samples_per_region": 3000,
    "min_gain": 0.0,
    "gini_weight_mode": "sample",
    "max_split_ratio": 1.0,
    "sampling_risk_focus_alpha": 8.0,
    "sampling_risk_floor": 1e-05,
    "batch_size": 512,
    "disc_phase": "generation",
    "sample_draws": 5000000,
    "random_seed": 1
  }
}