{
  "label": "regionft_a8-LogReg-Adult-race-d5000000",
  "repeat": 2,
  "method": "regionft_a8",
  "model": "LogReg",
  "dataset": "Adult",
  "protected": "race",
  "runtime": 7200,
  "no_disc": 758307,
  "no_test": 6035149,
  "prec": 0.12564843055241884,
  "cpu_time": 181.18303572900004,
  "real_time": 181.1864516735077,
  "partition": {
    "cpu_time": 55.30112174500027,
    "real_time": 55.30406475067139,
    "no_test": 1035149,
    "no_disc": 63192,
    "n_regions": 495
  },
  "generation": {
    "cpu_time": 125.88191398399977,
    "real_time": 125.8823869228363,
    "no_test": 5000000,
    "no_disc": 695115
  },
  "config": {
    "max_depth": 10,
    "min_samples_per_region": 1000,
    "max_samples_per_region": 3000,
    "min_gain": 0.0,
    "gini_weight_mode": "sample",
    "max_split_ratio": 1.0,
    "sampling_risk_focus_alpha": 8.0,
    "sampling_risk_floor": 1e-05,
    "batch_size": 512,
    "disc_phase": "generation",
    "sample_draws": 5000000,
    "random_seed": 2
  }
}