{
  "label": "regionft_a8-DecTree-Adult-age-d5000000",
  "repeat": 3,
  "method": "regionft_a8",
  "model": "DecTree",
  "dataset": "Adult",
  "protected": "age",
  "runtime": 7200,
  "no_disc": 5124290,
  "no_test": 5310228,
  "prec": 0.9649849309671826,
  "cpu_time": 257.9075287840001,
  "real_time": 257.9128112792969,
  "partition": {
    "cpu_time": 27.413542258999996,
    "real_time": 27.418471336364746,
    "no_test": 310228,
    "no_disc": 128406,
    "n_regions": 138
  },
  "generation": {
    "cpu_time": 230.49398652500008,
    "real_time": 230.49433994293213,
    "no_test": 5000000,
    "no_disc": 4995884
  },
  "config": {
    "max_depth": 10,
    "min_samples_per_region": 1000,
    "max_samples_per_region": 3000,
    "min_gain": 0.0,
    "gini_weight_mode": "sample",
    "max_split_ratio": 1.0,
    "sampling_risk_focus_alpha": 8.0,
    "sampling_risk_floor": 1e-05,
    "batch_size": 512,
    "disc_phase": "generation",
    "sample_draws": 5000000,
    "random_seed": 3
  }
}