{
  "label": "regionft_a8-GBDT-Credit-age-d5000000",
  "repeat": 4,
  "method": "regionft_a8",
  "model": "GBDT",
  "dataset": "Credit",
  "protected": "age",
  "runtime": 7200,
  "no_disc": 3023763,
  "no_test": 7154123,
  "prec": 0.4226601918921439,
  "cpu_time": 357.01116094400004,
  "real_time": 357.02415227890015,
  "partition": {
    "cpu_time": 153.2403263139995,
    "real_time": 153.25165033340454,
    "no_test": 2154123,
    "no_disc": 364743,
    "n_regions": 997
  },
  "generation": {
    "cpu_time": 203.77083463000054,
    "real_time": 203.7725019454956,
    "no_test": 5000000,
    "no_disc": 2659020
  },
  "config": {
    "max_depth": 10,
    "min_samples_per_region": 1000,
    "max_samples_per_region": 3000,
    "min_gain": 0.0,
    "gini_weight_mode": "sample",
    "max_split_ratio": 1.0,
    "sampling_risk_focus_alpha": 8.0,
    "sampling_risk_floor": 1e-05,
    "batch_size": 512,
    "disc_phase": "generation",
    "sample_draws": 5000000,
    "random_seed": 4
  }
}