{
  "label": "regionft_a8-GBDT-Lsac-sex-d5000000",
  "repeat": 4,
  "method": "regionft_a8",
  "model": "GBDT",
  "dataset": "Lsac",
  "protected": "sex",
  "runtime": 7200,
  "no_disc": 2108500,
  "no_test": 7067558,
  "prec": 0.29833501189519773,
  "cpu_time": 206.43930622900007,
  "real_time": 206.45849609375,
  "partition": {
    "cpu_time": 120.40059829099937,
    "real_time": 120.41941380500793,
    "no_test": 2067558,
    "no_disc": 132887,
    "n_regions": 985
  },
  "generation": {
    "cpu_time": 86.0387079380007,
    "real_time": 86.03908228874207,
    "no_test": 5000000,
    "no_disc": 1975613
  },
  "config": {
    "max_depth": 10,
    "min_samples_per_region": 1000,
    "max_samples_per_region": 3000,
    "min_gain": 0.0,
    "gini_weight_mode": "sample",
    "max_split_ratio": 1.0,
    "sampling_risk_focus_alpha": 8.0,
    "sampling_risk_floor": 1e-05,
    "batch_size": 512,
    "disc_phase": "generation",
    "sample_draws": 5000000,
    "random_seed": 4
  }
}