{
  "label": "regionft_a8-LogReg-Lsac-race-d5000000",
  "repeat": 3,
  "method": "regionft_a8",
  "model": "LogReg",
  "dataset": "Lsac",
  "protected": "race",
  "runtime": 7200,
  "no_disc": 1824337,
  "no_test": 6993830,
  "prec": 0.2608494916233309,
  "cpu_time": 199.65201810999997,
  "real_time": 199.66167187690735,
  "partition": {
    "cpu_time": 114.31288394300009,
    "real_time": 114.32238912582397,
    "no_test": 1993830,
    "no_disc": 192893,
    "n_regions": 934
  },
  "generation": {
    "cpu_time": 85.33913416699988,
    "real_time": 85.33928275108337,
    "no_test": 5000000,
    "no_disc": 1631444
  },
  "config": {
    "max_depth": 10,
    "min_samples_per_region": 1000,
    "max_samples_per_region": 3000,
    "min_gain": 0.0,
    "gini_weight_mode": "sample",
    "max_split_ratio": 1.0,
    "sampling_risk_focus_alpha": 8.0,
    "sampling_risk_floor": 1e-05,
    "batch_size": 512,
    "disc_phase": "generation",
    "sample_draws": 5000000,
    "random_seed": 3
  }
}