{
  "label": "regionft_a8-GBDT-Lsac-sex-d5000000",
  "repeat": 2,
  "method": "regionft_a8",
  "model": "GBDT",
  "dataset": "Lsac",
  "protected": "sex",
  "runtime": 7200,
  "no_disc": 2286165,
  "no_test": 6915669,
  "prec": 0.3305775623442938,
  "cpu_time": 203.1644035620002,
  "real_time": 203.1832365989685,
  "partition": {
    "cpu_time": 112.68735368699981,
    "real_time": 112.70383358001709,
    "no_test": 1915669,
    "no_disc": 93536,
    "n_regions": 908
  },
  "generation": {
    "cpu_time": 90.47704987500038,
    "real_time": 90.47940301895142,
    "no_test": 5000000,
    "no_disc": 2192629
  },
  "config": {
    "max_depth": 10,
    "min_samples_per_region": 1000,
    "max_samples_per_region": 3000,
    "min_gain": 0.0,
    "gini_weight_mode": "sample",
    "max_split_ratio": 1.0,
    "sampling_risk_focus_alpha": 8.0,
    "sampling_risk_floor": 1e-05,
    "batch_size": 512,
    "disc_phase": "generation",
    "sample_draws": 5000000,
    "random_seed": 2
  }
}