{
  "label": "regionft_a8-LogReg-Adult-sex-d5000000",
  "repeat": 1,
  "method": "regionft_a8",
  "model": "LogReg",
  "dataset": "Adult",
  "protected": "sex",
  "runtime": 7200,
  "no_disc": 589365,
  "no_test": 6047497,
  "prec": 0.09745602188806378,
  "cpu_time": 114.86168991799968,
  "real_time": 114.86547183990479,
  "partition": {
    "cpu_time": 45.24605363899991,
    "real_time": 45.24913716316223,
    "no_test": 1047497,
    "no_disc": 54529,
    "n_regions": 504
  },
  "generation": {
    "cpu_time": 69.61563627899977,
    "real_time": 69.61633467674255,
    "no_test": 5000000,
    "no_disc": 534836
  },
  "config": {
    "max_depth": 10,
    "min_samples_per_region": 1000,
    "max_samples_per_region": 3000,
    "min_gain": 0.0,
    "gini_weight_mode": "sample",
    "max_split_ratio": 1.0,
    "sampling_risk_focus_alpha": 8.0,
    "sampling_risk_floor": 1e-05,
    "batch_size": 512,
    "disc_phase": "generation",
    "sample_draws": 5000000,
    "random_seed": 1
  }
}