{
  "label": "regionft_a8-LogReg-Bank-age-d5000000",
  "repeat": 4,
  "method": "regionft_a8",
  "model": "LogReg",
  "dataset": "Bank",
  "protected": "age",
  "runtime": 7200,
  "no_disc": 1257292,
  "no_test": 6696641,
  "prec": 0.1877496494137882,
  "cpu_time": 359.39170079500036,
  "real_time": 359.4010274410248,
  "partition": {
    "cpu_time": 133.94268762400043,
    "real_time": 133.9490475654602,
    "no_test": 1696641,
    "no_disc": 108061,
    "n_regions": 805
  },
  "generation": {
    "cpu_time": 225.44901317099993,
    "real_time": 225.45197987556458,
    "no_test": 5000000,
    "no_disc": 1149231
  },
  "config": {
    "max_depth": 10,
    "min_samples_per_region": 1000,
    "max_samples_per_region": 3000,
    "min_gain": 0.0,
    "gini_weight_mode": "sample",
    "max_split_ratio": 1.0,
    "sampling_risk_focus_alpha": 8.0,
    "sampling_risk_floor": 1e-05,
    "batch_size": 512,
    "disc_phase": "generation",
    "sample_draws": 5000000,
    "random_seed": 4
  }
}