{
  "label": "regionft_a8-GBDT-Adult-sex-d5000000",
  "repeat": 0,
  "method": "regionft_a8",
  "model": "GBDT",
  "dataset": "Adult",
  "protected": "sex",
  "runtime": 7200,
  "no_disc": 2035012,
  "no_test": 6837115,
  "prec": 0.2976419147549807,
  "cpu_time": 185.55526540099993,
  "real_time": 185.55704402923584,
  "partition": {
    "cpu_time": 95.59749090499997,
    "real_time": 95.59852576255798,
    "no_test": 1837115,
    "no_disc": 133604,
    "n_regions": 880
  },
  "generation": {
    "cpu_time": 89.95777449599996,
    "real_time": 89.95851826667786,
    "no_test": 5000000,
    "no_disc": 1901408
  },
  "config": {
    "max_depth": 10,
    "min_samples_per_region": 1000,
    "max_samples_per_region": 3000,
    "min_gain": 0.0,
    "gini_weight_mode": "sample",
    "max_split_ratio": 1.0,
    "sampling_risk_focus_alpha": 8.0,
    "sampling_risk_floor": 1e-05,
    "batch_size": 512,
    "disc_phase": "generation",
    "sample_draws": 5000000,
    "random_seed": 0
  }
}