{
  "label": "regionft_a8-LogReg-Adult-race-d5000000",
  "repeat": 0,
  "method": "regionft_a8",
  "model": "LogReg",
  "dataset": "Adult",
  "protected": "race",
  "runtime": 7200,
  "no_disc": 729511,
  "no_test": 6537661,
  "prec": 0.11158593264471804,
  "cpu_time": 207.76995651500056,
  "real_time": 207.7720410823822,
  "partition": {
    "cpu_time": 78.92992664099984,
    "real_time": 78.93127679824829,
    "no_test": 1537661,
    "no_disc": 79989,
    "n_regions": 739
  },
  "generation": {
    "cpu_time": 128.84002987400072,
    "real_time": 128.8407642841339,
    "no_test": 5000000,
    "no_disc": 649522
  },
  "config": {
    "max_depth": 10,
    "min_samples_per_region": 1000,
    "max_samples_per_region": 3000,
    "min_gain": 0.0,
    "gini_weight_mode": "sample",
    "max_split_ratio": 1.0,
    "sampling_risk_focus_alpha": 8.0,
    "sampling_risk_floor": 1e-05,
    "batch_size": 512,
    "disc_phase": "generation",
    "sample_draws": 5000000,
    "random_seed": 0
  }
}