{
  "label": "regionft_a8-MLP-Adult-race-d5000000",
  "repeat": 0,
  "method": "regionft_a8",
  "model": "MLP",
  "dataset": "Adult",
  "protected": "race",
  "runtime": 7200,
  "no_disc": 1680933,
  "no_test": 7167016,
  "prec": 0.2345373583650434,
  "cpu_time": 335.87173964199974,
  "real_time": 335.8786196708679,
  "partition": {
    "cpu_time": 140.58570408000014,
    "real_time": 140.59059953689575,
    "no_test": 2167016,
    "no_disc": 156124,
    "n_regions": 1020
  },
  "generation": {
    "cpu_time": 195.2860355619996,
    "real_time": 195.28802013397217,
    "no_test": 5000000,
    "no_disc": 1524809
  },
  "config": {
    "max_depth": 10,
    "min_samples_per_region": 1000,
    "max_samples_per_region": 3000,
    "min_gain": 0.0,
    "gini_weight_mode": "sample",
    "max_split_ratio": 1.0,
    "sampling_risk_focus_alpha": 8.0,
    "sampling_risk_floor": 1e-05,
    "batch_size": 512,
    "disc_phase": "generation",
    "sample_draws": 5000000,
    "random_seed": 0
  }
}