{
  "label": "regionft_a8-MLP-Bank-age-d5000000",
  "repeat": 2,
  "method": "regionft_a8",
  "model": "MLP",
  "dataset": "Bank",
  "protected": "age",
  "runtime": 7200,
  "no_disc": 3247887,
  "no_test": 7113917,
  "prec": 0.45655396316825175,
  "cpu_time": 500.40701031799927,
  "real_time": 500.4152889251709,
  "partition": {
    "cpu_time": 191.34123541000008,
    "real_time": 191.3451702594757,
    "no_test": 2113917,
    "no_disc": 345316,
    "n_regions": 980
  },
  "generation": {
    "cpu_time": 309.0657749079992,
    "real_time": 309.0701186656952,
    "no_test": 5000000,
    "no_disc": 2902571
  },
  "config": {
    "max_depth": 10,
    "min_samples_per_region": 1000,
    "max_samples_per_region": 3000,
    "min_gain": 0.0,
    "gini_weight_mode": "sample",
    "max_split_ratio": 1.0,
    "sampling_risk_focus_alpha": 8.0,
    "sampling_risk_floor": 1e-05,
    "batch_size": 512,
    "disc_phase": "generation",
    "sample_draws": 5000000,
    "random_seed": 2
  }
}