{
  "label": "regionft_a8-DecTree-Lsac-sex-d5000000",
  "repeat": 3,
  "method": "regionft_a8",
  "model": "DecTree",
  "dataset": "Lsac",
  "protected": "sex",
  "runtime": 7200,
  "no_disc": 5079762,
  "no_test": 6136775,
  "prec": 0.8277575762513698,
  "cpu_time": 150.78953300000012,
  "real_time": 150.8020794391632,
  "partition": {
    "cpu_time": 67.61612764500023,
    "real_time": 67.62832951545715,
    "no_test": 1136775,
    "no_disc": 146286,
    "n_regions": 527
  },
  "generation": {
    "cpu_time": 83.17340535499989,
    "real_time": 83.17374992370605,
    "no_test": 5000000,
    "no_disc": 4933476
  },
  "config": {
    "max_depth": 10,
    "min_samples_per_region": 1000,
    "max_samples_per_region": 3000,
    "min_gain": 0.0,
    "gini_weight_mode": "sample",
    "max_split_ratio": 1.0,
    "sampling_risk_focus_alpha": 8.0,
    "sampling_risk_floor": 1e-05,
    "batch_size": 512,
    "disc_phase": "generation",
    "sample_draws": 5000000,
    "random_seed": 3
  }
}