{
  "label": "regionft_a8-GBDT-Adult-sex-d5000000",
  "repeat": 3,
  "method": "regionft_a8",
  "model": "GBDT",
  "dataset": "Adult",
  "protected": "sex",
  "runtime": 7200,
  "no_disc": 1972713,
  "no_test": 6721468,
  "prec": 0.2934943675994589,
  "cpu_time": 177.6044630880001,
  "real_time": 177.6077220439911,
  "partition": {
    "cpu_time": 88.04484258100001,
    "real_time": 88.04728817939758,
    "no_test": 1721468,
    "no_disc": 123160,
    "n_regions": 825
  },
  "generation": {
    "cpu_time": 89.55962050700009,
    "real_time": 89.5604338645935,
    "no_test": 5000000,
    "no_disc": 1849553
  },
  "config": {
    "max_depth": 10,
    "min_samples_per_region": 1000,
    "max_samples_per_region": 3000,
    "min_gain": 0.0,
    "gini_weight_mode": "sample",
    "max_split_ratio": 1.0,
    "sampling_risk_focus_alpha": 8.0,
    "sampling_risk_floor": 1e-05,
    "batch_size": 512,
    "disc_phase": "generation",
    "sample_draws": 5000000,
    "random_seed": 3
  }
}