{
  "label": "regionft_a8-GBDT-Lsac-race-d5000000",
  "repeat": 1,
  "method": "regionft_a8",
  "model": "GBDT",
  "dataset": "Lsac",
  "protected": "race",
  "runtime": 7200,
  "no_disc": 4045253,
  "no_test": 7135292,
  "prec": 0.5669358731219409,
  "cpu_time": 256.51541470200027,
  "real_time": 256.52468490600586,
  "partition": {
    "cpu_time": 136.70821440800046,
    "real_time": 136.7168083190918,
    "no_test": 2135292,
    "no_disc": 317560,
    "n_regions": 994
  },
  "generation": {
    "cpu_time": 119.80720029399981,
    "real_time": 119.80787658691406,
    "no_test": 5000000,
    "no_disc": 3727693
  },
  "config": {
    "max_depth": 10,
    "min_samples_per_region": 1000,
    "max_samples_per_region": 3000,
    "min_gain": 0.0,
    "gini_weight_mode": "sample",
    "max_split_ratio": 1.0,
    "sampling_risk_focus_alpha": 8.0,
    "sampling_risk_floor": 1e-05,
    "batch_size": 512,
    "disc_phase": "generation",
    "sample_draws": 5000000,
    "random_seed": 1
  }
}