{
  "label": "regionft_a8-LogReg-Lsac-race-d5000000",
  "repeat": 0,
  "method": "regionft_a8",
  "model": "LogReg",
  "dataset": "Lsac",
  "protected": "race",
  "runtime": 7200,
  "no_disc": 1772886,
  "no_test": 7095987,
  "prec": 0.24984346786430134,
  "cpu_time": 212.8458728579999,
  "real_time": 212.85639142990112,
  "partition": {
    "cpu_time": 123.06334747300002,
    "real_time": 123.07306599617004,
    "no_test": 2095987,
    "no_disc": 198780,
    "n_regions": 980
  },
  "generation": {
    "cpu_time": 89.78252538499987,
    "real_time": 89.78332543373108,
    "no_test": 5000000,
    "no_disc": 1574106
  },
  "config": {
    "max_depth": 10,
    "min_samples_per_region": 1000,
    "max_samples_per_region": 3000,
    "min_gain": 0.0,
    "gini_weight_mode": "sample",
    "max_split_ratio": 1.0,
    "sampling_risk_focus_alpha": 8.0,
    "sampling_risk_floor": 1e-05,
    "batch_size": 512,
    "disc_phase": "generation",
    "sample_draws": 5000000,
    "random_seed": 0
  }
}