{
  "label": "regionft_a8-DecTree-Lsac-sex-d5000000",
  "repeat": 1,
  "method": "regionft_a8",
  "model": "DecTree",
  "dataset": "Lsac",
  "protected": "sex",
  "runtime": 7200,
  "no_disc": 5141915,
  "no_test": 6307926,
  "prec": 0.8151514459744772,
  "cpu_time": 166.20630063800036,
  "real_time": 166.21294045448303,
  "partition": {
    "cpu_time": 80.86476980499992,
    "real_time": 80.87105250358582,
    "no_test": 1307926,
    "no_disc": 193728,
    "n_regions": 606
  },
  "generation": {
    "cpu_time": 85.34153083300043,
    "real_time": 85.34188795089722,
    "no_test": 5000000,
    "no_disc": 4948187
  },
  "config": {
    "max_depth": 10,
    "min_samples_per_region": 1000,
    "max_samples_per_region": 3000,
    "min_gain": 0.0,
    "gini_weight_mode": "sample",
    "max_split_ratio": 1.0,
    "sampling_risk_focus_alpha": 8.0,
    "sampling_risk_floor": 1e-05,
    "batch_size": 512,
    "disc_phase": "generation",
    "sample_draws": 5000000,
    "random_seed": 1
  }
}