{
  "label": "regionft_a8-MLP-Lsac-sex-d5000000",
  "repeat": 1,
  "method": "regionft_a8",
  "model": "MLP",
  "dataset": "Lsac",
  "protected": "sex",
  "runtime": 7200,
  "no_disc": 796906,
  "no_test": 7153056,
  "prec": 0.11140776753320539,
  "cpu_time": 191.18902326699936,
  "real_time": 191.18940711021423,
  "partition": {
    "cpu_time": 114.81673273599972,
    "real_time": 114.81684494018555,
    "no_test": 2153056,
    "no_disc": 71491,
    "n_regions": 1016
  },
  "generation": {
    "cpu_time": 76.37229053099963,
    "real_time": 76.37256217002869,
    "no_test": 5000000,
    "no_disc": 725415
  },
  "config": {
    "max_depth": 10,
    "min_samples_per_region": 1000,
    "max_samples_per_region": 3000,
    "min_gain": 0.0,
    "gini_weight_mode": "sample",
    "max_split_ratio": 1.0,
    "sampling_risk_focus_alpha": 8.0,
    "sampling_risk_floor": 1e-05,
    "batch_size": 512,
    "disc_phase": "generation",
    "sample_draws": 5000000,
    "random_seed": 1
  }
}