{
  "label": "regionft_a8-GBDT-Lsac-race-d5000000",
  "repeat": 2,
  "method": "regionft_a8",
  "model": "GBDT",
  "dataset": "Lsac",
  "protected": "race",
  "runtime": 7200,
  "no_disc": 3826330,
  "no_test": 7065098,
  "prec": 0.5415820134412856,
  "cpu_time": 257.557727421,
  "real_time": 257.57370710372925,
  "partition": {
    "cpu_time": 135.4755904679996,
    "real_time": 135.49108791351318,
    "no_test": 2065098,
    "no_disc": 319048,
    "n_regions": 963
  },
  "generation": {
    "cpu_time": 122.08213695300037,
    "real_time": 122.08261919021606,
    "no_test": 5000000,
    "no_disc": 3507282
  },
  "config": {
    "max_depth": 10,
    "min_samples_per_region": 1000,
    "max_samples_per_region": 3000,
    "min_gain": 0.0,
    "gini_weight_mode": "sample",
    "max_split_ratio": 1.0,
    "sampling_risk_focus_alpha": 8.0,
    "sampling_risk_floor": 1e-05,
    "batch_size": 512,
    "disc_phase": "generation",
    "sample_draws": 5000000,
    "random_seed": 2
  }
}