{
  "label": "regionft_a8-LogReg-Adult-sex-d5000000",
  "repeat": 2,
  "method": "regionft_a8",
  "model": "LogReg",
  "dataset": "Adult",
  "protected": "sex",
  "runtime": 7200,
  "no_disc": 705549,
  "no_test": 6816861,
  "prec": 0.10350057013044567,
  "cpu_time": 150.37797337099983,
  "real_time": 150.38266134262085,
  "partition": {
    "cpu_time": 80.55218610700013,
    "real_time": 80.55571055412292,
    "no_test": 1816861,
    "no_disc": 88977,
    "n_regions": 876
  },
  "generation": {
    "cpu_time": 69.8257872639997,
    "real_time": 69.82695078849792,
    "no_test": 5000000,
    "no_disc": 616572
  },
  "config": {
    "max_depth": 10,
    "min_samples_per_region": 1000,
    "max_samples_per_region": 3000,
    "min_gain": 0.0,
    "gini_weight_mode": "sample",
    "max_split_ratio": 1.0,
    "sampling_risk_focus_alpha": 8.0,
    "sampling_risk_floor": 1e-05,
    "batch_size": 512,
    "disc_phase": "generation",
    "sample_draws": 5000000,
    "random_seed": 2
  }
}