{
  "label": "regionft_a8-GBDT-Lsac-sex-d5000000",
  "repeat": 3,
  "method": "regionft_a8",
  "model": "GBDT",
  "dataset": "Lsac",
  "protected": "sex",
  "runtime": 7200,
  "no_disc": 2217808,
  "no_test": 6978472,
  "prec": 0.3178071073438426,
  "cpu_time": 210.1393383759996,
  "real_time": 210.14462089538574,
  "partition": {
    "cpu_time": 118.94595084100001,
    "real_time": 118.94897508621216,
    "no_test": 1978472,
    "no_disc": 134712,
    "n_regions": 946
  },
  "generation": {
    "cpu_time": 91.1933875349996,
    "real_time": 91.19564580917358,
    "no_test": 5000000,
    "no_disc": 2083096
  },
  "config": {
    "max_depth": 10,
    "min_samples_per_region": 1000,
    "max_samples_per_region": 3000,
    "min_gain": 0.0,
    "gini_weight_mode": "sample",
    "max_split_ratio": 1.0,
    "sampling_risk_focus_alpha": 8.0,
    "sampling_risk_floor": 1e-05,
    "batch_size": 512,
    "disc_phase": "generation",
    "sample_draws": 5000000,
    "random_seed": 3
  }
}