{
  "label": "regionft_a8-MLP-Adult-age-d5000000",
  "repeat": 1,
  "method": "regionft_a8",
  "model": "MLP",
  "dataset": "Adult",
  "protected": "age",
  "runtime": 7200,
  "no_disc": 4358114,
  "no_test": 7195808,
  "prec": 0.6056462318060738,
  "cpu_time": 528.0004777480001,
  "real_time": 528.005690574646,
  "partition": {
    "cpu_time": 201.63766457399993,
    "real_time": 201.6399805545807,
    "no_test": 2195808,
    "no_disc": 604947,
    "n_regions": 1023
  },
  "generation": {
    "cpu_time": 326.36281317400017,
    "real_time": 326.3657100200653,
    "no_test": 5000000,
    "no_disc": 3753167
  },
  "config": {
    "max_depth": 10,
    "min_samples_per_region": 1000,
    "max_samples_per_region": 3000,
    "min_gain": 0.0,
    "gini_weight_mode": "sample",
    "max_split_ratio": 1.0,
    "sampling_risk_focus_alpha": 8.0,
    "sampling_risk_floor": 1e-05,
    "batch_size": 512,
    "disc_phase": "generation",
    "sample_draws": 5000000,
    "random_seed": 1
  }
}