{
  "label": "regionft_a8-MLP-Bank-age-d5000000",
  "repeat": 3,
  "method": "regionft_a8",
  "model": "MLP",
  "dataset": "Bank",
  "protected": "age",
  "runtime": 7200,
  "no_disc": 3424588,
  "no_test": 7191719,
  "prec": 0.4761849009951585,
  "cpu_time": 484.74395157100025,
  "real_time": 484.75943303108215,
  "partition": {
    "cpu_time": 194.96364551399984,
    "real_time": 194.9753487110138,
    "no_test": 2191719,
    "no_disc": 380194,
    "n_regions": 1016
  },
  "generation": {
    "cpu_time": 289.7803060570004,
    "real_time": 289.78408432006836,
    "no_test": 5000000,
    "no_disc": 3044394
  },
  "config": {
    "max_depth": 10,
    "min_samples_per_region": 1000,
    "max_samples_per_region": 3000,
    "min_gain": 0.0,
    "gini_weight_mode": "sample",
    "max_split_ratio": 1.0,
    "sampling_risk_focus_alpha": 8.0,
    "sampling_risk_floor": 1e-05,
    "batch_size": 512,
    "disc_phase": "generation",
    "sample_draws": 5000000,
    "random_seed": 3
  }
}