{
  "label": "regionft_a8-DecTree-Adult-race-d5000000",
  "repeat": 2,
  "method": "regionft_a8",
  "model": "DecTree",
  "dataset": "Adult",
  "protected": "race",
  "runtime": 7200,
  "no_disc": 5055946,
  "no_test": 5583069,
  "prec": 0.905585440552499,
  "cpu_time": 172.63197653999987,
  "real_time": 172.64066910743713,
  "partition": {
    "cpu_time": 31.681305635999934,
    "real_time": 31.689634561538696,
    "no_test": 583069,
    "no_disc": 57546,
    "n_regions": 281
  },
  "generation": {
    "cpu_time": 140.95067090399994,
    "real_time": 140.95103454589844,
    "no_test": 5000000,
    "no_disc": 4998400
  },
  "config": {
    "max_depth": 10,
    "min_samples_per_region": 1000,
    "max_samples_per_region": 3000,
    "min_gain": 0.0,
    "gini_weight_mode": "sample",
    "max_split_ratio": 1.0,
    "sampling_risk_focus_alpha": 8.0,
    "sampling_risk_floor": 1e-05,
    "batch_size": 512,
    "disc_phase": "generation",
    "sample_draws": 5000000,
    "random_seed": 2
  }
}