{
  "label": "regionft_a8-LogReg-Adult-sex-d5000000",
  "repeat": 0,
  "method": "regionft_a8",
  "model": "LogReg",
  "dataset": "Adult",
  "protected": "sex",
  "runtime": 7200,
  "no_disc": 631761,
  "no_test": 6491017,
  "prec": 0.09732850799805332,
  "cpu_time": 136.59469371999967,
  "real_time": 136.5989007949829,
  "partition": {
    "cpu_time": 65.51212124700032,
    "real_time": 65.51414847373962,
    "no_test": 1491017,
    "no_disc": 74925,
    "n_regions": 716
  },
  "generation": {
    "cpu_time": 71.08257247299935,
    "real_time": 71.08475232124329,
    "no_test": 5000000,
    "no_disc": 556836
  },
  "config": {
    "max_depth": 10,
    "min_samples_per_region": 1000,
    "max_samples_per_region": 3000,
    "min_gain": 0.0,
    "gini_weight_mode": "sample",
    "max_split_ratio": 1.0,
    "sampling_risk_focus_alpha": 8.0,
    "sampling_risk_floor": 1e-05,
    "batch_size": 512,
    "disc_phase": "generation",
    "sample_draws": 5000000,
    "random_seed": 0
  }
}