{
  "label": "regionft_a8-GBDT-Adult-race-d5000000",
  "repeat": 3,
  "method": "regionft_a8",
  "model": "GBDT",
  "dataset": "Adult",
  "protected": "race",
  "runtime": 7200,
  "no_disc": 3728252,
  "no_test": 6856022,
  "prec": 0.5437923040503663,
  "cpu_time": 290.29532209800004,
  "real_time": 290.3111414909363,
  "partition": {
    "cpu_time": 116.55685288799987,
    "real_time": 116.57031607627869,
    "no_test": 1856022,
    "no_disc": 100000,
    "n_regions": 897
  },
  "generation": {
    "cpu_time": 173.73846921000018,
    "real_time": 173.7408254146576,
    "no_test": 5000000,
    "no_disc": 3628252
  },
  "config": {
    "max_depth": 10,
    "min_samples_per_region": 1000,
    "max_samples_per_region": 3000,
    "min_gain": 0.0,
    "gini_weight_mode": "sample",
    "max_split_ratio": 1.0,
    "sampling_risk_focus_alpha": 8.0,
    "sampling_risk_floor": 1e-05,
    "batch_size": 512,
    "disc_phase": "generation",
    "sample_draws": 5000000,
    "random_seed": 3
  }
}