{
  "label": "regionft_a8-MLP-Lsac-race-d5000000",
  "repeat": 1,
  "method": "regionft_a8",
  "model": "MLP",
  "dataset": "Lsac",
  "protected": "race",
  "runtime": 7200,
  "no_disc": 1080677,
  "no_test": 7126144,
  "prec": 0.15164961583712033,
  "cpu_time": 202.21843947200068,
  "real_time": 202.2204933166504,
  "partition": {
    "cpu_time": 117.4331715240005,
    "real_time": 117.43498015403748,
    "no_test": 2126144,
    "no_disc": 130797,
    "n_regions": 989
  },
  "generation": {
    "cpu_time": 84.78526794800018,
    "real_time": 84.78551316261292,
    "no_test": 5000000,
    "no_disc": 949880
  },
  "config": {
    "max_depth": 10,
    "min_samples_per_region": 1000,
    "max_samples_per_region": 3000,
    "min_gain": 0.0,
    "gini_weight_mode": "sample",
    "max_split_ratio": 1.0,
    "sampling_risk_focus_alpha": 8.0,
    "sampling_risk_floor": 1e-05,
    "batch_size": 512,
    "disc_phase": "generation",
    "sample_draws": 5000000,
    "random_seed": 1
  }
}