{
  "label": "regionft_a8-LogReg-Credit-age-d5000000",
  "repeat": 4,
  "method": "regionft_a8",
  "model": "LogReg",
  "dataset": "Credit",
  "protected": "age",
  "runtime": 7200,
  "no_disc": 1779637,
  "no_test": 7194141,
  "prec": 0.24737310542009117,
  "cpu_time": 335.4096504140007,
  "real_time": 335.4164924621582,
  "partition": {
    "cpu_time": 146.82435265700042,
    "real_time": 146.8288917541504,
    "no_test": 2194141,
    "no_disc": 315650,
    "n_regions": 1012
  },
  "generation": {
    "cpu_time": 188.58529775700026,
    "real_time": 188.5876007080078,
    "no_test": 5000000,
    "no_disc": 1463987
  },
  "config": {
    "max_depth": 10,
    "min_samples_per_region": 1000,
    "max_samples_per_region": 3000,
    "min_gain": 0.0,
    "gini_weight_mode": "sample",
    "max_split_ratio": 1.0,
    "sampling_risk_focus_alpha": 8.0,
    "sampling_risk_floor": 1e-05,
    "batch_size": 512,
    "disc_phase": "generation",
    "sample_draws": 5000000,
    "random_seed": 4
  }
}