{
  "label": "regionft_a8-MLP-Credit-sex-d5000000",
  "repeat": 4,
  "method": "regionft_a8",
  "model": "MLP",
  "dataset": "Credit",
  "protected": "sex",
  "runtime": 7200,
  "no_disc": 949572,
  "no_test": 7061296,
  "prec": 0.1344755976806524,
  "cpu_time": 173.66417059299965,
  "real_time": 173.6696171760559,
  "partition": {
    "cpu_time": 87.78242533399953,
    "real_time": 87.78695845603943,
    "no_test": 2061296,
    "no_disc": 116631,
    "n_regions": 962
  },
  "generation": {
    "cpu_time": 85.88174525900013,
    "real_time": 85.88265872001648,
    "no_test": 5000000,
    "no_disc": 832941
  },
  "config": {
    "max_depth": 10,
    "min_samples_per_region": 1000,
    "max_samples_per_region": 3000,
    "min_gain": 0.0,
    "gini_weight_mode": "sample",
    "max_split_ratio": 1.0,
    "sampling_risk_focus_alpha": 8.0,
    "sampling_risk_floor": 1e-05,
    "batch_size": 512,
    "disc_phase": "generation",
    "sample_draws": 5000000,
    "random_seed": 4
  }
}