{
  "label": "regionft_a8-LogReg-Credit-age-d5000000",
  "repeat": 0,
  "method": "regionft_a8",
  "model": "LogReg",
  "dataset": "Credit",
  "protected": "age",
  "runtime": 7200,
  "no_disc": 1724157,
  "no_test": 7170852,
  "prec": 0.2404396297678435,
  "cpu_time": 325.6577885449997,
  "real_time": 325.67999935150146,
  "partition": {
    "cpu_time": 138.97645037599978,
    "real_time": 138.9987211227417,
    "no_test": 2170852,
    "no_disc": 264065,
    "n_regions": 1008
  },
  "generation": {
    "cpu_time": 186.6813381689999,
    "real_time": 186.68127822875977,
    "no_test": 5000000,
    "no_disc": 1460092
  },
  "config": {
    "max_depth": 10,
    "min_samples_per_region": 1000,
    "max_samples_per_region": 3000,
    "min_gain": 0.0,
    "gini_weight_mode": "sample",
    "max_split_ratio": 1.0,
    "sampling_risk_focus_alpha": 8.0,
    "sampling_risk_floor": 1e-05,
    "batch_size": 512,
    "disc_phase": "generation",
    "sample_draws": 5000000,
    "random_seed": 0
  }
}