{
  "label": "regionft_a8-DecTree-Credit-age-d5000000",
  "repeat": 0,
  "method": "regionft_a8",
  "model": "DecTree",
  "dataset": "Credit",
  "protected": "age",
  "runtime": 7200,
  "no_disc": 5146510,
  "no_test": 5263041,
  "prec": 0.9778586182399112,
  "cpu_time": 232.27145380300044,
  "real_time": 232.27775692939758,
  "partition": {
    "cpu_time": 21.71549635700012,
    "real_time": 21.719419956207275,
    "no_test": 263041,
    "no_disc": 151937,
    "n_regions": 122
  },
  "generation": {
    "cpu_time": 210.55595744600032,
    "real_time": 210.5583369731903,
    "no_test": 5000000,
    "no_disc": 4994573
  },
  "config": {
    "max_depth": 10,
    "min_samples_per_region": 1000,
    "max_samples_per_region": 3000,
    "min_gain": 0.0,
    "gini_weight_mode": "sample",
    "max_split_ratio": 1.0,
    "sampling_risk_focus_alpha": 8.0,
    "sampling_risk_floor": 1e-05,
    "batch_size": 512,
    "disc_phase": "generation",
    "sample_draws": 5000000,
    "random_seed": 0
  }
}