{
  "label": "regionft_a8-GBDT-Credit-age-d5000000",
  "repeat": 3,
  "method": "regionft_a8",
  "model": "GBDT",
  "dataset": "Credit",
  "protected": "age",
  "runtime": 7200,
  "no_disc": 3075093,
  "no_test": 7124523,
  "prec": 0.4316208958831349,
  "cpu_time": 377.59702776799986,
  "real_time": 377.6049544811249,
  "partition": {
    "cpu_time": 164.23437306400047,
    "real_time": 164.23970413208008,
    "no_test": 2124523,
    "no_disc": 321589,
    "n_regions": 977
  },
  "generation": {
    "cpu_time": 213.3626547039994,
    "real_time": 213.3652503490448,
    "no_test": 5000000,
    "no_disc": 2753504
  },
  "config": {
    "max_depth": 10,
    "min_samples_per_region": 1000,
    "max_samples_per_region": 3000,
    "min_gain": 0.0,
    "gini_weight_mode": "sample",
    "max_split_ratio": 1.0,
    "sampling_risk_focus_alpha": 8.0,
    "sampling_risk_floor": 1e-05,
    "batch_size": 512,
    "disc_phase": "generation",
    "sample_draws": 5000000,
    "random_seed": 3
  }
}