{
  "label": "regionft_a8-DecTree-Adult-age-d5000000",
  "repeat": 2,
  "method": "regionft_a8",
  "model": "DecTree",
  "dataset": "Adult",
  "protected": "age",
  "runtime": 7200,
  "no_disc": 5114605,
  "no_test": 5297321,
  "prec": 0.9655078482123323,
  "cpu_time": 261.34277500200005,
  "real_time": 261.3538324832916,
  "partition": {
    "cpu_time": 26.583226060000015,
    "real_time": 26.586936473846436,
    "no_test": 297321,
    "no_disc": 117938,
    "n_regions": 132
  },
  "generation": {
    "cpu_time": 234.75954894200004,
    "real_time": 234.7668960094452,
    "no_test": 5000000,
    "no_disc": 4996667
  },
  "config": {
    "max_depth": 10,
    "min_samples_per_region": 1000,
    "max_samples_per_region": 3000,
    "min_gain": 0.0,
    "gini_weight_mode": "sample",
    "max_split_ratio": 1.0,
    "sampling_risk_focus_alpha": 8.0,
    "sampling_risk_floor": 1e-05,
    "batch_size": 512,
    "disc_phase": "generation",
    "sample_draws": 5000000,
    "random_seed": 2
  }
}