{
  "label": "regionft_a8-GBDT-Lsac-race-d5000000",
  "repeat": 4,
  "method": "regionft_a8",
  "model": "GBDT",
  "dataset": "Lsac",
  "protected": "race",
  "runtime": 7200,
  "no_disc": 3619178,
  "no_test": 7127326,
  "prec": 0.5077890361686838,
  "cpu_time": 254.8557908419998,
  "real_time": 254.87405490875244,
  "partition": {
    "cpu_time": 138.322682774,
    "real_time": 138.33580946922302,
    "no_test": 2127326,
    "no_disc": 278297,
    "n_regions": 988
  },
  "generation": {
    "cpu_time": 116.53310806799982,
    "real_time": 116.53824543952942,
    "no_test": 5000000,
    "no_disc": 3340881
  },
  "config": {
    "max_depth": 10,
    "min_samples_per_region": 1000,
    "max_samples_per_region": 3000,
    "min_gain": 0.0,
    "gini_weight_mode": "sample",
    "max_split_ratio": 1.0,
    "sampling_risk_focus_alpha": 8.0,
    "sampling_risk_floor": 1e-05,
    "batch_size": 512,
    "disc_phase": "generation",
    "sample_draws": 5000000,
    "random_seed": 4
  }
}