{
  "label": "regionft_a8-LogReg-Lsac-race-d5000000",
  "repeat": 4,
  "method": "regionft_a8",
  "model": "LogReg",
  "dataset": "Lsac",
  "protected": "race",
  "runtime": 7200,
  "no_disc": 1941013,
  "no_test": 7040396,
  "prec": 0.2756965659318027,
  "cpu_time": 212.56509427899994,
  "real_time": 212.5683569908142,
  "partition": {
    "cpu_time": 119.39185203800014,
    "real_time": 119.39319634437561,
    "no_test": 2040396,
    "no_disc": 211902,
    "n_regions": 958
  },
  "generation": {
    "cpu_time": 93.1732422409998,
    "real_time": 93.1751606464386,
    "no_test": 5000000,
    "no_disc": 1729111
  },
  "config": {
    "max_depth": 10,
    "min_samples_per_region": 1000,
    "max_samples_per_region": 3000,
    "min_gain": 0.0,
    "gini_weight_mode": "sample",
    "max_split_ratio": 1.0,
    "sampling_risk_focus_alpha": 8.0,
    "sampling_risk_floor": 1e-05,
    "batch_size": 512,
    "disc_phase": "generation",
    "sample_draws": 5000000,
    "random_seed": 4
  }
}