{
  "label": "regionft_a8-DecTree-Adult-sex-d5000000",
  "repeat": 1,
  "method": "regionft_a8",
  "model": "DecTree",
  "dataset": "Adult",
  "protected": "sex",
  "runtime": 7200,
  "no_disc": 4722969,
  "no_test": 5391368,
  "prec": 0.8760242298429638,
  "cpu_time": 104.25219094900012,
  "real_time": 104.25421714782715,
  "partition": {
    "cpu_time": 18.475055363000138,
    "real_time": 18.47745990753174,
    "no_test": 391368,
    "no_disc": 56993,
    "n_regions": 187
  },
  "generation": {
    "cpu_time": 85.77713558599999,
    "real_time": 85.77675724029541,
    "no_test": 5000000,
    "no_disc": 4665976
  },
  "config": {
    "max_depth": 10,
    "min_samples_per_region": 1000,
    "max_samples_per_region": 3000,
    "min_gain": 0.0,
    "gini_weight_mode": "sample",
    "max_split_ratio": 1.0,
    "sampling_risk_focus_alpha": 8.0,
    "sampling_risk_floor": 1e-05,
    "batch_size": 512,
    "disc_phase": "generation",
    "sample_draws": 5000000,
    "random_seed": 1
  }
}