{
  "label": "regionft_a8-GBDT-Lsac-race-d5000000",
  "repeat": 0,
  "method": "regionft_a8",
  "model": "GBDT",
  "dataset": "Lsac",
  "protected": "race",
  "runtime": 7200,
  "no_disc": 4013610,
  "no_test": 7129263,
  "prec": 0.5629768462742923,
  "cpu_time": 261.41622504300085,
  "real_time": 261.43061780929565,
  "partition": {
    "cpu_time": 138.74546579100024,
    "real_time": 138.75919914245605,
    "no_test": 2129263,
    "no_disc": 328571,
    "n_regions": 993
  },
  "generation": {
    "cpu_time": 122.67075925200061,
    "real_time": 122.6714186668396,
    "no_test": 5000000,
    "no_disc": 3685039
  },
  "config": {
    "max_depth": 10,
    "min_samples_per_region": 1000,
    "max_samples_per_region": 3000,
    "min_gain": 0.0,
    "gini_weight_mode": "sample",
    "max_split_ratio": 1.0,
    "sampling_risk_focus_alpha": 8.0,
    "sampling_risk_floor": 1e-05,
    "batch_size": 512,
    "disc_phase": "generation",
    "sample_draws": 5000000,
    "random_seed": 0
  }
}