{
  "label": "regionft_a8-MLP-Credit-sex-d5000000",
  "repeat": 3,
  "method": "regionft_a8",
  "model": "MLP",
  "dataset": "Credit",
  "protected": "sex",
  "runtime": 7200,
  "no_disc": 949747,
  "no_test": 6998426,
  "prec": 0.1357086579182233,
  "cpu_time": 177.4779018069994,
  "real_time": 177.48322939872742,
  "partition": {
    "cpu_time": 89.54914262500006,
    "real_time": 89.5532591342926,
    "no_test": 1998426,
    "no_disc": 131026,
    "n_regions": 932
  },
  "generation": {
    "cpu_time": 87.92875918199934,
    "real_time": 87.92997026443481,
    "no_test": 5000000,
    "no_disc": 818721
  },
  "config": {
    "max_depth": 10,
    "min_samples_per_region": 1000,
    "max_samples_per_region": 3000,
    "min_gain": 0.0,
    "gini_weight_mode": "sample",
    "max_split_ratio": 1.0,
    "sampling_risk_focus_alpha": 8.0,
    "sampling_risk_floor": 1e-05,
    "batch_size": 512,
    "disc_phase": "generation",
    "sample_draws": 5000000,
    "random_seed": 3
  }
}