{
  "label": "regionft_a8-LogReg-Adult-age-d5000000",
  "repeat": 3,
  "method": "regionft_a8",
  "model": "LogReg",
  "dataset": "Adult",
  "protected": "age",
  "runtime": 7200,
  "no_disc": 4218514,
  "no_test": 6941069,
  "prec": 0.6077614269502292,
  "cpu_time": 360.00144467800055,
  "real_time": 360.02317786216736,
  "partition": {
    "cpu_time": 136.77054845099974,
    "real_time": 136.79076647758484,
    "no_test": 1941069,
    "no_disc": 547826,
    "n_regions": 934
  },
  "generation": {
    "cpu_time": 223.2308962270008,
    "real_time": 223.23241138458252,
    "no_test": 5000000,
    "no_disc": 3670688
  },
  "config": {
    "max_depth": 10,
    "min_samples_per_region": 1000,
    "max_samples_per_region": 3000,
    "min_gain": 0.0,
    "gini_weight_mode": "sample",
    "max_split_ratio": 1.0,
    "sampling_risk_focus_alpha": 8.0,
    "sampling_risk_floor": 1e-05,
    "batch_size": 512,
    "disc_phase": "generation",
    "sample_draws": 5000000,
    "random_seed": 3
  }
}