{
  "label": "regionft_a8-DecTree-Adult-sex-d5000000",
  "repeat": 2,
  "method": "regionft_a8",
  "model": "DecTree",
  "dataset": "Adult",
  "protected": "sex",
  "runtime": 7200,
  "no_disc": 4644924,
  "no_test": 5437127,
  "prec": 0.8542974993962804,
  "cpu_time": 105.2811429379999,
  "real_time": 105.28499412536621,
  "partition": {
    "cpu_time": 19.946703077999928,
    "real_time": 19.95052719116211,
    "no_test": 437127,
    "no_disc": 59659,
    "n_regions": 209
  },
  "generation": {
    "cpu_time": 85.33443985999997,
    "real_time": 85.3344669342041,
    "no_test": 5000000,
    "no_disc": 4585265
  },
  "config": {
    "max_depth": 10,
    "min_samples_per_region": 1000,
    "max_samples_per_region": 3000,
    "min_gain": 0.0,
    "gini_weight_mode": "sample",
    "max_split_ratio": 1.0,
    "sampling_risk_focus_alpha": 8.0,
    "sampling_risk_floor": 1e-05,
    "batch_size": 512,
    "disc_phase": "generation",
    "sample_draws": 5000000,
    "random_seed": 2
  }
}