{
  "label": "regionft_a8-MLP-Lsac-sex-d5000000",
  "repeat": 3,
  "method": "regionft_a8",
  "model": "MLP",
  "dataset": "Lsac",
  "protected": "sex",
  "runtime": 7200,
  "no_disc": 505092,
  "no_test": 7089251,
  "prec": 0.0712475831367799,
  "cpu_time": 188.3025039489994,
  "real_time": 188.30923867225647,
  "partition": {
    "cpu_time": 111.0509008680001,
    "real_time": 111.05700206756592,
    "no_test": 2089251,
    "no_disc": 69876,
    "n_regions": 981
  },
  "generation": {
    "cpu_time": 77.2516030809993,
    "real_time": 77.25223660469055,
    "no_test": 5000000,
    "no_disc": 435216
  },
  "config": {
    "max_depth": 10,
    "min_samples_per_region": 1000,
    "max_samples_per_region": 3000,
    "min_gain": 0.0,
    "gini_weight_mode": "sample",
    "max_split_ratio": 1.0,
    "sampling_risk_focus_alpha": 8.0,
    "sampling_risk_floor": 1e-05,
    "batch_size": 512,
    "disc_phase": "generation",
    "sample_draws": 5000000,
    "random_seed": 3
  }
}