{
  "label": "regionft_a8-LogReg-Lsac-sex-d5000000",
  "repeat": 1,
  "method": "regionft_a8",
  "model": "LogReg",
  "dataset": "Lsac",
  "protected": "sex",
  "runtime": 7200,
  "no_disc": 480688,
  "no_test": 6757456,
  "prec": 0.07113446243675134,
  "cpu_time": 160.7841542570004,
  "real_time": 160.7846167087555,
  "partition": {
    "cpu_time": 93.35807573000056,
    "real_time": 93.35838413238525,
    "no_test": 1757456,
    "no_disc": 53613,
    "n_regions": 835
  },
  "generation": {
    "cpu_time": 67.42607852699985,
    "real_time": 67.42623257637024,
    "no_test": 5000000,
    "no_disc": 427075
  },
  "config": {
    "max_depth": 10,
    "min_samples_per_region": 1000,
    "max_samples_per_region": 3000,
    "min_gain": 0.0,
    "gini_weight_mode": "sample",
    "max_split_ratio": 1.0,
    "sampling_risk_focus_alpha": 8.0,
    "sampling_risk_floor": 1e-05,
    "batch_size": 512,
    "disc_phase": "generation",
    "sample_draws": 5000000,
    "random_seed": 1
  }
}