{
  "label": "regionft_a8-DecTree-Credit-age-d5000000",
  "repeat": 4,
  "method": "regionft_a8",
  "model": "DecTree",
  "dataset": "Credit",
  "protected": "age",
  "runtime": 7200,
  "no_disc": 5141228,
  "no_test": 5258953,
  "prec": 0.9776143654449849,
  "cpu_time": 214.35446172899992,
  "real_time": 214.36002469062805,
  "partition": {
    "cpu_time": 19.557011552000404,
    "real_time": 19.558659076690674,
    "no_test": 258953,
    "no_disc": 148077,
    "n_regions": 120
  },
  "generation": {
    "cpu_time": 194.79745017699952,
    "real_time": 194.80136561393738,
    "no_test": 5000000,
    "no_disc": 4993151
  },
  "config": {
    "max_depth": 10,
    "min_samples_per_region": 1000,
    "max_samples_per_region": 3000,
    "min_gain": 0.0,
    "gini_weight_mode": "sample",
    "max_split_ratio": 1.0,
    "sampling_risk_focus_alpha": 8.0,
    "sampling_risk_floor": 1e-05,
    "batch_size": 512,
    "disc_phase": "generation",
    "sample_draws": 5000000,
    "random_seed": 4
  }
}