{
  "label": "regionft_a8-MLP-Adult-sex-d5000000",
  "repeat": 2,
  "method": "regionft_a8",
  "model": "MLP",
  "dataset": "Adult",
  "protected": "sex",
  "runtime": 7200,
  "no_disc": 675325,
  "no_test": 6856021,
  "prec": 0.09850101100915531,
  "cpu_time": 183.2493656430006,
  "real_time": 183.25452733039856,
  "partition": {
    "cpu_time": 86.12920994000069,
    "real_time": 86.1337206363678,
    "no_test": 1856021,
    "no_disc": 57632,
    "n_regions": 881
  },
  "generation": {
    "cpu_time": 97.12015570299991,
    "real_time": 97.12080669403076,
    "no_test": 5000000,
    "no_disc": 617693
  },
  "config": {
    "max_depth": 10,
    "min_samples_per_region": 1000,
    "max_samples_per_region": 3000,
    "min_gain": 0.0,
    "gini_weight_mode": "sample",
    "max_split_ratio": 1.0,
    "sampling_risk_focus_alpha": 8.0,
    "sampling_risk_floor": 1e-05,
    "batch_size": 512,
    "disc_phase": "generation",
    "sample_draws": 5000000,
    "random_seed": 2
  }
}