{
  "label": "regionft_a8-GBDT-Lsac-race-d5000000",
  "repeat": 3,
  "method": "regionft_a8",
  "model": "GBDT",
  "dataset": "Lsac",
  "protected": "race",
  "runtime": 7200,
  "no_disc": 4369086,
  "no_test": 7018879,
  "prec": 0.6224763242107465,
  "cpu_time": 258.0503608980007,
  "real_time": 258.06397771835327,
  "partition": {
    "cpu_time": 134.18755168700045,
    "real_time": 134.20079493522644,
    "no_test": 2018879,
    "no_disc": 317365,
    "n_regions": 939
  },
  "generation": {
    "cpu_time": 123.86280921100024,
    "real_time": 123.86318278312683,
    "no_test": 5000000,
    "no_disc": 4051721
  },
  "config": {
    "max_depth": 10,
    "min_samples_per_region": 1000,
    "max_samples_per_region": 3000,
    "min_gain": 0.0,
    "gini_weight_mode": "sample",
    "max_split_ratio": 1.0,
    "sampling_risk_focus_alpha": 8.0,
    "sampling_risk_floor": 1e-05,
    "batch_size": 512,
    "disc_phase": "generation",
    "sample_draws": 5000000,
    "random_seed": 3
  }
}