{
  "label": "regionft_a8-DecTree-Credit-age-d5000000",
  "repeat": 3,
  "method": "regionft_a8",
  "model": "DecTree",
  "dataset": "Credit",
  "protected": "age",
  "runtime": 7200,
  "no_disc": 5141737,
  "no_test": 5258954,
  "prec": 0.9777109668576679,
  "cpu_time": 224.36777266599984,
  "real_time": 224.37644362449646,
  "partition": {
    "cpu_time": 18.797962667999855,
    "real_time": 18.80167531967163,
    "no_test": 258954,
    "no_disc": 146995,
    "n_regions": 120
  },
  "generation": {
    "cpu_time": 205.56980999799998,
    "real_time": 205.57476830482483,
    "no_test": 5000000,
    "no_disc": 4994742
  },
  "config": {
    "max_depth": 10,
    "min_samples_per_region": 1000,
    "max_samples_per_region": 3000,
    "min_gain": 0.0,
    "gini_weight_mode": "sample",
    "max_split_ratio": 1.0,
    "sampling_risk_focus_alpha": 8.0,
    "sampling_risk_floor": 1e-05,
    "batch_size": 512,
    "disc_phase": "generation",
    "sample_draws": 5000000,
    "random_seed": 3
  }
}