{
  "label": "regionft_a8-MLP-Credit-sex-d5000000",
  "repeat": 0,
  "method": "regionft_a8",
  "model": "MLP",
  "dataset": "Credit",
  "protected": "sex",
  "runtime": 7200,
  "no_disc": 1024830,
  "no_test": 7003275,
  "prec": 0.14633582145496216,
  "cpu_time": 156.8216122670001,
  "real_time": 156.83010458946228,
  "partition": {
    "cpu_time": 81.46447891400021,
    "real_time": 81.47047519683838,
    "no_test": 2003275,
    "no_disc": 122102,
    "n_regions": 939
  },
  "generation": {
    "cpu_time": 75.35713335299988,
    "real_time": 75.3596293926239,
    "no_test": 5000000,
    "no_disc": 902728
  },
  "config": {
    "max_depth": 10,
    "min_samples_per_region": 1000,
    "max_samples_per_region": 3000,
    "min_gain": 0.0,
    "gini_weight_mode": "sample",
    "max_split_ratio": 1.0,
    "sampling_risk_focus_alpha": 8.0,
    "sampling_risk_floor": 1e-05,
    "batch_size": 512,
    "disc_phase": "generation",
    "sample_draws": 5000000,
    "random_seed": 0
  }
}