{
  "label": "regionft_a8-DecTree-Adult-sex-d5000000",
  "repeat": 3,
  "method": "regionft_a8",
  "model": "DecTree",
  "dataset": "Adult",
  "protected": "sex",
  "runtime": 7200,
  "no_disc": 4628014,
  "no_test": 5429334,
  "prec": 0.8524091536825695,
  "cpu_time": 105.2881853419999,
  "real_time": 105.29211020469666,
  "partition": {
    "cpu_time": 19.677962452999964,
    "real_time": 19.681164741516113,
    "no_test": 429334,
    "no_disc": 63390,
    "n_regions": 205
  },
  "generation": {
    "cpu_time": 85.61022288899994,
    "real_time": 85.61094546318054,
    "no_test": 5000000,
    "no_disc": 4564624
  },
  "config": {
    "max_depth": 10,
    "min_samples_per_region": 1000,
    "max_samples_per_region": 3000,
    "min_gain": 0.0,
    "gini_weight_mode": "sample",
    "max_split_ratio": 1.0,
    "sampling_risk_focus_alpha": 8.0,
    "sampling_risk_floor": 1e-05,
    "batch_size": 512,
    "disc_phase": "generation",
    "sample_draws": 5000000,
    "random_seed": 3
  }
}