{
  "label": "regionft_a8-GBDT-Adult-sex-d5000000",
  "repeat": 1,
  "method": "regionft_a8",
  "model": "GBDT",
  "dataset": "Adult",
  "protected": "sex",
  "runtime": 7200,
  "no_disc": 2328163,
  "no_test": 6718277,
  "prec": 0.3465416802552202,
  "cpu_time": 183.22754836700005,
  "real_time": 183.2319474220276,
  "partition": {
    "cpu_time": 92.25724630900004,
    "real_time": 92.26044583320618,
    "no_test": 1718277,
    "no_disc": 146248,
    "n_regions": 825
  },
  "generation": {
    "cpu_time": 90.97030205800002,
    "real_time": 90.97150158882141,
    "no_test": 5000000,
    "no_disc": 2181915
  },
  "config": {
    "max_depth": 10,
    "min_samples_per_region": 1000,
    "max_samples_per_region": 3000,
    "min_gain": 0.0,
    "gini_weight_mode": "sample",
    "max_split_ratio": 1.0,
    "sampling_risk_focus_alpha": 8.0,
    "sampling_risk_floor": 1e-05,
    "batch_size": 512,
    "disc_phase": "generation",
    "sample_draws": 5000000,
    "random_seed": 1
  }
}