{
  "label": "regionft_a8-MLP-Lsac-race-d5000000",
  "repeat": 4,
  "method": "regionft_a8",
  "model": "MLP",
  "dataset": "Lsac",
  "protected": "race",
  "runtime": 7200,
  "no_disc": 1028053,
  "no_test": 7161918,
  "prec": 0.1435443689804882,
  "cpu_time": 223.0793084300003,
  "real_time": 223.0841829776764,
  "partition": {
    "cpu_time": 124.76804434399946,
    "real_time": 124.77203917503357,
    "no_test": 2161918,
    "no_disc": 130198,
    "n_regions": 1006
  },
  "generation": {
    "cpu_time": 98.31126408600085,
    "real_time": 98.31214380264282,
    "no_test": 5000000,
    "no_disc": 897855
  },
  "config": {
    "max_depth": 10,
    "min_samples_per_region": 1000,
    "max_samples_per_region": 3000,
    "min_gain": 0.0,
    "gini_weight_mode": "sample",
    "max_split_ratio": 1.0,
    "sampling_risk_focus_alpha": 8.0,
    "sampling_risk_floor": 1e-05,
    "batch_size": 512,
    "disc_phase": "generation",
    "sample_draws": 5000000,
    "random_seed": 4
  }
}