{
  "label": "regionft_a8-GBDT-Adult-race-d5000000",
  "repeat": 1,
  "method": "regionft_a8",
  "model": "GBDT",
  "dataset": "Adult",
  "protected": "race",
  "runtime": 7200,
  "no_disc": 2702190,
  "no_test": 6725598,
  "prec": 0.40177691262546467,
  "cpu_time": 280.9606570410001,
  "real_time": 280.9625024795532,
  "partition": {
    "cpu_time": 110.6823684389999,
    "real_time": 110.68524360656738,
    "no_test": 1725598,
    "no_disc": 76357,
    "n_regions": 827
  },
  "generation": {
    "cpu_time": 170.2782886020002,
    "real_time": 170.27725887298584,
    "no_test": 5000000,
    "no_disc": 2625833
  },
  "config": {
    "max_depth": 10,
    "min_samples_per_region": 1000,
    "max_samples_per_region": 3000,
    "min_gain": 0.0,
    "gini_weight_mode": "sample",
    "max_split_ratio": 1.0,
    "sampling_risk_focus_alpha": 8.0,
    "sampling_risk_floor": 1e-05,
    "batch_size": 512,
    "disc_phase": "generation",
    "sample_draws": 5000000,
    "random_seed": 1
  }
}