{
  "label": "regionft_a8-DecTree-Bank-age-d5000000",
  "repeat": 3,
  "method": "regionft_a8",
  "model": "DecTree",
  "dataset": "Bank",
  "protected": "age",
  "runtime": 7200,
  "no_disc": 5209226,
  "no_test": 6297890,
  "prec": 0.827138295524374,
  "cpu_time": 307.7650341509998,
  "real_time": 307.77075028419495,
  "partition": {
    "cpu_time": 103.48155477899945,
    "real_time": 103.48448085784912,
    "no_test": 1297890,
    "no_disc": 357783,
    "n_regions": 587
  },
  "generation": {
    "cpu_time": 204.28347937200033,
    "real_time": 204.28626942634583,
    "no_test": 5000000,
    "no_disc": 4851443
  },
  "config": {
    "max_depth": 10,
    "min_samples_per_region": 1000,
    "max_samples_per_region": 3000,
    "min_gain": 0.0,
    "gini_weight_mode": "sample",
    "max_split_ratio": 1.0,
    "sampling_risk_focus_alpha": 8.0,
    "sampling_risk_floor": 1e-05,
    "batch_size": 512,
    "disc_phase": "generation",
    "sample_draws": 5000000,
    "random_seed": 3
  }
}