{
  "label": "regionft_a8-MLP-Bank-age-d5000000",
  "repeat": 1,
  "method": "regionft_a8",
  "model": "MLP",
  "dataset": "Bank",
  "protected": "age",
  "runtime": 7200,
  "no_disc": 2956969,
  "no_test": 7096608,
  "prec": 0.4166735713738169,
  "cpu_time": 498.81631250600003,
  "real_time": 498.8209071159363,
  "partition": {
    "cpu_time": 193.189642284,
    "real_time": 193.1916947364807,
    "no_test": 2096608,
    "no_disc": 325324,
    "n_regions": 972
  },
  "generation": {
    "cpu_time": 305.62667022200003,
    "real_time": 305.62921237945557,
    "no_test": 5000000,
    "no_disc": 2631645
  },
  "config": {
    "max_depth": 10,
    "min_samples_per_region": 1000,
    "max_samples_per_region": 3000,
    "min_gain": 0.0,
    "gini_weight_mode": "sample",
    "max_split_ratio": 1.0,
    "sampling_risk_focus_alpha": 8.0,
    "sampling_risk_floor": 1e-05,
    "batch_size": 512,
    "disc_phase": "generation",
    "sample_draws": 5000000,
    "random_seed": 1
  }
}