{
  "label": "regionft_a8-GBDT-Bank-age-d5000000",
  "repeat": 2,
  "method": "regionft_a8",
  "model": "GBDT",
  "dataset": "Bank",
  "protected": "age",
  "runtime": 7200,
  "no_disc": 4591350,
  "no_test": 7003751,
  "prec": 0.6555558585677874,
  "cpu_time": 458.94398719599985,
  "real_time": 458.9434292316437,
  "partition": {
    "cpu_time": 183.71595116599997,
    "real_time": 183.717223405838,
    "no_test": 2003751,
    "no_disc": 454170,
    "n_regions": 933
  },
  "generation": {
    "cpu_time": 275.2280360299999,
    "real_time": 275.22620582580566,
    "no_test": 5000000,
    "no_disc": 4137180
  },
  "config": {
    "max_depth": 10,
    "min_samples_per_region": 1000,
    "max_samples_per_region": 3000,
    "min_gain": 0.0,
    "gini_weight_mode": "sample",
    "max_split_ratio": 1.0,
    "sampling_risk_focus_alpha": 8.0,
    "sampling_risk_floor": 1e-05,
    "batch_size": 512,
    "disc_phase": "generation",
    "sample_draws": 5000000,
    "random_seed": 2
  }
}