{
  "label": "regionft_a8-LogReg-Credit-sex-d5000000",
  "repeat": 4,
  "method": "regionft_a8",
  "model": "LogReg",
  "dataset": "Credit",
  "protected": "sex",
  "runtime": 7200,
  "no_disc": 718575,
  "no_test": 7153850,
  "prec": 0.10044591373875605,
  "cpu_time": 172.53730945499956,
  "real_time": 172.53815507888794,
  "partition": {
    "cpu_time": 94.33845719999954,
    "real_time": 94.33924055099487,
    "no_test": 2153850,
    "no_disc": 132963,
    "n_regions": 999
  },
  "generation": {
    "cpu_time": 78.19885225500002,
    "real_time": 78.19891452789307,
    "no_test": 5000000,
    "no_disc": 585612
  },
  "config": {
    "max_depth": 10,
    "min_samples_per_region": 1000,
    "max_samples_per_region": 3000,
    "min_gain": 0.0,
    "gini_weight_mode": "sample",
    "max_split_ratio": 1.0,
    "sampling_risk_focus_alpha": 8.0,
    "sampling_risk_floor": 1e-05,
    "batch_size": 512,
    "disc_phase": "generation",
    "sample_draws": 5000000,
    "random_seed": 4
  }
}