{
  "label": "regionft_a8-MLP-Adult-age-d5000000",
  "repeat": 2,
  "method": "regionft_a8",
  "model": "MLP",
  "dataset": "Adult",
  "protected": "age",
  "runtime": 7200,
  "no_disc": 4409770,
  "no_test": 7172314,
  "prec": 0.6148322563680285,
  "cpu_time": 452.91421842399996,
  "real_time": 452.93694734573364,
  "partition": {
    "cpu_time": 174.3615186469999,
    "real_time": 174.37573266029358,
    "no_test": 2172314,
    "no_disc": 647224,
    "n_regions": 1014
  },
  "generation": {
    "cpu_time": 278.55269977700004,
    "real_time": 278.56121468544006,
    "no_test": 5000000,
    "no_disc": 3762546
  },
  "config": {
    "max_depth": 10,
    "min_samples_per_region": 1000,
    "max_samples_per_region": 3000,
    "min_gain": 0.0,
    "gini_weight_mode": "sample",
    "max_split_ratio": 1.0,
    "sampling_risk_focus_alpha": 8.0,
    "sampling_risk_floor": 1e-05,
    "batch_size": 512,
    "disc_phase": "generation",
    "sample_draws": 5000000,
    "random_seed": 2
  }
}