{
  "label": "regionft_a8-MLP-Credit-age-d5000000",
  "repeat": 3,
  "method": "regionft_a8",
  "model": "MLP",
  "dataset": "Credit",
  "protected": "age",
  "runtime": 7200,
  "no_disc": 2537144,
  "no_test": 7135307,
  "prec": 0.3555760109550998,
  "cpu_time": 361.2572637819994,
  "real_time": 361.2681896686554,
  "partition": {
    "cpu_time": 141.47093747500003,
    "real_time": 141.48125219345093,
    "no_test": 2135307,
    "no_disc": 281646,
    "n_regions": 990
  },
  "generation": {
    "cpu_time": 219.7863263069994,
    "real_time": 219.78693747520447,
    "no_test": 5000000,
    "no_disc": 2255498
  },
  "config": {
    "max_depth": 10,
    "min_samples_per_region": 1000,
    "max_samples_per_region": 3000,
    "min_gain": 0.0,
    "gini_weight_mode": "sample",
    "max_split_ratio": 1.0,
    "sampling_risk_focus_alpha": 8.0,
    "sampling_risk_floor": 1e-05,
    "batch_size": 512,
    "disc_phase": "generation",
    "sample_draws": 5000000,
    "random_seed": 3
  }
}