{
  "label": "regionft_a8-LogReg-Lsac-sex-d5000000",
  "repeat": 2,
  "method": "regionft_a8",
  "model": "LogReg",
  "dataset": "Lsac",
  "protected": "sex",
  "runtime": 7200,
  "no_disc": 517376,
  "no_test": 6946868,
  "prec": 0.07447615241861512,
  "cpu_time": 168.73603261600056,
  "real_time": 168.7364785671234,
  "partition": {
    "cpu_time": 101.33936577300028,
    "real_time": 101.33963704109192,
    "no_test": 1946868,
    "no_disc": 66163,
    "n_regions": 923
  },
  "generation": {
    "cpu_time": 67.39666684300028,
    "real_time": 67.3968415260315,
    "no_test": 5000000,
    "no_disc": 451213
  },
  "config": {
    "max_depth": 10,
    "min_samples_per_region": 1000,
    "max_samples_per_region": 3000,
    "min_gain": 0.0,
    "gini_weight_mode": "sample",
    "max_split_ratio": 1.0,
    "sampling_risk_focus_alpha": 8.0,
    "sampling_risk_floor": 1e-05,
    "batch_size": 512,
    "disc_phase": "generation",
    "sample_draws": 5000000,
    "random_seed": 2
  }
}