{
  "label": "regionft_a8-DecTree-Credit-age-d5000000",
  "repeat": 2,
  "method": "regionft_a8",
  "model": "DecTree",
  "dataset": "Credit",
  "protected": "age",
  "runtime": 7200,
  "no_disc": 5141061,
  "no_test": 5258954,
  "prec": 0.9775824241854939,
  "cpu_time": 233.41741468500004,
  "real_time": 233.42652654647827,
  "partition": {
    "cpu_time": 20.916507658000228,
    "real_time": 20.92364811897278,
    "no_test": 258954,
    "no_disc": 146538,
    "n_regions": 120
  },
  "generation": {
    "cpu_time": 212.5009070269998,
    "real_time": 212.5028784275055,
    "no_test": 5000000,
    "no_disc": 4994523
  },
  "config": {
    "max_depth": 10,
    "min_samples_per_region": 1000,
    "max_samples_per_region": 3000,
    "min_gain": 0.0,
    "gini_weight_mode": "sample",
    "max_split_ratio": 1.0,
    "sampling_risk_focus_alpha": 8.0,
    "sampling_risk_floor": 1e-05,
    "batch_size": 512,
    "disc_phase": "generation",
    "sample_draws": 5000000,
    "random_seed": 2
  }
}