{
  "label": "regionft_a8-GBDT-Bank-age-d5000000",
  "repeat": 1,
  "method": "regionft_a8",
  "model": "GBDT",
  "dataset": "Bank",
  "protected": "age",
  "runtime": 7200,
  "no_disc": 4635507,
  "no_test": 7056941,
  "prec": 0.656872007290411,
  "cpu_time": 411.871475873,
  "real_time": 411.892142534256,
  "partition": {
    "cpu_time": 179.61080179799978,
    "real_time": 179.6299078464508,
    "no_test": 2056941,
    "no_disc": 511718,
    "n_regions": 952
  },
  "generation": {
    "cpu_time": 232.26067407500022,
    "real_time": 232.26223468780518,
    "no_test": 5000000,
    "no_disc": 4123789
  },
  "config": {
    "max_depth": 10,
    "min_samples_per_region": 1000,
    "max_samples_per_region": 3000,
    "min_gain": 0.0,
    "gini_weight_mode": "sample",
    "max_split_ratio": 1.0,
    "sampling_risk_focus_alpha": 8.0,
    "sampling_risk_floor": 1e-05,
    "batch_size": 512,
    "disc_phase": "generation",
    "sample_draws": 5000000,
    "random_seed": 1
  }
}