{
  "label": "regionft_a8-DecTree-Adult-race-d5000000",
  "repeat": 3,
  "method": "regionft_a8",
  "model": "DecTree",
  "dataset": "Adult",
  "protected": "race",
  "runtime": 7200,
  "no_disc": 5078563,
  "no_test": 5741170,
  "prec": 0.8845867654154118,
  "cpu_time": 184.7844556770001,
  "real_time": 184.7884383201599,
  "partition": {
    "cpu_time": 43.11193522100007,
    "real_time": 43.115046977996826,
    "no_test": 741170,
    "no_disc": 80043,
    "n_regions": 356
  },
  "generation": {
    "cpu_time": 141.67252045600003,
    "real_time": 141.6733913421631,
    "no_test": 5000000,
    "no_disc": 4998520
  },
  "config": {
    "max_depth": 10,
    "min_samples_per_region": 1000,
    "max_samples_per_region": 3000,
    "min_gain": 0.0,
    "gini_weight_mode": "sample",
    "max_split_ratio": 1.0,
    "sampling_risk_focus_alpha": 8.0,
    "sampling_risk_floor": 1e-05,
    "batch_size": 512,
    "disc_phase": "generation",
    "sample_draws": 5000000,
    "random_seed": 3
  }
}