{
  "label": "regionft_a8-GBDT-Adult-age-d5000000",
  "repeat": 2,
  "method": "regionft_a8",
  "model": "GBDT",
  "dataset": "Adult",
  "protected": "age",
  "runtime": 7200,
  "no_disc": 5406693,
  "no_test": 7018361,
  "prec": 0.7703640493841796,
  "cpu_time": 390.85998122,
  "real_time": 390.8704934120178,
  "partition": {
    "cpu_time": 162.91685212499988,
    "real_time": 162.92991304397583,
    "no_test": 2018361,
    "no_disc": 717909,
    "n_regions": 948
  },
  "generation": {
    "cpu_time": 227.94312909500013,
    "real_time": 227.940580368042,
    "no_test": 5000000,
    "no_disc": 4688784
  },
  "config": {
    "max_depth": 10,
    "min_samples_per_region": 1000,
    "max_samples_per_region": 3000,
    "min_gain": 0.0,
    "gini_weight_mode": "sample",
    "max_split_ratio": 1.0,
    "sampling_risk_focus_alpha": 8.0,
    "sampling_risk_floor": 1e-05,
    "batch_size": 512,
    "disc_phase": "generation",
    "sample_draws": 5000000,
    "random_seed": 2
  }
}