{
  "label": "regionft_a8-LogReg-Adult-sex-d5000000",
  "repeat": 3,
  "method": "regionft_a8",
  "model": "LogReg",
  "dataset": "Adult",
  "protected": "sex",
  "runtime": 7200,
  "no_disc": 619388,
  "no_test": 6585514,
  "prec": 0.09405309896843284,
  "cpu_time": 140.47681611400003,
  "real_time": 140.48056840896606,
  "partition": {
    "cpu_time": 68.99415002200021,
    "real_time": 68.99752068519592,
    "no_test": 1585514,
    "no_disc": 89421,
    "n_regions": 767
  },
  "generation": {
    "cpu_time": 71.48266609199982,
    "real_time": 71.48304772377014,
    "no_test": 5000000,
    "no_disc": 529967
  },
  "config": {
    "max_depth": 10,
    "min_samples_per_region": 1000,
    "max_samples_per_region": 3000,
    "min_gain": 0.0,
    "gini_weight_mode": "sample",
    "max_split_ratio": 1.0,
    "sampling_risk_focus_alpha": 8.0,
    "sampling_risk_floor": 1e-05,
    "batch_size": 512,
    "disc_phase": "generation",
    "sample_draws": 5000000,
    "random_seed": 3
  }
}