{
  "label": "regionft_a8-DecTree-Bank-age-d5000000",
  "repeat": 2,
  "method": "regionft_a8",
  "model": "DecTree",
  "dataset": "Bank",
  "protected": "age",
  "runtime": 7200,
  "no_disc": 5235064,
  "no_test": 6418319,
  "prec": 0.8156440962189633,
  "cpu_time": 325.147009452,
  "real_time": 325.151841878891,
  "partition": {
    "cpu_time": 113.18909802399958,
    "real_time": 113.19219875335693,
    "no_test": 1418319,
    "no_disc": 401277,
    "n_regions": 646
  },
  "generation": {
    "cpu_time": 211.95791142800044,
    "real_time": 211.95964312553406,
    "no_test": 5000000,
    "no_disc": 4833787
  },
  "config": {
    "max_depth": 10,
    "min_samples_per_region": 1000,
    "max_samples_per_region": 3000,
    "min_gain": 0.0,
    "gini_weight_mode": "sample",
    "max_split_ratio": 1.0,
    "sampling_risk_focus_alpha": 8.0,
    "sampling_risk_floor": 1e-05,
    "batch_size": 512,
    "disc_phase": "generation",
    "sample_draws": 5000000,
    "random_seed": 2
  }
}