{
  "label": "regionft_a8-GBDT-Bank-age-d5000000",
  "repeat": 4,
  "method": "regionft_a8",
  "model": "GBDT",
  "dataset": "Bank",
  "protected": "age",
  "runtime": 7200,
  "no_disc": 4511742,
  "no_test": 6893761,
  "prec": 0.6544674235152625,
  "cpu_time": 459.97945441699994,
  "real_time": 459.98670625686646,
  "partition": {
    "cpu_time": 184.10828760999993,
    "real_time": 184.11815690994263,
    "no_test": 1893761,
    "no_disc": 496112,
    "n_regions": 878
  },
  "generation": {
    "cpu_time": 275.871166807,
    "real_time": 275.8685493469238,
    "no_test": 5000000,
    "no_disc": 4015630
  },
  "config": {
    "max_depth": 10,
    "min_samples_per_region": 1000,
    "max_samples_per_region": 3000,
    "min_gain": 0.0,
    "gini_weight_mode": "sample",
    "max_split_ratio": 1.0,
    "sampling_risk_focus_alpha": 8.0,
    "sampling_risk_floor": 1e-05,
    "batch_size": 512,
    "disc_phase": "generation",
    "sample_draws": 5000000,
    "random_seed": 4
  }
}