{
  "label": "regionft_a8-MLP-Adult-race-d5000000",
  "repeat": 4,
  "method": "regionft_a8",
  "model": "MLP",
  "dataset": "Adult",
  "protected": "race",
  "runtime": 7200,
  "no_disc": 2142543,
  "no_test": 7121526,
  "prec": 0.3008544797842485,
  "cpu_time": 332.1711205349993,
  "real_time": 332.17676973342896,
  "partition": {
    "cpu_time": 134.14782233999995,
    "real_time": 134.15218019485474,
    "no_test": 2121526,
    "no_disc": 199872,
    "n_regions": 1005
  },
  "generation": {
    "cpu_time": 198.02329819499937,
    "real_time": 198.02458953857422,
    "no_test": 5000000,
    "no_disc": 1942671
  },
  "config": {
    "max_depth": 10,
    "min_samples_per_region": 1000,
    "max_samples_per_region": 3000,
    "min_gain": 0.0,
    "gini_weight_mode": "sample",
    "max_split_ratio": 1.0,
    "sampling_risk_focus_alpha": 8.0,
    "sampling_risk_floor": 1e-05,
    "batch_size": 512,
    "disc_phase": "generation",
    "sample_draws": 5000000,
    "random_seed": 4
  }
}