{
  "label": "regionft_a8-DecTree-Adult-sex-d5000000",
  "repeat": 4,
  "method": "regionft_a8",
  "model": "DecTree",
  "dataset": "Adult",
  "protected": "sex",
  "runtime": 7200,
  "no_disc": 4726012,
  "no_test": 5746064,
  "prec": 0.8224781345978743,
  "cpu_time": 126.24399910600005,
  "real_time": 126.24602675437927,
  "partition": {
    "cpu_time": 37.15826964500002,
    "real_time": 37.16115164756775,
    "no_test": 746064,
    "no_disc": 120865,
    "n_regions": 359
  },
  "generation": {
    "cpu_time": 89.08572946100003,
    "real_time": 89.08487510681152,
    "no_test": 5000000,
    "no_disc": 4605147
  },
  "config": {
    "max_depth": 10,
    "min_samples_per_region": 1000,
    "max_samples_per_region": 3000,
    "min_gain": 0.0,
    "gini_weight_mode": "sample",
    "max_split_ratio": 1.0,
    "sampling_risk_focus_alpha": 8.0,
    "sampling_risk_floor": 1e-05,
    "batch_size": 512,
    "disc_phase": "generation",
    "sample_draws": 5000000,
    "random_seed": 4
  }
}