{
  "label": "regionft_a8-LogReg-Bank-age-d5000000",
  "repeat": 0,
  "method": "regionft_a8",
  "model": "LogReg",
  "dataset": "Bank",
  "protected": "age",
  "runtime": 7200,
  "no_disc": 1344507,
  "no_test": 6868687,
  "prec": 0.19574439772841593,
  "cpu_time": 324.4987770080006,
  "real_time": 324.5010449886322,
  "partition": {
    "cpu_time": 132.8319127270006,
    "real_time": 132.8334984779358,
    "no_test": 1868687,
    "no_disc": 102254,
    "n_regions": 889
  },
  "generation": {
    "cpu_time": 191.66686428100002,
    "real_time": 191.6675465106964,
    "no_test": 5000000,
    "no_disc": 1242253
  },
  "config": {
    "max_depth": 10,
    "min_samples_per_region": 1000,
    "max_samples_per_region": 3000,
    "min_gain": 0.0,
    "gini_weight_mode": "sample",
    "max_split_ratio": 1.0,
    "sampling_risk_focus_alpha": 8.0,
    "sampling_risk_floor": 1e-05,
    "batch_size": 512,
    "disc_phase": "generation",
    "sample_draws": 5000000,
    "random_seed": 0
  }
}