{
  "label": "regionft_a8-LogReg-Lsac-sex-d5000000",
  "repeat": 0,
  "method": "regionft_a8",
  "model": "LogReg",
  "dataset": "Lsac",
  "protected": "sex",
  "runtime": 7200,
  "no_disc": 550153,
  "no_test": 7012830,
  "prec": 0.07844949898970886,
  "cpu_time": 177.22570461600026,
  "real_time": 177.2299280166626,
  "partition": {
    "cpu_time": 107.34586418599974,
    "real_time": 107.34987139701843,
    "no_test": 2012830,
    "no_disc": 70061,
    "n_regions": 950
  },
  "generation": {
    "cpu_time": 69.87984043000051,
    "real_time": 69.88005661964417,
    "no_test": 5000000,
    "no_disc": 480092
  },
  "config": {
    "max_depth": 10,
    "min_samples_per_region": 1000,
    "max_samples_per_region": 3000,
    "min_gain": 0.0,
    "gini_weight_mode": "sample",
    "max_split_ratio": 1.0,
    "sampling_risk_focus_alpha": 8.0,
    "sampling_risk_floor": 1e-05,
    "batch_size": 512,
    "disc_phase": "generation",
    "sample_draws": 5000000,
    "random_seed": 0
  }
}