{
  "label": "regionft_a8-LogReg-Credit-age-d5000000",
  "repeat": 1,
  "method": "regionft_a8",
  "model": "LogReg",
  "dataset": "Credit",
  "protected": "age",
  "runtime": 7200,
  "no_disc": 1708345,
  "no_test": 6943519,
  "prec": 0.2460344675372819,
  "cpu_time": 297.54850378300034,
  "real_time": 297.5544550418854,
  "partition": {
    "cpu_time": 121.22584648500015,
    "real_time": 121.2301652431488,
    "no_test": 1943519,
    "no_disc": 258982,
    "n_regions": 895
  },
  "generation": {
    "cpu_time": 176.3226572980002,
    "real_time": 176.32428979873657,
    "no_test": 5000000,
    "no_disc": 1449363
  },
  "config": {
    "max_depth": 10,
    "min_samples_per_region": 1000,
    "max_samples_per_region": 3000,
    "min_gain": 0.0,
    "gini_weight_mode": "sample",
    "max_split_ratio": 1.0,
    "sampling_risk_focus_alpha": 8.0,
    "sampling_risk_floor": 1e-05,
    "batch_size": 512,
    "disc_phase": "generation",
    "sample_draws": 5000000,
    "random_seed": 1
  }
}