{
  "label": "regionft_a8-DecTree-Adult-age-d5000000",
  "repeat": 4,
  "method": "regionft_a8",
  "model": "DecTree",
  "dataset": "Adult",
  "protected": "age",
  "runtime": 7200,
  "no_disc": 5104787,
  "no_test": 5266380,
  "prec": 0.9693161146745962,
  "cpu_time": 264.21898813999996,
  "real_time": 264.2262544631958,
  "partition": {
    "cpu_time": 25.123683164000113,
    "real_time": 25.12859869003296,
    "no_test": 266380,
    "no_disc": 108535,
    "n_regions": 117
  },
  "generation": {
    "cpu_time": 239.09530497599985,
    "real_time": 239.09765577316284,
    "no_test": 5000000,
    "no_disc": 4996252
  },
  "config": {
    "max_depth": 10,
    "min_samples_per_region": 1000,
    "max_samples_per_region": 3000,
    "min_gain": 0.0,
    "gini_weight_mode": "sample",
    "max_split_ratio": 1.0,
    "sampling_risk_focus_alpha": 8.0,
    "sampling_risk_floor": 1e-05,
    "batch_size": 512,
    "disc_phase": "generation",
    "sample_draws": 5000000,
    "random_seed": 4
  }
}