{
  "label": "regionft_a8-MLP-Lsac-race-d5000000",
  "repeat": 3,
  "method": "regionft_a8",
  "model": "MLP",
  "dataset": "Lsac",
  "protected": "race",
  "runtime": 7200,
  "no_disc": 1285318,
  "no_test": 7176170,
  "prec": 0.17910919055707988,
  "cpu_time": 227.64396714099985,
  "real_time": 227.65426516532898,
  "partition": {
    "cpu_time": 128.2149210839998,
    "real_time": 128.223956823349,
    "no_test": 2176170,
    "no_disc": 148442,
    "n_regions": 1014
  },
  "generation": {
    "cpu_time": 99.42904605700005,
    "real_time": 99.43030834197998,
    "no_test": 5000000,
    "no_disc": 1136876
  },
  "config": {
    "max_depth": 10,
    "min_samples_per_region": 1000,
    "max_samples_per_region": 3000,
    "min_gain": 0.0,
    "gini_weight_mode": "sample",
    "max_split_ratio": 1.0,
    "sampling_risk_focus_alpha": 8.0,
    "sampling_risk_floor": 1e-05,
    "batch_size": 512,
    "disc_phase": "generation",
    "sample_draws": 5000000,
    "random_seed": 3
  }
}