{
  "label": "regionft_a8-GBDT-Credit-sex-d5000000",
  "repeat": 3,
  "method": "regionft_a8",
  "model": "GBDT",
  "dataset": "Credit",
  "protected": "sex",
  "runtime": 7200,
  "no_disc": 1218370,
  "no_test": 6729751,
  "prec": 0.18104235951671913,
  "cpu_time": 169.0624653719999,
  "real_time": 169.0667223930359,
  "partition": {
    "cpu_time": 74.66871625099998,
    "real_time": 74.67221307754517,
    "no_test": 1729751,
    "no_disc": 96528,
    "n_regions": 823
  },
  "generation": {
    "cpu_time": 94.39374912099993,
    "real_time": 94.39450931549072,
    "no_test": 5000000,
    "no_disc": 1121842
  },
  "config": {
    "max_depth": 10,
    "min_samples_per_region": 1000,
    "max_samples_per_region": 3000,
    "min_gain": 0.0,
    "gini_weight_mode": "sample",
    "max_split_ratio": 1.0,
    "sampling_risk_focus_alpha": 8.0,
    "sampling_risk_floor": 1e-05,
    "batch_size": 512,
    "disc_phase": "generation",
    "sample_draws": 5000000,
    "random_seed": 3
  }
}