{
  "label": "regionft_a8-GBDT-Adult-race-d5000000",
  "repeat": 4,
  "method": "regionft_a8",
  "model": "GBDT",
  "dataset": "Adult",
  "protected": "race",
  "runtime": 7200,
  "no_disc": 3416164,
  "no_test": 6733561,
  "prec": 0.5073339351941714,
  "cpu_time": 265.65855433599995,
  "real_time": 265.674396276474,
  "partition": {
    "cpu_time": 106.99239863100001,
    "real_time": 107.00487804412842,
    "no_test": 1733561,
    "no_disc": 85759,
    "n_regions": 833
  },
  "generation": {
    "cpu_time": 158.66615570499994,
    "real_time": 158.66951823234558,
    "no_test": 5000000,
    "no_disc": 3330405
  },
  "config": {
    "max_depth": 10,
    "min_samples_per_region": 1000,
    "max_samples_per_region": 3000,
    "min_gain": 0.0,
    "gini_weight_mode": "sample",
    "max_split_ratio": 1.0,
    "sampling_risk_focus_alpha": 8.0,
    "sampling_risk_floor": 1e-05,
    "batch_size": 512,
    "disc_phase": "generation",
    "sample_draws": 5000000,
    "random_seed": 4
  }
}