{
  "label": "regionft_a8-MLP-Credit-sex-d5000000",
  "repeat": 1,
  "method": "regionft_a8",
  "model": "MLP",
  "dataset": "Credit",
  "protected": "sex",
  "runtime": 7200,
  "no_disc": 1090272,
  "no_test": 6883365,
  "prec": 0.1583922979531087,
  "cpu_time": 172.66108980100034,
  "real_time": 172.66382455825806,
  "partition": {
    "cpu_time": 85.41554014400026,
    "real_time": 85.41744327545166,
    "no_test": 1883365,
    "no_disc": 129926,
    "n_regions": 878
  },
  "generation": {
    "cpu_time": 87.24554965700008,
    "real_time": 87.2463812828064,
    "no_test": 5000000,
    "no_disc": 960346
  },
  "config": {
    "max_depth": 10,
    "min_samples_per_region": 1000,
    "max_samples_per_region": 3000,
    "min_gain": 0.0,
    "gini_weight_mode": "sample",
    "max_split_ratio": 1.0,
    "sampling_risk_focus_alpha": 8.0,
    "sampling_risk_floor": 1e-05,
    "batch_size": 512,
    "disc_phase": "generation",
    "sample_draws": 5000000,
    "random_seed": 1
  }
}