{
  "label": "regionft_a8-MLP-Lsac-race-d5000000",
  "repeat": 0,
  "method": "regionft_a8",
  "model": "MLP",
  "dataset": "Lsac",
  "protected": "race",
  "runtime": 7200,
  "no_disc": 1483718,
  "no_test": 7084084,
  "prec": 0.2094438744656331,
  "cpu_time": 203.36505536799996,
  "real_time": 203.3822305202484,
  "partition": {
    "cpu_time": 114.48037161899992,
    "real_time": 114.49698376655579,
    "no_test": 2084084,
    "no_disc": 124428,
    "n_regions": 972
  },
  "generation": {
    "cpu_time": 88.88468374900003,
    "real_time": 88.88524675369263,
    "no_test": 5000000,
    "no_disc": 1359290
  },
  "config": {
    "max_depth": 10,
    "min_samples_per_region": 1000,
    "max_samples_per_region": 3000,
    "min_gain": 0.0,
    "gini_weight_mode": "sample",
    "max_split_ratio": 1.0,
    "sampling_risk_focus_alpha": 8.0,
    "sampling_risk_floor": 1e-05,
    "batch_size": 512,
    "disc_phase": "generation",
    "sample_draws": 5000000,
    "random_seed": 0
  }
}