{
  "label": "regionft_a8-LogReg-Lsac-race-d5000000",
  "repeat": 2,
  "method": "regionft_a8",
  "model": "LogReg",
  "dataset": "Lsac",
  "protected": "race",
  "runtime": 7200,
  "no_disc": 1865779,
  "no_test": 7036554,
  "prec": 0.2651552166017627,
  "cpu_time": 206.57116494700006,
  "real_time": 206.57625079154968,
  "partition": {
    "cpu_time": 117.68086067399997,
    "real_time": 117.68528771400452,
    "no_test": 2036554,
    "no_disc": 209206,
    "n_regions": 953
  },
  "generation": {
    "cpu_time": 88.89030427300008,
    "real_time": 88.89096307754517,
    "no_test": 5000000,
    "no_disc": 1656573
  },
  "config": {
    "max_depth": 10,
    "min_samples_per_region": 1000,
    "max_samples_per_region": 3000,
    "min_gain": 0.0,
    "gini_weight_mode": "sample",
    "max_split_ratio": 1.0,
    "sampling_risk_focus_alpha": 8.0,
    "sampling_risk_floor": 1e-05,
    "batch_size": 512,
    "disc_phase": "generation",
    "sample_draws": 5000000,
    "random_seed": 2
  }
}