{
  "label": "regionft_a8-GBDT-Credit-age-d5000000",
  "repeat": 0,
  "method": "regionft_a8",
  "model": "GBDT",
  "dataset": "Credit",
  "protected": "age",
  "runtime": 7200,
  "no_disc": 3364659,
  "no_test": 7205496,
  "prec": 0.4669573059231453,
  "cpu_time": 409.8685291849997,
  "real_time": 409.87623858451843,
  "partition": {
    "cpu_time": 173.76436759599983,
    "real_time": 173.77023601531982,
    "no_test": 2205496,
    "no_disc": 380164,
    "n_regions": 1015
  },
  "generation": {
    "cpu_time": 236.1041615889999,
    "real_time": 236.1060025691986,
    "no_test": 5000000,
    "no_disc": 2984495
  },
  "config": {
    "max_depth": 10,
    "min_samples_per_region": 1000,
    "max_samples_per_region": 3000,
    "min_gain": 0.0,
    "gini_weight_mode": "sample",
    "max_split_ratio": 1.0,
    "sampling_risk_focus_alpha": 8.0,
    "sampling_risk_floor": 1e-05,
    "batch_size": 512,
    "disc_phase": "generation",
    "sample_draws": 5000000,
    "random_seed": 0
  }
}