{
  "label": "regionft_a8-GBDT-Bank-age-d5000000",
  "repeat": 0,
  "method": "regionft_a8",
  "model": "GBDT",
  "dataset": "Bank",
  "protected": "age",
  "runtime": 7200,
  "no_disc": 4497817,
  "no_test": 6875939,
  "prec": 0.6541385838356041,
  "cpu_time": 450.094338697,
  "real_time": 450.112592458725,
  "partition": {
    "cpu_time": 173.75094294299993,
    "real_time": 173.77005004882812,
    "no_test": 1875939,
    "no_disc": 444926,
    "n_regions": 869
  },
  "generation": {
    "cpu_time": 276.3433957540001,
    "real_time": 276.34254240989685,
    "no_test": 5000000,
    "no_disc": 4052891
  },
  "config": {
    "max_depth": 10,
    "min_samples_per_region": 1000,
    "max_samples_per_region": 3000,
    "min_gain": 0.0,
    "gini_weight_mode": "sample",
    "max_split_ratio": 1.0,
    "sampling_risk_focus_alpha": 8.0,
    "sampling_risk_floor": 1e-05,
    "batch_size": 512,
    "disc_phase": "generation",
    "sample_draws": 5000000,
    "random_seed": 0
  }
}