{
  "label": "regionft_a8-GBDT-Credit-age-d5000000",
  "repeat": 1,
  "method": "regionft_a8",
  "model": "GBDT",
  "dataset": "Credit",
  "protected": "age",
  "runtime": 7200,
  "no_disc": 3161776,
  "no_test": 7199870,
  "prec": 0.43914348453513746,
  "cpu_time": 401.0294284820002,
  "real_time": 401.04229044914246,
  "partition": {
    "cpu_time": 168.64414222600044,
    "real_time": 168.65464544296265,
    "no_test": 2199870,
    "no_disc": 393373,
    "n_regions": 1016
  },
  "generation": {
    "cpu_time": 232.38528625599974,
    "real_time": 232.3876450061798,
    "no_test": 5000000,
    "no_disc": 2768403
  },
  "config": {
    "max_depth": 10,
    "min_samples_per_region": 1000,
    "max_samples_per_region": 3000,
    "min_gain": 0.0,
    "gini_weight_mode": "sample",
    "max_split_ratio": 1.0,
    "sampling_risk_focus_alpha": 8.0,
    "sampling_risk_floor": 1e-05,
    "batch_size": 512,
    "disc_phase": "generation",
    "sample_draws": 5000000,
    "random_seed": 1
  }
}