{
  "label": "regionft_a8-DecTree-Credit-age-d5000000",
  "repeat": 1,
  "method": "regionft_a8",
  "model": "DecTree",
  "dataset": "Credit",
  "protected": "age",
  "runtime": 7200,
  "no_disc": 5146552,
  "no_test": 5263041,
  "prec": 0.9778665984171508,
  "cpu_time": 229.23755262299983,
  "real_time": 229.2437617778778,
  "partition": {
    "cpu_time": 19.36814343700007,
    "real_time": 19.37149143218994,
    "no_test": 263041,
    "no_disc": 151711,
    "n_regions": 122
  },
  "generation": {
    "cpu_time": 209.86940918599976,
    "real_time": 209.87227034568787,
    "no_test": 5000000,
    "no_disc": 4994841
  },
  "config": {
    "max_depth": 10,
    "min_samples_per_region": 1000,
    "max_samples_per_region": 3000,
    "min_gain": 0.0,
    "gini_weight_mode": "sample",
    "max_split_ratio": 1.0,
    "sampling_risk_focus_alpha": 8.0,
    "sampling_risk_floor": 1e-05,
    "batch_size": 512,
    "disc_phase": "generation",
    "sample_draws": 5000000,
    "random_seed": 1
  }
}