{
  "label": "regionft_a4-MLP-Credit-age-d5000000",
  "repeat": 3,
  "method": "regionft_a4",
  "model": "MLP",
  "dataset": "Credit",
  "protected": "age",
  "runtime": 7200,
  "no_disc": 2240718,
  "no_test": 7135307,
  "prec": 0.31403245858937817,
  "cpu_time": 362.6438363670004,
  "real_time": 362.6588923931122,
  "partition": {
    "cpu_time": 142.99150472300062,
    "real_time": 143.00318336486816,
    "no_test": 2135307,
    "no_disc": 281646,
    "n_regions": 990
  },
  "generation": {
    "cpu_time": 219.6523316439998,
    "real_time": 219.65570902824402,
    "no_test": 5000000,
    "no_disc": 1959072
  },
  "config": {
    "max_depth": 10,
    "min_samples_per_region": 1000,
    "max_samples_per_region": 3000,
    "min_gain": 0.0,
    "gini_weight_mode": "sample",
    "max_split_ratio": 1.0,
    "sampling_risk_focus_alpha": 4.0,
    "sampling_risk_floor": 1e-05,
    "batch_size": 512,
    "disc_phase": "generation",
    "sample_draws": 5000000,
    "random_seed": 3
  }
}