{
  "label": "regionft_a4-GBDT-Credit-age-d5000000",
  "repeat": 3,
  "method": "regionft_a4",
  "model": "GBDT",
  "dataset": "Credit",
  "protected": "age",
  "runtime": 7200,
  "no_disc": 2465836,
  "no_test": 7124523,
  "prec": 0.3461054164608634,
  "cpu_time": 388.4583529699994,
  "real_time": 388.47119665145874,
  "partition": {
    "cpu_time": 170.44689075299993,
    "real_time": 170.45791959762573,
    "no_test": 2124523,
    "no_disc": 321589,
    "n_regions": 977
  },
  "generation": {
    "cpu_time": 218.01146221699946,
    "real_time": 218.013277053833,
    "no_test": 5000000,
    "no_disc": 2144247
  },
  "config": {
    "max_depth": 10,
    "min_samples_per_region": 1000,
    "max_samples_per_region": 3000,
    "min_gain": 0.0,
    "gini_weight_mode": "sample",
    "max_split_ratio": 1.0,
    "sampling_risk_focus_alpha": 4.0,
    "sampling_risk_floor": 1e-05,
    "batch_size": 512,
    "disc_phase": "generation",
    "sample_draws": 5000000,
    "random_seed": 3
  }
}