{
  "label": "regionft_a4-GBDT-Adult-age-d5000000",
  "repeat": 4,
  "method": "regionft_a4",
  "model": "GBDT",
  "dataset": "Adult",
  "protected": "age",
  "runtime": 7200,
  "no_disc": 5014198,
  "no_test": 6955252,
  "prec": 0.7209225488882358,
  "cpu_time": 420.82820950899986,
  "real_time": 420.8589928150177,
  "partition": {
    "cpu_time": 171.68029269599992,
    "real_time": 171.69566011428833,
    "no_test": 1955252,
    "no_disc": 634113,
    "n_regions": 918
  },
  "generation": {
    "cpu_time": 249.14791681299994,
    "real_time": 249.16333270072937,
    "no_test": 5000000,
    "no_disc": 4380085
  },
  "config": {
    "max_depth": 10,
    "min_samples_per_region": 1000,
    "max_samples_per_region": 3000,
    "min_gain": 0.0,
    "gini_weight_mode": "sample",
    "max_split_ratio": 1.0,
    "sampling_risk_focus_alpha": 4.0,
    "sampling_risk_floor": 1e-05,
    "batch_size": 512,
    "disc_phase": "generation",
    "sample_draws": 5000000,
    "random_seed": 4
  }
}