{
  "label": "regionft_a4-DecTree-Lsac-sex-d5000000",
  "repeat": 0,
  "method": "regionft_a4",
  "model": "DecTree",
  "dataset": "Lsac",
  "protected": "sex",
  "runtime": 7200,
  "no_disc": 5059507,
  "no_test": 6028530,
  "prec": 0.8392604830696704,
  "cpu_time": 149.20093569900018,
  "real_time": 149.20665097236633,
  "partition": {
    "cpu_time": 64.88649643100052,
    "real_time": 64.89180827140808,
    "no_test": 1028530,
    "no_disc": 165390,
    "n_regions": 473
  },
  "generation": {
    "cpu_time": 84.31443926799966,
    "real_time": 84.31484270095825,
    "no_test": 5000000,
    "no_disc": 4894117
  },
  "config": {
    "max_depth": 10,
    "min_samples_per_region": 1000,
    "max_samples_per_region": 3000,
    "min_gain": 0.0,
    "gini_weight_mode": "sample",
    "max_split_ratio": 1.0,
    "sampling_risk_focus_alpha": 4.0,
    "sampling_risk_floor": 1e-05,
    "batch_size": 512,
    "disc_phase": "generation",
    "sample_draws": 5000000,
    "random_seed": 0
  }
}