{
  "label": "regionft_a4-GBDT-Lsac-race-d5000000",
  "repeat": 4,
  "method": "regionft_a4",
  "model": "GBDT",
  "dataset": "Lsac",
  "protected": "race",
  "runtime": 7200,
  "no_disc": 3008452,
  "no_test": 7127326,
  "prec": 0.42210107970366445,
  "cpu_time": 248.38619830900006,
  "real_time": 248.39036965370178,
  "partition": {
    "cpu_time": 136.43702960100018,
    "real_time": 136.43879985809326,
    "no_test": 2127326,
    "no_disc": 278297,
    "n_regions": 988
  },
  "generation": {
    "cpu_time": 111.94916870799989,
    "real_time": 111.95156979560852,
    "no_test": 5000000,
    "no_disc": 2730155
  },
  "config": {
    "max_depth": 10,
    "min_samples_per_region": 1000,
    "max_samples_per_region": 3000,
    "min_gain": 0.0,
    "gini_weight_mode": "sample",
    "max_split_ratio": 1.0,
    "sampling_risk_focus_alpha": 4.0,
    "sampling_risk_floor": 1e-05,
    "batch_size": 512,
    "disc_phase": "generation",
    "sample_draws": 5000000,
    "random_seed": 4
  }
}