{
  "label": "regionft_a4-MLP-Lsac-race-d5000000",
  "repeat": 3,
  "method": "regionft_a4",
  "model": "MLP",
  "dataset": "Lsac",
  "protected": "race",
  "runtime": 7200,
  "no_disc": 917208,
  "no_test": 7176170,
  "prec": 0.1278130256111547,
  "cpu_time": 227.47577018399988,
  "real_time": 227.48098969459534,
  "partition": {
    "cpu_time": 128.96381408099933,
    "real_time": 128.96807742118835,
    "no_test": 2176170,
    "no_disc": 148442,
    "n_regions": 1014
  },
  "generation": {
    "cpu_time": 98.51195610300056,
    "real_time": 98.51291227340698,
    "no_test": 5000000,
    "no_disc": 768766
  },
  "config": {
    "max_depth": 10,
    "min_samples_per_region": 1000,
    "max_samples_per_region": 3000,
    "min_gain": 0.0,
    "gini_weight_mode": "sample",
    "max_split_ratio": 1.0,
    "sampling_risk_focus_alpha": 4.0,
    "sampling_risk_floor": 1e-05,
    "batch_size": 512,
    "disc_phase": "generation",
    "sample_draws": 5000000,
    "random_seed": 3
  }
}