{
  "label": "regionft_a4-MLP-Adult-age-d5000000",
  "repeat": 2,
  "method": "regionft_a4",
  "model": "MLP",
  "dataset": "Adult",
  "protected": "age",
  "runtime": 7200,
  "no_disc": 4080639,
  "no_test": 7172314,
  "prec": 0.5689431611610981,
  "cpu_time": 462.9042027600001,
  "real_time": 462.91281747817993,
  "partition": {
    "cpu_time": 178.60708348599996,
    "real_time": 178.613765001297,
    "no_test": 2172314,
    "no_disc": 647224,
    "n_regions": 1014
  },
  "generation": {
    "cpu_time": 284.2971192740001,
    "real_time": 284.29905247688293,
    "no_test": 5000000,
    "no_disc": 3433415
  },
  "config": {
    "max_depth": 10,
    "min_samples_per_region": 1000,
    "max_samples_per_region": 3000,
    "min_gain": 0.0,
    "gini_weight_mode": "sample",
    "max_split_ratio": 1.0,
    "sampling_risk_focus_alpha": 4.0,
    "sampling_risk_floor": 1e-05,
    "batch_size": 512,
    "disc_phase": "generation",
    "sample_draws": 5000000,
    "random_seed": 2
  }
}