{
  "label": "regionft_a4-DecTree-Lsac-race-d5000000",
  "repeat": 2,
  "method": "regionft_a4",
  "model": "DecTree",
  "dataset": "Lsac",
  "protected": "race",
  "runtime": 7200,
  "no_disc": 5043577,
  "no_test": 5982086,
  "prec": 0.8431134223078706,
  "cpu_time": 174.58541368700025,
  "real_time": 174.590185880661,
  "partition": {
    "cpu_time": 67.33114572300019,
    "real_time": 67.33476662635803,
    "no_test": 982086,
    "no_disc": 137189,
    "n_regions": 456
  },
  "generation": {
    "cpu_time": 107.25426796400006,
    "real_time": 107.25541925430298,
    "no_test": 5000000,
    "no_disc": 4906388
  },
  "config": {
    "max_depth": 10,
    "min_samples_per_region": 1000,
    "max_samples_per_region": 3000,
    "min_gain": 0.0,
    "gini_weight_mode": "sample",
    "max_split_ratio": 1.0,
    "sampling_risk_focus_alpha": 4.0,
    "sampling_risk_floor": 1e-05,
    "batch_size": 512,
    "disc_phase": "generation",
    "sample_draws": 5000000,
    "random_seed": 2
  }
}