{
  "label": "regionft_a4-GBDT-Credit-age-d5000000",
  "repeat": 0,
  "method": "regionft_a4",
  "model": "GBDT",
  "dataset": "Credit",
  "protected": "age",
  "runtime": 7200,
  "no_disc": 2693704,
  "no_test": 7205496,
  "prec": 0.3738401908765198,
  "cpu_time": 402.02233471599993,
  "real_time": 402.04776525497437,
  "partition": {
    "cpu_time": 175.3405698409997,
    "real_time": 175.36460638046265,
    "no_test": 2205496,
    "no_disc": 380164,
    "n_regions": 1015
  },
  "generation": {
    "cpu_time": 226.68176487500023,
    "real_time": 226.68315887451172,
    "no_test": 5000000,
    "no_disc": 2313540
  },
  "config": {
    "max_depth": 10,
    "min_samples_per_region": 1000,
    "max_samples_per_region": 3000,
    "min_gain": 0.0,
    "gini_weight_mode": "sample",
    "max_split_ratio": 1.0,
    "sampling_risk_focus_alpha": 4.0,
    "sampling_risk_floor": 1e-05,
    "batch_size": 512,
    "disc_phase": "generation",
    "sample_draws": 5000000,
    "random_seed": 0
  }
}