{
  "label": "regionft_a4-LogReg-Adult-age-d5000000",
  "repeat": 3,
  "method": "regionft_a4",
  "model": "LogReg",
  "dataset": "Adult",
  "protected": "age",
  "runtime": 7200,
  "no_disc": 3852804,
  "no_test": 6941069,
  "prec": 0.5550735772832686,
  "cpu_time": 364.5838889050001,
  "real_time": 364.59938526153564,
  "partition": {
    "cpu_time": 141.02407928000048,
    "real_time": 141.03907418251038,
    "no_test": 1941069,
    "no_disc": 547826,
    "n_regions": 934
  },
  "generation": {
    "cpu_time": 223.55980962499962,
    "real_time": 223.56031107902527,
    "no_test": 5000000,
    "no_disc": 3304978
  },
  "config": {
    "max_depth": 10,
    "min_samples_per_region": 1000,
    "max_samples_per_region": 3000,
    "min_gain": 0.0,
    "gini_weight_mode": "sample",
    "max_split_ratio": 1.0,
    "sampling_risk_focus_alpha": 4.0,
    "sampling_risk_floor": 1e-05,
    "batch_size": 512,
    "disc_phase": "generation",
    "sample_draws": 5000000,
    "random_seed": 3
  }
}