{
  "label": "regionft_a4-MLP-Lsac-race-d5000000",
  "repeat": 0,
  "method": "regionft_a4",
  "model": "MLP",
  "dataset": "Lsac",
  "protected": "race",
  "runtime": 7200,
  "no_disc": 890179,
  "no_test": 7084084,
  "prec": 0.12565901251312095,
  "cpu_time": 223.12030861699986,
  "real_time": 223.12303519248962,
  "partition": {
    "cpu_time": 123.59920262699961,
    "real_time": 123.6009738445282,
    "no_test": 2084084,
    "no_disc": 124428,
    "n_regions": 972
  },
  "generation": {
    "cpu_time": 99.52110599000025,
    "real_time": 99.52206134796143,
    "no_test": 5000000,
    "no_disc": 765751
  },
  "config": {
    "max_depth": 10,
    "min_samples_per_region": 1000,
    "max_samples_per_region": 3000,
    "min_gain": 0.0,
    "gini_weight_mode": "sample",
    "max_split_ratio": 1.0,
    "sampling_risk_focus_alpha": 4.0,
    "sampling_risk_floor": 1e-05,
    "batch_size": 512,
    "disc_phase": "generation",
    "sample_draws": 5000000,
    "random_seed": 0
  }
}