{
  "label": "regionft_a4-LogReg-Bank-age-d5000000",
  "repeat": 3,
  "method": "regionft_a4",
  "model": "LogReg",
  "dataset": "Bank",
  "protected": "age",
  "runtime": 7200,
  "no_disc": 926694,
  "no_test": 6819030,
  "prec": 0.1358982142621458,
  "cpu_time": 364.5904402599999,
  "real_time": 364.5945255756378,
  "partition": {
    "cpu_time": 141.56790438000007,
    "real_time": 141.5712811946869,
    "no_test": 1819030,
    "no_disc": 103418,
    "n_regions": 865
  },
  "generation": {
    "cpu_time": 223.02253587999985,
    "real_time": 223.02324438095093,
    "no_test": 5000000,
    "no_disc": 823276
  },
  "config": {
    "max_depth": 10,
    "min_samples_per_region": 1000,
    "max_samples_per_region": 3000,
    "min_gain": 0.0,
    "gini_weight_mode": "sample",
    "max_split_ratio": 1.0,
    "sampling_risk_focus_alpha": 4.0,
    "sampling_risk_floor": 1e-05,
    "batch_size": 512,
    "disc_phase": "generation",
    "sample_draws": 5000000,
    "random_seed": 3
  }
}