{
  "label": "regionft_a4-LogReg-Adult-sex-d5000000",
  "repeat": 0,
  "method": "regionft_a4",
  "model": "LogReg",
  "dataset": "Adult",
  "protected": "sex",
  "runtime": 7200,
  "no_disc": 503384,
  "no_test": 6491017,
  "prec": 0.0775508676067248,
  "cpu_time": 133.98630758799936,
  "real_time": 133.98863530158997,
  "partition": {
    "cpu_time": 64.93215412999962,
    "real_time": 64.93418097496033,
    "no_test": 1491017,
    "no_disc": 74925,
    "n_regions": 716
  },
  "generation": {
    "cpu_time": 69.05415345799975,
    "real_time": 69.05445432662964,
    "no_test": 5000000,
    "no_disc": 428459
  },
  "config": {
    "max_depth": 10,
    "min_samples_per_region": 1000,
    "max_samples_per_region": 3000,
    "min_gain": 0.0,
    "gini_weight_mode": "sample",
    "max_split_ratio": 1.0,
    "sampling_risk_focus_alpha": 4.0,
    "sampling_risk_floor": 1e-05,
    "batch_size": 512,
    "disc_phase": "generation",
    "sample_draws": 5000000,
    "random_seed": 0
  }
}