{
  "label": "regionft_a4-GBDT-Adult-age-d5000000",
  "repeat": 3,
  "method": "regionft_a4",
  "model": "GBDT",
  "dataset": "Adult",
  "protected": "age",
  "runtime": 7200,
  "no_disc": 5111666,
  "no_test": 6964488,
  "prec": 0.733961491498011,
  "cpu_time": 464.216421887,
  "real_time": 464.25028443336487,
  "partition": {
    "cpu_time": 179.29352057699998,
    "real_time": 179.32308292388916,
    "no_test": 1964488,
    "no_disc": 728203,
    "n_regions": 924
  },
  "generation": {
    "cpu_time": 284.92290131000004,
    "real_time": 284.9272015094757,
    "no_test": 5000000,
    "no_disc": 4383463
  },
  "config": {
    "max_depth": 10,
    "min_samples_per_region": 1000,
    "max_samples_per_region": 3000,
    "min_gain": 0.0,
    "gini_weight_mode": "sample",
    "max_split_ratio": 1.0,
    "sampling_risk_focus_alpha": 4.0,
    "sampling_risk_floor": 1e-05,
    "batch_size": 512,
    "disc_phase": "generation",
    "sample_draws": 5000000,
    "random_seed": 3
  }
}