{
  "label": "regionft_a4-DecTree-Lsac-sex-d5000000",
  "repeat": 2,
  "method": "regionft_a4",
  "model": "DecTree",
  "dataset": "Lsac",
  "protected": "sex",
  "runtime": 7200,
  "no_disc": 5053584,
  "no_test": 6316054,
  "prec": 0.8001172884209033,
  "cpu_time": 169.96211166000012,
  "real_time": 169.96592020988464,
  "partition": {
    "cpu_time": 83.52018590800071,
    "real_time": 83.52351188659668,
    "no_test": 1316054,
    "no_disc": 177803,
    "n_regions": 609
  },
  "generation": {
    "cpu_time": 86.4419257519994,
    "real_time": 86.44240832328796,
    "no_test": 5000000,
    "no_disc": 4875781
  },
  "config": {
    "max_depth": 10,
    "min_samples_per_region": 1000,
    "max_samples_per_region": 3000,
    "min_gain": 0.0,
    "gini_weight_mode": "sample",
    "max_split_ratio": 1.0,
    "sampling_risk_focus_alpha": 4.0,
    "sampling_risk_floor": 1e-05,
    "batch_size": 512,
    "disc_phase": "generation",
    "sample_draws": 5000000,
    "random_seed": 2
  }
}