{
  "label": "regionft_a4-LogReg-Bank-age-d5000000",
  "repeat": 1,
  "method": "regionft_a4",
  "model": "LogReg",
  "dataset": "Bank",
  "protected": "age",
  "runtime": 7200,
  "no_disc": 989588,
  "no_test": 6765386,
  "prec": 0.14627221565776144,
  "cpu_time": 362.4032508809996,
  "real_time": 362.4182221889496,
  "partition": {
    "cpu_time": 140.10085028399953,
    "real_time": 140.10918474197388,
    "no_test": 1765386,
    "no_disc": 98430,
    "n_regions": 838
  },
  "generation": {
    "cpu_time": 222.3024005970001,
    "real_time": 222.3090374469757,
    "no_test": 5000000,
    "no_disc": 891158
  },
  "config": {
    "max_depth": 10,
    "min_samples_per_region": 1000,
    "max_samples_per_region": 3000,
    "min_gain": 0.0,
    "gini_weight_mode": "sample",
    "max_split_ratio": 1.0,
    "sampling_risk_focus_alpha": 4.0,
    "sampling_risk_floor": 1e-05,
    "batch_size": 512,
    "disc_phase": "generation",
    "sample_draws": 5000000,
    "random_seed": 1
  }
}