{
  "label": "regionft_a4-MLP-Adult-age-d5000000",
  "repeat": 3,
  "method": "regionft_a4",
  "model": "MLP",
  "dataset": "Adult",
  "protected": "age",
  "runtime": 7200,
  "no_disc": 4021868,
  "no_test": 7188404,
  "prec": 0.5594938737444362,
  "cpu_time": 533.6120205289999,
  "real_time": 533.6257758140564,
  "partition": {
    "cpu_time": 198.25070170499998,
    "real_time": 198.2588951587677,
    "no_test": 2188404,
    "no_disc": 614532,
    "n_regions": 1021
  },
  "generation": {
    "cpu_time": 335.3613188239999,
    "real_time": 335.3668806552887,
    "no_test": 5000000,
    "no_disc": 3407336
  },
  "config": {
    "max_depth": 10,
    "min_samples_per_region": 1000,
    "max_samples_per_region": 3000,
    "min_gain": 0.0,
    "gini_weight_mode": "sample",
    "max_split_ratio": 1.0,
    "sampling_risk_focus_alpha": 4.0,
    "sampling_risk_floor": 1e-05,
    "batch_size": 512,
    "disc_phase": "generation",
    "sample_draws": 5000000,
    "random_seed": 3
  }
}