{
  "label": "regionft_a4-GBDT-Credit-age-d5000000",
  "repeat": 1,
  "method": "regionft_a4",
  "model": "GBDT",
  "dataset": "Credit",
  "protected": "age",
  "runtime": 7200,
  "no_disc": 2630641,
  "no_test": 7199870,
  "prec": 0.3653734025753243,
  "cpu_time": 403.3558264059993,
  "real_time": 403.3615970611572,
  "partition": {
    "cpu_time": 172.12780055799976,
    "real_time": 172.13198924064636,
    "no_test": 2199870,
    "no_disc": 393373,
    "n_regions": 1016
  },
  "generation": {
    "cpu_time": 231.22802584799956,
    "real_time": 231.22960782051086,
    "no_test": 5000000,
    "no_disc": 2237268
  },
  "config": {
    "max_depth": 10,
    "min_samples_per_region": 1000,
    "max_samples_per_region": 3000,
    "min_gain": 0.0,
    "gini_weight_mode": "sample",
    "max_split_ratio": 1.0,
    "sampling_risk_focus_alpha": 4.0,
    "sampling_risk_floor": 1e-05,
    "batch_size": 512,
    "disc_phase": "generation",
    "sample_draws": 5000000,
    "random_seed": 1
  }
}