{
  "label": "regionft_a4-MLP-Credit-age-d5000000",
  "repeat": 2,
  "method": "regionft_a4",
  "model": "MLP",
  "dataset": "Credit",
  "protected": "age",
  "runtime": 7200,
  "no_disc": 2204130,
  "no_test": 7007636,
  "prec": 0.3145326041478182,
  "cpu_time": 345.67507602299975,
  "real_time": 345.68653106689453,
  "partition": {
    "cpu_time": 136.51094600600027,
    "real_time": 136.5212197303772,
    "no_test": 2007636,
    "no_disc": 250127,
    "n_regions": 931
  },
  "generation": {
    "cpu_time": 209.16413001699948,
    "real_time": 209.16531133651733,
    "no_test": 5000000,
    "no_disc": 1954003
  },
  "config": {
    "max_depth": 10,
    "min_samples_per_region": 1000,
    "max_samples_per_region": 3000,
    "min_gain": 0.0,
    "gini_weight_mode": "sample",
    "max_split_ratio": 1.0,
    "sampling_risk_focus_alpha": 4.0,
    "sampling_risk_floor": 1e-05,
    "batch_size": 512,
    "disc_phase": "generation",
    "sample_draws": 5000000,
    "random_seed": 2
  }
}