{
  "label": "regionft_a4-GBDT-Adult-sex-d5000000",
  "repeat": 3,
  "method": "regionft_a4",
  "model": "GBDT",
  "dataset": "Adult",
  "protected": "sex",
  "runtime": 7200,
  "no_disc": 1559140,
  "no_test": 6721468,
  "prec": 0.23196420781888719,
  "cpu_time": 178.27173660300002,
  "real_time": 178.27450585365295,
  "partition": {
    "cpu_time": 88.36786658799986,
    "real_time": 88.37003469467163,
    "no_test": 1721468,
    "no_disc": 123160,
    "n_regions": 825
  },
  "generation": {
    "cpu_time": 89.90387001500017,
    "real_time": 89.90447115898132,
    "no_test": 5000000,
    "no_disc": 1435980
  },
  "config": {
    "max_depth": 10,
    "min_samples_per_region": 1000,
    "max_samples_per_region": 3000,
    "min_gain": 0.0,
    "gini_weight_mode": "sample",
    "max_split_ratio": 1.0,
    "sampling_risk_focus_alpha": 4.0,
    "sampling_risk_floor": 1e-05,
    "batch_size": 512,
    "disc_phase": "generation",
    "sample_draws": 5000000,
    "random_seed": 3
  }
}