{
  "label": "regionft_a4-DecTree-Adult-race-d5000000",
  "repeat": 4,
  "method": "regionft_a4",
  "model": "DecTree",
  "dataset": "Adult",
  "protected": "race",
  "runtime": 7200,
  "no_disc": 5033351,
  "no_test": 5467139,
  "prec": 0.9206553921530073,
  "cpu_time": 182.32968201799986,
  "real_time": 182.33419585227966,
  "partition": {
    "cpu_time": 27.46707178099996,
    "real_time": 27.472420930862427,
    "no_test": 467139,
    "no_disc": 43928,
    "n_regions": 223
  },
  "generation": {
    "cpu_time": 154.8626102369999,
    "real_time": 154.86177492141724,
    "no_test": 5000000,
    "no_disc": 4989423
  },
  "config": {
    "max_depth": 10,
    "min_samples_per_region": 1000,
    "max_samples_per_region": 3000,
    "min_gain": 0.0,
    "gini_weight_mode": "sample",
    "max_split_ratio": 1.0,
    "sampling_risk_focus_alpha": 4.0,
    "sampling_risk_floor": 1e-05,
    "batch_size": 512,
    "disc_phase": "generation",
    "sample_draws": 5000000,
    "random_seed": 4
  }
}