{
  "label": "regionft_a4-GBDT-Adult-age-d5000000",
  "repeat": 2,
  "method": "regionft_a4",
  "model": "GBDT",
  "dataset": "Adult",
  "protected": "age",
  "runtime": 7200,
  "no_disc": 5140108,
  "no_test": 7018361,
  "prec": 0.7323801098290612,
  "cpu_time": 428.23370729299995,
  "real_time": 428.2361764907837,
  "partition": {
    "cpu_time": 179.43952655599992,
    "real_time": 179.44480967521667,
    "no_test": 2018361,
    "no_disc": 717909,
    "n_regions": 948
  },
  "generation": {
    "cpu_time": 248.79418073700003,
    "real_time": 248.79136681556702,
    "no_test": 5000000,
    "no_disc": 4422199
  },
  "config": {
    "max_depth": 10,
    "min_samples_per_region": 1000,
    "max_samples_per_region": 3000,
    "min_gain": 0.0,
    "gini_weight_mode": "sample",
    "max_split_ratio": 1.0,
    "sampling_risk_focus_alpha": 4.0,
    "sampling_risk_floor": 1e-05,
    "batch_size": 512,
    "disc_phase": "generation",
    "sample_draws": 5000000,
    "random_seed": 2
  }
}