{
  "label": "regionft_a4-DecTree-Adult-sex-d5000000",
  "repeat": 4,
  "method": "regionft_a4",
  "model": "DecTree",
  "dataset": "Adult",
  "protected": "sex",
  "runtime": 7200,
  "no_disc": 4110105,
  "no_test": 5746064,
  "prec": 0.7152905014632625,
  "cpu_time": 124.62695503200007,
  "real_time": 124.62815833091736,
  "partition": {
    "cpu_time": 37.64106794500003,
    "real_time": 37.642714977264404,
    "no_test": 746064,
    "no_disc": 120865,
    "n_regions": 359
  },
  "generation": {
    "cpu_time": 86.98588708700004,
    "real_time": 86.98544335365295,
    "no_test": 5000000,
    "no_disc": 3989240
  },
  "config": {
    "max_depth": 10,
    "min_samples_per_region": 1000,
    "max_samples_per_region": 3000,
    "min_gain": 0.0,
    "gini_weight_mode": "sample",
    "max_split_ratio": 1.0,
    "sampling_risk_focus_alpha": 4.0,
    "sampling_risk_floor": 1e-05,
    "batch_size": 512,
    "disc_phase": "generation",
    "sample_draws": 5000000,
    "random_seed": 4
  }
}