{
  "label": "regionft_a4-DecTree-Adult-race-d5000000",
  "repeat": 1,
  "method": "regionft_a4",
  "model": "DecTree",
  "dataset": "Adult",
  "protected": "race",
  "runtime": 7200,
  "no_disc": 5051721,
  "no_test": 5794989,
  "prec": 0.871739532206187,
  "cpu_time": 199.94974500199987,
  "real_time": 199.95217156410217,
  "partition": {
    "cpu_time": 46.23594332799985,
    "real_time": 46.23759579658508,
    "no_test": 794989,
    "no_disc": 72178,
    "n_regions": 383
  },
  "generation": {
    "cpu_time": 153.71380167400002,
    "real_time": 153.7145757675171,
    "no_test": 5000000,
    "no_disc": 4979543
  },
  "config": {
    "max_depth": 10,
    "min_samples_per_region": 1000,
    "max_samples_per_region": 3000,
    "min_gain": 0.0,
    "gini_weight_mode": "sample",
    "max_split_ratio": 1.0,
    "sampling_risk_focus_alpha": 4.0,
    "sampling_risk_floor": 1e-05,
    "batch_size": 512,
    "disc_phase": "generation",
    "sample_draws": 5000000,
    "random_seed": 1
  }
}