{
  "label": "regionft_a4-LogReg-Adult-age-d5000000",
  "repeat": 0,
  "method": "regionft_a4",
  "model": "LogReg",
  "dataset": "Adult",
  "protected": "age",
  "runtime": 7200,
  "no_disc": 3697773,
  "no_test": 6966199,
  "prec": 0.5308164466734298,
  "cpu_time": 382.436389513,
  "real_time": 382.4393093585968,
  "partition": {
    "cpu_time": 142.66409619200022,
    "real_time": 142.66588234901428,
    "no_test": 1966199,
    "no_disc": 509089,
    "n_regions": 946
  },
  "generation": {
    "cpu_time": 239.77229332099978,
    "real_time": 239.77342700958252,
    "no_test": 5000000,
    "no_disc": 3188684
  },
  "config": {
    "max_depth": 10,
    "min_samples_per_region": 1000,
    "max_samples_per_region": 3000,
    "min_gain": 0.0,
    "gini_weight_mode": "sample",
    "max_split_ratio": 1.0,
    "sampling_risk_focus_alpha": 4.0,
    "sampling_risk_floor": 1e-05,
    "batch_size": 512,
    "disc_phase": "generation",
    "sample_draws": 5000000,
    "random_seed": 0
  }
}