{
  "label": "regionft_a4-MLP-Credit-sex-d5000000",
  "repeat": 1,
  "method": "regionft_a4",
  "model": "MLP",
  "dataset": "Credit",
  "protected": "sex",
  "runtime": 7200,
  "no_disc": 845782,
  "no_test": 6883365,
  "prec": 0.12287333302824999,
  "cpu_time": 172.01410191100058,
  "real_time": 172.01729011535645,
  "partition": {
    "cpu_time": 85.7770269319999,
    "real_time": 85.77931499481201,
    "no_test": 1883365,
    "no_disc": 129926,
    "n_regions": 878
  },
  "generation": {
    "cpu_time": 86.23707497900068,
    "real_time": 86.23797512054443,
    "no_test": 5000000,
    "no_disc": 715856
  },
  "config": {
    "max_depth": 10,
    "min_samples_per_region": 1000,
    "max_samples_per_region": 3000,
    "min_gain": 0.0,
    "gini_weight_mode": "sample",
    "max_split_ratio": 1.0,
    "sampling_risk_focus_alpha": 4.0,
    "sampling_risk_floor": 1e-05,
    "batch_size": 512,
    "disc_phase": "generation",
    "sample_draws": 5000000,
    "random_seed": 1
  }
}