{
  "label": "regionft_a4-LogReg-Adult-age-d5000000",
  "repeat": 2,
  "method": "regionft_a4",
  "model": "LogReg",
  "dataset": "Adult",
  "protected": "age",
  "runtime": 7200,
  "no_disc": 3817478,
  "no_test": 7011379,
  "prec": 0.5444689268687373,
  "cpu_time": 389.5745912809998,
  "real_time": 389.5829920768738,
  "partition": {
    "cpu_time": 147.22381852699982,
    "real_time": 147.23115158081055,
    "no_test": 2011379,
    "no_disc": 553624,
    "n_regions": 967
  },
  "generation": {
    "cpu_time": 242.350772754,
    "real_time": 242.35184049606323,
    "no_test": 5000000,
    "no_disc": 3263854
  },
  "config": {
    "max_depth": 10,
    "min_samples_per_region": 1000,
    "max_samples_per_region": 3000,
    "min_gain": 0.0,
    "gini_weight_mode": "sample",
    "max_split_ratio": 1.0,
    "sampling_risk_focus_alpha": 4.0,
    "sampling_risk_floor": 1e-05,
    "batch_size": 512,
    "disc_phase": "generation",
    "sample_draws": 5000000,
    "random_seed": 2
  }
}