{
  "label": "regionft_a4-GBDT-Adult-age-d5000000",
  "repeat": 1,
  "method": "regionft_a4",
  "model": "GBDT",
  "dataset": "Adult",
  "protected": "age",
  "runtime": 7200,
  "no_disc": 5102394,
  "no_test": 6994716,
  "prec": 0.7294640697349256,
  "cpu_time": 456.15069071799985,
  "real_time": 456.1478052139282,
  "partition": {
    "cpu_time": 177.15491655100004,
    "real_time": 177.1543791294098,
    "no_test": 1994716,
    "no_disc": 691190,
    "n_regions": 939
  },
  "generation": {
    "cpu_time": 278.9957741669998,
    "real_time": 278.99342608451843,
    "no_test": 5000000,
    "no_disc": 4411204
  },
  "config": {
    "max_depth": 10,
    "min_samples_per_region": 1000,
    "max_samples_per_region": 3000,
    "min_gain": 0.0,
    "gini_weight_mode": "sample",
    "max_split_ratio": 1.0,
    "sampling_risk_focus_alpha": 4.0,
    "sampling_risk_floor": 1e-05,
    "batch_size": 512,
    "disc_phase": "generation",
    "sample_draws": 5000000,
    "random_seed": 1
  }
}