{
  "label": "regionft_a4-MLP-Lsac-race-d5000000",
  "repeat": 1,
  "method": "regionft_a4",
  "model": "MLP",
  "dataset": "Lsac",
  "protected": "race",
  "runtime": 7200,
  "no_disc": 868857,
  "no_test": 7126144,
  "prec": 0.12192526561349308,
  "cpu_time": 223.58304581500033,
  "real_time": 223.58884382247925,
  "partition": {
    "cpu_time": 126.13334558400038,
    "real_time": 126.1386399269104,
    "no_test": 2126144,
    "no_disc": 130797,
    "n_regions": 989
  },
  "generation": {
    "cpu_time": 97.44970023099995,
    "real_time": 97.45020389556885,
    "no_test": 5000000,
    "no_disc": 738060
  },
  "config": {
    "max_depth": 10,
    "min_samples_per_region": 1000,
    "max_samples_per_region": 3000,
    "min_gain": 0.0,
    "gini_weight_mode": "sample",
    "max_split_ratio": 1.0,
    "sampling_risk_focus_alpha": 4.0,
    "sampling_risk_floor": 1e-05,
    "batch_size": 512,
    "disc_phase": "generation",
    "sample_draws": 5000000,
    "random_seed": 1
  }
}