{
  "label": "regionft_a4-DecTree-Adult-age-d5000000",
  "repeat": 0,
  "method": "regionft_a4",
  "model": "DecTree",
  "dataset": "Adult",
  "protected": "age",
  "runtime": 7200,
  "no_disc": 5090490,
  "no_test": 5259784,
  "prec": 0.9678135071706366,
  "cpu_time": 266.26436076699997,
  "real_time": 266.26810121536255,
  "partition": {
    "cpu_time": 23.42306220899991,
    "real_time": 23.42731738090515,
    "no_test": 259784,
    "no_disc": 104060,
    "n_regions": 114
  },
  "generation": {
    "cpu_time": 242.84129855800006,
    "real_time": 242.8407838344574,
    "no_test": 5000000,
    "no_disc": 4986430
  },
  "config": {
    "max_depth": 10,
    "min_samples_per_region": 1000,
    "max_samples_per_region": 3000,
    "min_gain": 0.0,
    "gini_weight_mode": "sample",
    "max_split_ratio": 1.0,
    "sampling_risk_focus_alpha": 4.0,
    "sampling_risk_floor": 1e-05,
    "batch_size": 512,
    "disc_phase": "generation",
    "sample_draws": 5000000,
    "random_seed": 0
  }
}