{
  "label": "regionft_a4-GBDT-Credit-sex-d5000000",
  "repeat": 2,
  "method": "regionft_a4",
  "model": "GBDT",
  "dataset": "Credit",
  "protected": "sex",
  "runtime": 7200,
  "no_disc": 908758,
  "no_test": 6797065,
  "prec": 0.13369858902335052,
  "cpu_time": 172.18093867700009,
  "real_time": 172.1840090751648,
  "partition": {
    "cpu_time": 77.06322970299993,
    "real_time": 77.06566333770752,
    "no_test": 1797065,
    "no_disc": 74189,
    "n_regions": 856
  },
  "generation": {
    "cpu_time": 95.11770897400015,
    "real_time": 95.11834573745728,
    "no_test": 5000000,
    "no_disc": 834569
  },
  "config": {
    "max_depth": 10,
    "min_samples_per_region": 1000,
    "max_samples_per_region": 3000,
    "min_gain": 0.0,
    "gini_weight_mode": "sample",
    "max_split_ratio": 1.0,
    "sampling_risk_focus_alpha": 4.0,
    "sampling_risk_floor": 1e-05,
    "batch_size": 512,
    "disc_phase": "generation",
    "sample_draws": 5000000,
    "random_seed": 2
  }
}