{
  "label": "regionft_a4-MLP-Lsac-race-d5000000",
  "repeat": 2,
  "method": "regionft_a4",
  "model": "MLP",
  "dataset": "Lsac",
  "protected": "race",
  "runtime": 7200,
  "no_disc": 905386,
  "no_test": 7192328,
  "prec": 0.1258821900224795,
  "cpu_time": 228.17776920899996,
  "real_time": 228.18541026115417,
  "partition": {
    "cpu_time": 130.52424901599989,
    "real_time": 130.53125190734863,
    "no_test": 2192328,
    "no_disc": 144238,
    "n_regions": 1022
  },
  "generation": {
    "cpu_time": 97.65352019300008,
    "real_time": 97.65415835380554,
    "no_test": 5000000,
    "no_disc": 761148
  },
  "config": {
    "max_depth": 10,
    "min_samples_per_region": 1000,
    "max_samples_per_region": 3000,
    "min_gain": 0.0,
    "gini_weight_mode": "sample",
    "max_split_ratio": 1.0,
    "sampling_risk_focus_alpha": 4.0,
    "sampling_risk_floor": 1e-05,
    "batch_size": 512,
    "disc_phase": "generation",
    "sample_draws": 5000000,
    "random_seed": 2
  }
}