{
  "label": "regionft_a4-MLP-Adult-sex-d5000000",
  "repeat": 1,
  "method": "regionft_a4",
  "model": "MLP",
  "dataset": "Adult",
  "protected": "sex",
  "runtime": 7200,
  "no_disc": 507610,
  "no_test": 7060066,
  "prec": 0.07189876128636757,
  "cpu_time": 194.30260941600045,
  "real_time": 194.30441856384277,
  "partition": {
    "cpu_time": 98.23761965999984,
    "real_time": 98.23865342140198,
    "no_test": 2060066,
    "no_disc": 76443,
    "n_regions": 982
  },
  "generation": {
    "cpu_time": 96.06498975600061,
    "real_time": 96.0657651424408,
    "no_test": 5000000,
    "no_disc": 431167
  },
  "config": {
    "max_depth": 10,
    "min_samples_per_region": 1000,
    "max_samples_per_region": 3000,
    "min_gain": 0.0,
    "gini_weight_mode": "sample",
    "max_split_ratio": 1.0,
    "sampling_risk_focus_alpha": 4.0,
    "sampling_risk_floor": 1e-05,
    "batch_size": 512,
    "disc_phase": "generation",
    "sample_draws": 5000000,
    "random_seed": 1
  }
}