{
  "label": "regionft_a4-DecTree-Bank-age-d5000000",
  "repeat": 3,
  "method": "regionft_a4",
  "model": "DecTree",
  "dataset": "Bank",
  "protected": "age",
  "runtime": 7200,
  "no_disc": 4932081,
  "no_test": 6297890,
  "prec": 0.7831322871628434,
  "cpu_time": 359.4077707410006,
  "real_time": 359.4151153564453,
  "partition": {
    "cpu_time": 113.34456331399997,
    "real_time": 113.34958577156067,
    "no_test": 1297890,
    "no_disc": 357783,
    "n_regions": 587
  },
  "generation": {
    "cpu_time": 246.06320742700063,
    "real_time": 246.06552958488464,
    "no_test": 5000000,
    "no_disc": 4574298
  },
  "config": {
    "max_depth": 10,
    "min_samples_per_region": 1000,
    "max_samples_per_region": 3000,
    "min_gain": 0.0,
    "gini_weight_mode": "sample",
    "max_split_ratio": 1.0,
    "sampling_risk_focus_alpha": 4.0,
    "sampling_risk_floor": 1e-05,
    "batch_size": 512,
    "disc_phase": "generation",
    "sample_draws": 5000000,
    "random_seed": 3
  }
}