{
  "label": "regionft_a4-LogReg-Lsac-race-d5000000",
  "repeat": 1,
  "method": "regionft_a4",
  "model": "LogReg",
  "dataset": "Lsac",
  "protected": "race",
  "runtime": 7200,
  "no_disc": 1492729,
  "no_test": 7081041,
  "prec": 0.2108064336867983,
  "cpu_time": 211.2682080279999,
  "real_time": 211.2789843082428,
  "partition": {
    "cpu_time": 120.1953207219999,
    "real_time": 120.20431065559387,
    "no_test": 2081041,
    "no_disc": 225281,
    "n_regions": 983
  },
  "generation": {
    "cpu_time": 91.07288730599998,
    "real_time": 91.07467365264893,
    "no_test": 5000000,
    "no_disc": 1267448
  },
  "config": {
    "max_depth": 10,
    "min_samples_per_region": 1000,
    "max_samples_per_region": 3000,
    "min_gain": 0.0,
    "gini_weight_mode": "sample",
    "max_split_ratio": 1.0,
    "sampling_risk_focus_alpha": 4.0,
    "sampling_risk_floor": 1e-05,
    "batch_size": 512,
    "disc_phase": "generation",
    "sample_draws": 5000000,
    "random_seed": 1
  }
}