{
  "label": "regionft_a4-MLP-Lsac-race-d5000000",
  "repeat": 4,
  "method": "regionft_a4",
  "model": "MLP",
  "dataset": "Lsac",
  "protected": "race",
  "runtime": 7200,
  "no_disc": 804789,
  "no_test": 7161918,
  "prec": 0.11237059681498728,
  "cpu_time": 221.5585785559997,
  "real_time": 221.56203627586365,
  "partition": {
    "cpu_time": 126.06447981200017,
    "real_time": 126.06693124771118,
    "no_test": 2161918,
    "no_disc": 130198,
    "n_regions": 1006
  },
  "generation": {
    "cpu_time": 95.49409874399953,
    "real_time": 95.49510502815247,
    "no_test": 5000000,
    "no_disc": 674591
  },
  "config": {
    "max_depth": 10,
    "min_samples_per_region": 1000,
    "max_samples_per_region": 3000,
    "min_gain": 0.0,
    "gini_weight_mode": "sample",
    "max_split_ratio": 1.0,
    "sampling_risk_focus_alpha": 4.0,
    "sampling_risk_floor": 1e-05,
    "batch_size": 512,
    "disc_phase": "generation",
    "sample_draws": 5000000,
    "random_seed": 4
  }
}