{
  "label": "regionft_a4-LogReg-Credit-age-d5000000",
  "repeat": 3,
  "method": "regionft_a4",
  "model": "LogReg",
  "dataset": "Credit",
  "protected": "age",
  "runtime": 7200,
  "no_disc": 1699169,
  "no_test": 7202946,
  "prec": 0.23589917236641786,
  "cpu_time": 339.2763985880001,
  "real_time": 339.28594613075256,
  "partition": {
    "cpu_time": 148.21055282700036,
    "real_time": 148.21899700164795,
    "no_test": 2202946,
    "no_disc": 312825,
    "n_regions": 1015
  },
  "generation": {
    "cpu_time": 191.06584576099976,
    "real_time": 191.06694912910461,
    "no_test": 5000000,
    "no_disc": 1386344
  },
  "config": {
    "max_depth": 10,
    "min_samples_per_region": 1000,
    "max_samples_per_region": 3000,
    "min_gain": 0.0,
    "gini_weight_mode": "sample",
    "max_split_ratio": 1.0,
    "sampling_risk_focus_alpha": 4.0,
    "sampling_risk_floor": 1e-05,
    "batch_size": 512,
    "disc_phase": "generation",
    "sample_draws": 5000000,
    "random_seed": 3
  }
}