{
  "label": "regionft_a4-GBDT-Lsac-race-d5000000",
  "repeat": 2,
  "method": "regionft_a4",
  "model": "GBDT",
  "dataset": "Lsac",
  "protected": "race",
  "runtime": 7200,
  "no_disc": 3155238,
  "no_test": 7065098,
  "prec": 0.4465950790774594,
  "cpu_time": 261.0661375239997,
  "real_time": 261.07626485824585,
  "partition": {
    "cpu_time": 138.7200625129999,
    "real_time": 138.7290861606598,
    "no_test": 2065098,
    "no_disc": 319048,
    "n_regions": 963
  },
  "generation": {
    "cpu_time": 122.34607501099981,
    "real_time": 122.34717869758606,
    "no_test": 5000000,
    "no_disc": 2836190
  },
  "config": {
    "max_depth": 10,
    "min_samples_per_region": 1000,
    "max_samples_per_region": 3000,
    "min_gain": 0.0,
    "gini_weight_mode": "sample",
    "max_split_ratio": 1.0,
    "sampling_risk_focus_alpha": 4.0,
    "sampling_risk_floor": 1e-05,
    "batch_size": 512,
    "disc_phase": "generation",
    "sample_draws": 5000000,
    "random_seed": 2
  }
}