{
  "label": "regionft_a4-LogReg-Lsac-sex-d5000000",
  "repeat": 3,
  "method": "regionft_a4",
  "model": "LogReg",
  "dataset": "Lsac",
  "protected": "sex",
  "runtime": 7200,
  "no_disc": 382979,
  "no_test": 7081359,
  "prec": 0.05408269796800304,
  "cpu_time": 180.88174747599987,
  "real_time": 180.88821005821228,
  "partition": {
    "cpu_time": 111.80971529700037,
    "real_time": 111.8159921169281,
    "no_test": 2081359,
    "no_disc": 73131,
    "n_regions": 985
  },
  "generation": {
    "cpu_time": 69.0720321789995,
    "real_time": 69.07221794128418,
    "no_test": 5000000,
    "no_disc": 309848
  },
  "config": {
    "max_depth": 10,
    "min_samples_per_region": 1000,
    "max_samples_per_region": 3000,
    "min_gain": 0.0,
    "gini_weight_mode": "sample",
    "max_split_ratio": 1.0,
    "sampling_risk_focus_alpha": 4.0,
    "sampling_risk_floor": 1e-05,
    "batch_size": 512,
    "disc_phase": "generation",
    "sample_draws": 5000000,
    "random_seed": 3
  }
}