{
  "label": "regionft_a4-LogReg-Adult-race-d5000000",
  "repeat": 2,
  "method": "regionft_a4",
  "model": "LogReg",
  "dataset": "Adult",
  "protected": "race",
  "runtime": 7200,
  "no_disc": 538740,
  "no_test": 6035149,
  "prec": 0.08926705869233717,
  "cpu_time": 180.9126442550005,
  "real_time": 180.91470074653625,
  "partition": {
    "cpu_time": 55.51987924400055,
    "real_time": 55.52127647399902,
    "no_test": 1035149,
    "no_disc": 63192,
    "n_regions": 495
  },
  "generation": {
    "cpu_time": 125.39276501099994,
    "real_time": 125.39342427253723,
    "no_test": 5000000,
    "no_disc": 475548
  },
  "config": {
    "max_depth": 10,
    "min_samples_per_region": 1000,
    "max_samples_per_region": 3000,
    "min_gain": 0.0,
    "gini_weight_mode": "sample",
    "max_split_ratio": 1.0,
    "sampling_risk_focus_alpha": 4.0,
    "sampling_risk_floor": 1e-05,
    "batch_size": 512,
    "disc_phase": "generation",
    "sample_draws": 5000000,
    "random_seed": 2
  }
}