{
  "label": "regionft_a4-MLP-Lsac-sex-d5000000",
  "repeat": 3,
  "method": "regionft_a4",
  "model": "MLP",
  "dataset": "Lsac",
  "protected": "sex",
  "runtime": 7200,
  "no_disc": 358823,
  "no_test": 7089251,
  "prec": 0.050615079082402356,
  "cpu_time": 185.31988367900067,
  "real_time": 185.3236062526703,
  "partition": {
    "cpu_time": 112.14392554500046,
    "real_time": 112.1473331451416,
    "no_test": 2089251,
    "no_disc": 69876,
    "n_regions": 981
  },
  "generation": {
    "cpu_time": 73.17595813400021,
    "real_time": 73.17627310752869,
    "no_test": 5000000,
    "no_disc": 288947
  },
  "config": {
    "max_depth": 10,
    "min_samples_per_region": 1000,
    "max_samples_per_region": 3000,
    "min_gain": 0.0,
    "gini_weight_mode": "sample",
    "max_split_ratio": 1.0,
    "sampling_risk_focus_alpha": 4.0,
    "sampling_risk_floor": 1e-05,
    "batch_size": 512,
    "disc_phase": "generation",
    "sample_draws": 5000000,
    "random_seed": 3
  }
}