{
  "label": "regionft_a4-LogReg-Credit-age-d5000000",
  "repeat": 1,
  "method": "regionft_a4",
  "model": "LogReg",
  "dataset": "Credit",
  "protected": "age",
  "runtime": 7200,
  "no_disc": 1617398,
  "no_test": 6943519,
  "prec": 0.23293635403028348,
  "cpu_time": 291.1470064059995,
  "real_time": 291.16091990470886,
  "partition": {
    "cpu_time": 120.14925624499938,
    "real_time": 120.16195368766785,
    "no_test": 1943519,
    "no_disc": 258982,
    "n_regions": 895
  },
  "generation": {
    "cpu_time": 170.9977501610001,
    "real_time": 170.99896621704102,
    "no_test": 5000000,
    "no_disc": 1358416
  },
  "config": {
    "max_depth": 10,
    "min_samples_per_region": 1000,
    "max_samples_per_region": 3000,
    "min_gain": 0.0,
    "gini_weight_mode": "sample",
    "max_split_ratio": 1.0,
    "sampling_risk_focus_alpha": 4.0,
    "sampling_risk_floor": 1e-05,
    "batch_size": 512,
    "disc_phase": "generation",
    "sample_draws": 5000000,
    "random_seed": 1
  }
}