{
  "label": "regionft_a4-MLP-Lsac-sex-d5000000",
  "repeat": 0,
  "method": "regionft_a4",
  "model": "MLP",
  "dataset": "Lsac",
  "protected": "sex",
  "runtime": 7200,
  "no_disc": 342557,
  "no_test": 7102411,
  "prec": 0.04823108659862123,
  "cpu_time": 183.14953917000003,
  "real_time": 183.14947938919067,
  "partition": {
    "cpu_time": 109.73119048799981,
    "real_time": 109.73106908798218,
    "no_test": 2102411,
    "no_disc": 63248,
    "n_regions": 992
  },
  "generation": {
    "cpu_time": 73.41834868200021,
    "real_time": 73.4184103012085,
    "no_test": 5000000,
    "no_disc": 279309
  },
  "config": {
    "max_depth": 10,
    "min_samples_per_region": 1000,
    "max_samples_per_region": 3000,
    "min_gain": 0.0,
    "gini_weight_mode": "sample",
    "max_split_ratio": 1.0,
    "sampling_risk_focus_alpha": 4.0,
    "sampling_risk_floor": 1e-05,
    "batch_size": 512,
    "disc_phase": "generation",
    "sample_draws": 5000000,
    "random_seed": 0
  }
}