{
  "label": "regionft_a4-MLP-Adult-sex-d5000000",
  "repeat": 0,
  "method": "regionft_a4",
  "model": "MLP",
  "dataset": "Adult",
  "protected": "sex",
  "runtime": 7200,
  "no_disc": 466801,
  "no_test": 6992739,
  "prec": 0.06675510125574542,
  "cpu_time": 190.95457818199975,
  "real_time": 190.95803427696228,
  "partition": {
    "cpu_time": 94.86117816499973,
    "real_time": 94.86398887634277,
    "no_test": 1992739,
    "no_disc": 66042,
    "n_regions": 946
  },
  "generation": {
    "cpu_time": 96.09340001700002,
    "real_time": 96.0940454006195,
    "no_test": 5000000,
    "no_disc": 400759
  },
  "config": {
    "max_depth": 10,
    "min_samples_per_region": 1000,
    "max_samples_per_region": 3000,
    "min_gain": 0.0,
    "gini_weight_mode": "sample",
    "max_split_ratio": 1.0,
    "sampling_risk_focus_alpha": 4.0,
    "sampling_risk_floor": 1e-05,
    "batch_size": 512,
    "disc_phase": "generation",
    "sample_draws": 5000000,
    "random_seed": 0
  }
}