{
  "label": "regionft_a4-GBDT-Lsac-race-d5000000",
  "repeat": 3,
  "method": "regionft_a4",
  "model": "GBDT",
  "dataset": "Lsac",
  "protected": "race",
  "runtime": 7200,
  "no_disc": 3533445,
  "no_test": 7018879,
  "prec": 0.5034201330440373,
  "cpu_time": 250.43957952100027,
  "real_time": 250.44875144958496,
  "partition": {
    "cpu_time": 131.93744676200004,
    "real_time": 131.94534349441528,
    "no_test": 2018879,
    "no_disc": 317365,
    "n_regions": 939
  },
  "generation": {
    "cpu_time": 118.50213275900023,
    "real_time": 118.50340795516968,
    "no_test": 5000000,
    "no_disc": 3216080
  },
  "config": {
    "max_depth": 10,
    "min_samples_per_region": 1000,
    "max_samples_per_region": 3000,
    "min_gain": 0.0,
    "gini_weight_mode": "sample",
    "max_split_ratio": 1.0,
    "sampling_risk_focus_alpha": 4.0,
    "sampling_risk_floor": 1e-05,
    "batch_size": 512,
    "disc_phase": "generation",
    "sample_draws": 5000000,
    "random_seed": 3
  }
}