{
  "label": "regionft_a4-LogReg-Lsac-race-d5000000",
  "repeat": 0,
  "method": "regionft_a4",
  "model": "LogReg",
  "dataset": "Lsac",
  "protected": "race",
  "runtime": 7200,
  "no_disc": 1459937,
  "no_test": 7095987,
  "prec": 0.20574121683142882,
  "cpu_time": 214.167558439,
  "real_time": 214.1725730895996,
  "partition": {
    "cpu_time": 123.36837974800005,
    "real_time": 123.37157607078552,
    "no_test": 2095987,
    "no_disc": 198780,
    "n_regions": 980
  },
  "generation": {
    "cpu_time": 90.79917869099995,
    "real_time": 90.80099701881409,
    "no_test": 5000000,
    "no_disc": 1261157
  },
  "config": {
    "max_depth": 10,
    "min_samples_per_region": 1000,
    "max_samples_per_region": 3000,
    "min_gain": 0.0,
    "gini_weight_mode": "sample",
    "max_split_ratio": 1.0,
    "sampling_risk_focus_alpha": 4.0,
    "sampling_risk_floor": 1e-05,
    "batch_size": 512,
    "disc_phase": "generation",
    "sample_draws": 5000000,
    "random_seed": 0
  }
}