{
  "label": "regionft_a4-GBDT-Adult-race-d5000000",
  "repeat": 3,
  "method": "regionft_a4",
  "model": "GBDT",
  "dataset": "Adult",
  "protected": "race",
  "runtime": 7200,
  "no_disc": 1658028,
  "no_test": 6856022,
  "prec": 0.24183527999180865,
  "cpu_time": 279.1187085219999,
  "real_time": 279.13630056381226,
  "partition": {
    "cpu_time": 116.23187683399988,
    "real_time": 116.24814319610596,
    "no_test": 1856022,
    "no_disc": 100000,
    "n_regions": 897
  },
  "generation": {
    "cpu_time": 162.88683168800003,
    "real_time": 162.8881573677063,
    "no_test": 5000000,
    "no_disc": 1558028
  },
  "config": {
    "max_depth": 10,
    "min_samples_per_region": 1000,
    "max_samples_per_region": 3000,
    "min_gain": 0.0,
    "gini_weight_mode": "sample",
    "max_split_ratio": 1.0,
    "sampling_risk_focus_alpha": 4.0,
    "sampling_risk_floor": 1e-05,
    "batch_size": 512,
    "disc_phase": "generation",
    "sample_draws": 5000000,
    "random_seed": 3
  }
}