{
  "label": "regionft_a4-MLP-Adult-race-d5000000",
  "repeat": 3,
  "method": "regionft_a4",
  "model": "MLP",
  "dataset": "Adult",
  "protected": "race",
  "runtime": 7200,
  "no_disc": 1345415,
  "no_test": 7116207,
  "prec": 0.18906349969864564,
  "cpu_time": 329.9883863700006,
  "real_time": 329.99134373664856,
  "partition": {
    "cpu_time": 137.04887559800045,
    "real_time": 137.05153822898865,
    "no_test": 2116207,
    "no_disc": 169213,
    "n_regions": 1002
  },
  "generation": {
    "cpu_time": 192.93951077200018,
    "real_time": 192.9398055076599,
    "no_test": 5000000,
    "no_disc": 1176202
  },
  "config": {
    "max_depth": 10,
    "min_samples_per_region": 1000,
    "max_samples_per_region": 3000,
    "min_gain": 0.0,
    "gini_weight_mode": "sample",
    "max_split_ratio": 1.0,
    "sampling_risk_focus_alpha": 4.0,
    "sampling_risk_floor": 1e-05,
    "batch_size": 512,
    "disc_phase": "generation",
    "sample_draws": 5000000,
    "random_seed": 3
  }
}