{
  "label": "regionft_a4-DecTree-Adult-race-d5000000",
  "repeat": 0,
  "method": "regionft_a4",
  "model": "DecTree",
  "dataset": "Adult",
  "protected": "race",
  "runtime": 7200,
  "no_disc": 5044211,
  "no_test": 5561662,
  "prec": 0.9069610846541915,
  "cpu_time": 187.8336489369999,
  "real_time": 187.8387269973755,
  "partition": {
    "cpu_time": 34.09027343599996,
    "real_time": 34.09633660316467,
    "no_test": 561662,
    "no_disc": 56794,
    "n_regions": 265
  },
  "generation": {
    "cpu_time": 153.74337550099995,
    "real_time": 153.74239039421082,
    "no_test": 5000000,
    "no_disc": 4987417
  },
  "config": {
    "max_depth": 10,
    "min_samples_per_region": 1000,
    "max_samples_per_region": 3000,
    "min_gain": 0.0,
    "gini_weight_mode": "sample",
    "max_split_ratio": 1.0,
    "sampling_risk_focus_alpha": 4.0,
    "sampling_risk_floor": 1e-05,
    "batch_size": 512,
    "disc_phase": "generation",
    "sample_draws": 5000000,
    "random_seed": 0
  }
}