{
  "label": "regionft_a4-DecTree-Lsac-race-d5000000",
  "repeat": 0,
  "method": "regionft_a4",
  "model": "DecTree",
  "dataset": "Lsac",
  "protected": "race",
  "runtime": 7200,
  "no_disc": 4980634,
  "no_test": 5764248,
  "prec": 0.8640561613587757,
  "cpu_time": 161.51780222700017,
  "real_time": 161.52341961860657,
  "partition": {
    "cpu_time": 55.02648468799998,
    "real_time": 55.0313401222229,
    "no_test": 764248,
    "no_disc": 112578,
    "n_regions": 348
  },
  "generation": {
    "cpu_time": 106.49131753900019,
    "real_time": 106.49207949638367,
    "no_test": 5000000,
    "no_disc": 4868056
  },
  "config": {
    "max_depth": 10,
    "min_samples_per_region": 1000,
    "max_samples_per_region": 3000,
    "min_gain": 0.0,
    "gini_weight_mode": "sample",
    "max_split_ratio": 1.0,
    "sampling_risk_focus_alpha": 4.0,
    "sampling_risk_floor": 1e-05,
    "batch_size": 512,
    "disc_phase": "generation",
    "sample_draws": 5000000,
    "random_seed": 0
  }
}