{
  "label": "regionft_a4-DecTree-Credit-age-d5000000",
  "repeat": 3,
  "method": "regionft_a4",
  "model": "DecTree",
  "dataset": "Credit",
  "protected": "age",
  "runtime": 7200,
  "no_disc": 5133691,
  "no_test": 5258954,
  "prec": 0.9761810048157865,
  "cpu_time": 212.54773294699953,
  "real_time": 212.5519254207611,
  "partition": {
    "cpu_time": 17.692808764999427,
    "real_time": 17.69490671157837,
    "no_test": 258954,
    "no_disc": 146995,
    "n_regions": 120
  },
  "generation": {
    "cpu_time": 194.8549241820001,
    "real_time": 194.85701870918274,
    "no_test": 5000000,
    "no_disc": 4986696
  },
  "config": {
    "max_depth": 10,
    "min_samples_per_region": 1000,
    "max_samples_per_region": 3000,
    "min_gain": 0.0,
    "gini_weight_mode": "sample",
    "max_split_ratio": 1.0,
    "sampling_risk_focus_alpha": 4.0,
    "sampling_risk_floor": 1e-05,
    "batch_size": 512,
    "disc_phase": "generation",
    "sample_draws": 5000000,
    "random_seed": 3
  }
}