{
  "label": "regionft_a4-GBDT-Adult-race-d5000000",
  "repeat": 0,
  "method": "regionft_a4",
  "model": "GBDT",
  "dataset": "Adult",
  "protected": "race",
  "runtime": 7200,
  "no_disc": 1574538,
  "no_test": 6782033,
  "prec": 0.23216312866658123,
  "cpu_time": 258.7894271060002,
  "real_time": 258.796817779541,
  "partition": {
    "cpu_time": 113.13162868200016,
    "real_time": 113.13838219642639,
    "no_test": 1782033,
    "no_disc": 80170,
    "n_regions": 853
  },
  "generation": {
    "cpu_time": 145.65779842400002,
    "real_time": 145.65843558311462,
    "no_test": 5000000,
    "no_disc": 1494368
  },
  "config": {
    "max_depth": 10,
    "min_samples_per_region": 1000,
    "max_samples_per_region": 3000,
    "min_gain": 0.0,
    "gini_weight_mode": "sample",
    "max_split_ratio": 1.0,
    "sampling_risk_focus_alpha": 4.0,
    "sampling_risk_floor": 1e-05,
    "batch_size": 512,
    "disc_phase": "generation",
    "sample_draws": 5000000,
    "random_seed": 0
  }
}