{
  "label": "regionft_a4-GBDT-Lsac-sex-d5000000",
  "repeat": 3,
  "method": "regionft_a4",
  "model": "GBDT",
  "dataset": "Lsac",
  "protected": "sex",
  "runtime": 7200,
  "no_disc": 1491395,
  "no_test": 6978472,
  "prec": 0.2137136897590189,
  "cpu_time": 212.6779251429998,
  "real_time": 212.68283367156982,
  "partition": {
    "cpu_time": 120.21705491400007,
    "real_time": 120.22004628181458,
    "no_test": 1978472,
    "no_disc": 134712,
    "n_regions": 946
  },
  "generation": {
    "cpu_time": 92.46087022899974,
    "real_time": 92.46278738975525,
    "no_test": 5000000,
    "no_disc": 1356683
  },
  "config": {
    "max_depth": 10,
    "min_samples_per_region": 1000,
    "max_samples_per_region": 3000,
    "min_gain": 0.0,
    "gini_weight_mode": "sample",
    "max_split_ratio": 1.0,
    "sampling_risk_focus_alpha": 4.0,
    "sampling_risk_floor": 1e-05,
    "batch_size": 512,
    "disc_phase": "generation",
    "sample_draws": 5000000,
    "random_seed": 3
  }
}