{
  "label": "regionft_a4-LogReg-Adult-sex-d5000000",
  "repeat": 1,
  "method": "regionft_a4",
  "model": "LogReg",
  "dataset": "Adult",
  "protected": "sex",
  "runtime": 7200,
  "no_disc": 469998,
  "no_test": 6047497,
  "prec": 0.07771777315474485,
  "cpu_time": 113.63461484300024,
  "real_time": 113.63999652862549,
  "partition": {
    "cpu_time": 45.21603851500004,
    "real_time": 45.22098350524902,
    "no_test": 1047497,
    "no_disc": 54529,
    "n_regions": 504
  },
  "generation": {
    "cpu_time": 68.4185763280002,
    "real_time": 68.41901302337646,
    "no_test": 5000000,
    "no_disc": 415469
  },
  "config": {
    "max_depth": 10,
    "min_samples_per_region": 1000,
    "max_samples_per_region": 3000,
    "min_gain": 0.0,
    "gini_weight_mode": "sample",
    "max_split_ratio": 1.0,
    "sampling_risk_focus_alpha": 4.0,
    "sampling_risk_floor": 1e-05,
    "batch_size": 512,
    "disc_phase": "generation",
    "sample_draws": 5000000,
    "random_seed": 1
  }
}