{
  "label": "regionft_a4-GBDT-Lsac-sex-d5000000",
  "repeat": 4,
  "method": "regionft_a4",
  "model": "GBDT",
  "dataset": "Lsac",
  "protected": "sex",
  "runtime": 7200,
  "no_disc": 1516125,
  "no_test": 7067558,
  "prec": 0.21451893284780968,
  "cpu_time": 210.84932125500018,
  "real_time": 210.85150909423828,
  "partition": {
    "cpu_time": 121.66084566399968,
    "real_time": 121.6626546382904,
    "no_test": 2067558,
    "no_disc": 132887,
    "n_regions": 985
  },
  "generation": {
    "cpu_time": 89.1884755910005,
    "real_time": 89.18885445594788,
    "no_test": 5000000,
    "no_disc": 1383238
  },
  "config": {
    "max_depth": 10,
    "min_samples_per_region": 1000,
    "max_samples_per_region": 3000,
    "min_gain": 0.0,
    "gini_weight_mode": "sample",
    "max_split_ratio": 1.0,
    "sampling_risk_focus_alpha": 4.0,
    "sampling_risk_floor": 1e-05,
    "batch_size": 512,
    "disc_phase": "generation",
    "sample_draws": 5000000,
    "random_seed": 4
  }
}