{
  "label": "regionft_a4-LogReg-Adult-sex-d5000000",
  "repeat": 4,
  "method": "regionft_a4",
  "model": "LogReg",
  "dataset": "Adult",
  "protected": "sex",
  "runtime": 7200,
  "no_disc": 534377,
  "no_test": 6506516,
  "prec": 0.08212951447441304,
  "cpu_time": 134.15814614800001,
  "real_time": 134.15998768806458,
  "partition": {
    "cpu_time": 65.27000350300023,
    "real_time": 65.27120900154114,
    "no_test": 1506516,
    "no_disc": 83521,
    "n_regions": 727
  },
  "generation": {
    "cpu_time": 68.88814264499979,
    "real_time": 68.88877868652344,
    "no_test": 5000000,
    "no_disc": 450856
  },
  "config": {
    "max_depth": 10,
    "min_samples_per_region": 1000,
    "max_samples_per_region": 3000,
    "min_gain": 0.0,
    "gini_weight_mode": "sample",
    "max_split_ratio": 1.0,
    "sampling_risk_focus_alpha": 4.0,
    "sampling_risk_floor": 1e-05,
    "batch_size": 512,
    "disc_phase": "generation",
    "sample_draws": 5000000,
    "random_seed": 4
  }
}