{
  "label": "regionft_a4-LogReg-Adult-age-d5000000",
  "repeat": 4,
  "method": "regionft_a4",
  "model": "LogReg",
  "dataset": "Adult",
  "protected": "age",
  "runtime": 7200,
  "no_disc": 3813940,
  "no_test": 6705017,
  "prec": 0.5688188411751977,
  "cpu_time": 361.60384527299993,
  "real_time": 361.60709834098816,
  "partition": {
    "cpu_time": 124.36321496500022,
    "real_time": 124.36482954025269,
    "no_test": 1705017,
    "no_disc": 484435,
    "n_regions": 817
  },
  "generation": {
    "cpu_time": 237.2406303079997,
    "real_time": 237.24226880073547,
    "no_test": 5000000,
    "no_disc": 3329505
  },
  "config": {
    "max_depth": 10,
    "min_samples_per_region": 1000,
    "max_samples_per_region": 3000,
    "min_gain": 0.0,
    "gini_weight_mode": "sample",
    "max_split_ratio": 1.0,
    "sampling_risk_focus_alpha": 4.0,
    "sampling_risk_floor": 1e-05,
    "batch_size": 512,
    "disc_phase": "generation",
    "sample_draws": 5000000,
    "random_seed": 4
  }
}