{
  "label": "regionft_a4-DecTree-Adult-sex-d5000000",
  "repeat": 0,
  "method": "regionft_a4",
  "model": "DecTree",
  "dataset": "Adult",
  "protected": "sex",
  "runtime": 7200,
  "no_disc": 4076931,
  "no_test": 5792915,
  "prec": 0.7037788401866764,
  "cpu_time": 122.34209679500009,
  "real_time": 122.34223961830139,
  "partition": {
    "cpu_time": 37.93403970899999,
    "real_time": 37.935033082962036,
    "no_test": 792915,
    "no_disc": 123946,
    "n_regions": 383
  },
  "generation": {
    "cpu_time": 84.4080570860001,
    "real_time": 84.40720653533936,
    "no_test": 5000000,
    "no_disc": 3952985
  },
  "config": {
    "max_depth": 10,
    "min_samples_per_region": 1000,
    "max_samples_per_region": 3000,
    "min_gain": 0.0,
    "gini_weight_mode": "sample",
    "max_split_ratio": 1.0,
    "sampling_risk_focus_alpha": 4.0,
    "sampling_risk_floor": 1e-05,
    "batch_size": 512,
    "disc_phase": "generation",
    "sample_draws": 5000000,
    "random_seed": 0
  }
}