{
  "label": "regionft_a4-GBDT-Credit-sex-d5000000",
  "repeat": 4,
  "method": "regionft_a4",
  "model": "GBDT",
  "dataset": "Credit",
  "protected": "sex",
  "runtime": 7200,
  "no_disc": 1182194,
  "no_test": 6920298,
  "prec": 0.17082992668812816,
  "cpu_time": 176.5942562339999,
  "real_time": 176.59689235687256,
  "partition": {
    "cpu_time": 80.62057625199986,
    "real_time": 80.62206244468689,
    "no_test": 1920298,
    "no_disc": 128296,
    "n_regions": 918
  },
  "generation": {
    "cpu_time": 95.97367998200002,
    "real_time": 95.97482991218567,
    "no_test": 5000000,
    "no_disc": 1053898
  },
  "config": {
    "max_depth": 10,
    "min_samples_per_region": 1000,
    "max_samples_per_region": 3000,
    "min_gain": 0.0,
    "gini_weight_mode": "sample",
    "max_split_ratio": 1.0,
    "sampling_risk_focus_alpha": 4.0,
    "sampling_risk_floor": 1e-05,
    "batch_size": 512,
    "disc_phase": "generation",
    "sample_draws": 5000000,
    "random_seed": 4
  }
}