{
  "label": "regionft_a4-GBDT-Lsac-sex-d5000000",
  "repeat": 2,
  "method": "regionft_a4",
  "model": "GBDT",
  "dataset": "Lsac",
  "protected": "sex",
  "runtime": 7200,
  "no_disc": 1247680,
  "no_test": 6915669,
  "prec": 0.18041349289562586,
  "cpu_time": 205.55250822800008,
  "real_time": 205.5617790222168,
  "partition": {
    "cpu_time": 116.0257536729996,
    "real_time": 116.03392004966736,
    "no_test": 1915669,
    "no_disc": 93536,
    "n_regions": 908
  },
  "generation": {
    "cpu_time": 89.52675455500048,
    "real_time": 89.52785897254944,
    "no_test": 5000000,
    "no_disc": 1154144
  },
  "config": {
    "max_depth": 10,
    "min_samples_per_region": 1000,
    "max_samples_per_region": 3000,
    "min_gain": 0.0,
    "gini_weight_mode": "sample",
    "max_split_ratio": 1.0,
    "sampling_risk_focus_alpha": 4.0,
    "sampling_risk_floor": 1e-05,
    "batch_size": 512,
    "disc_phase": "generation",
    "sample_draws": 5000000,
    "random_seed": 2
  }
}