{
  "label": "regionft_a4-LogReg-Credit-age-d5000000",
  "repeat": 4,
  "method": "regionft_a4",
  "model": "LogReg",
  "dataset": "Credit",
  "protected": "age",
  "runtime": 7200,
  "no_disc": 1676907,
  "no_test": 7194141,
  "prec": 0.23309342977848224,
  "cpu_time": 335.8556307480003,
  "real_time": 335.8626334667206,
  "partition": {
    "cpu_time": 146.7825815240003,
    "real_time": 146.78841876983643,
    "no_test": 2194141,
    "no_disc": 315650,
    "n_regions": 1012
  },
  "generation": {
    "cpu_time": 189.073049224,
    "real_time": 189.07421469688416,
    "no_test": 5000000,
    "no_disc": 1361257
  },
  "config": {
    "max_depth": 10,
    "min_samples_per_region": 1000,
    "max_samples_per_region": 3000,
    "min_gain": 0.0,
    "gini_weight_mode": "sample",
    "max_split_ratio": 1.0,
    "sampling_risk_focus_alpha": 4.0,
    "sampling_risk_floor": 1e-05,
    "batch_size": 512,
    "disc_phase": "generation",
    "sample_draws": 5000000,
    "random_seed": 4
  }
}