{
  "label": "regionft_a4-LogReg-Lsac-sex-d5000000",
  "repeat": 1,
  "method": "regionft_a4",
  "model": "LogReg",
  "dataset": "Lsac",
  "protected": "sex",
  "runtime": 7200,
  "no_disc": 320028,
  "no_test": 6757456,
  "prec": 0.04735924288667214,
  "cpu_time": 159.28809156599982,
  "real_time": 159.3074073791504,
  "partition": {
    "cpu_time": 92.17884473600043,
    "real_time": 92.1894314289093,
    "no_test": 1757456,
    "no_disc": 53613,
    "n_regions": 835
  },
  "generation": {
    "cpu_time": 67.10924682999939,
    "real_time": 67.11797595024109,
    "no_test": 5000000,
    "no_disc": 266415
  },
  "config": {
    "max_depth": 10,
    "min_samples_per_region": 1000,
    "max_samples_per_region": 3000,
    "min_gain": 0.0,
    "gini_weight_mode": "sample",
    "max_split_ratio": 1.0,
    "sampling_risk_focus_alpha": 4.0,
    "sampling_risk_floor": 1e-05,
    "batch_size": 512,
    "disc_phase": "generation",
    "sample_draws": 5000000,
    "random_seed": 1
  }
}