{
  "label": "regionft_a4-LogReg-Credit-sex-d5000000",
  "repeat": 1,
  "method": "regionft_a4",
  "model": "LogReg",
  "dataset": "Credit",
  "protected": "sex",
  "runtime": 7200,
  "no_disc": 679733,
  "no_test": 7157668,
  "prec": 0.09496570670782718,
  "cpu_time": 178.04416260800008,
  "real_time": 178.04727292060852,
  "partition": {
    "cpu_time": 99.13297751899972,
    "real_time": 99.13543844223022,
    "no_test": 2157668,
    "no_disc": 129452,
    "n_regions": 998
  },
  "generation": {
    "cpu_time": 78.91118508900036,
    "real_time": 78.9118344783783,
    "no_test": 5000000,
    "no_disc": 550281
  },
  "config": {
    "max_depth": 10,
    "min_samples_per_region": 1000,
    "max_samples_per_region": 3000,
    "min_gain": 0.0,
    "gini_weight_mode": "sample",
    "max_split_ratio": 1.0,
    "sampling_risk_focus_alpha": 4.0,
    "sampling_risk_floor": 1e-05,
    "batch_size": 512,
    "disc_phase": "generation",
    "sample_draws": 5000000,
    "random_seed": 1
  }
}