{
  "label": "regionft_a4-GBDT-Adult-age-d5000000",
  "repeat": 0,
  "method": "regionft_a4",
  "model": "GBDT",
  "dataset": "Adult",
  "protected": "age",
  "runtime": 7200,
  "no_disc": 5095232,
  "no_test": 7037248,
  "prec": 0.724037578326073,
  "cpu_time": 456.21403693799994,
  "real_time": 456.23833322525024,
  "partition": {
    "cpu_time": 179.21511960499993,
    "real_time": 179.23458814620972,
    "no_test": 2037248,
    "no_disc": 693129,
    "n_regions": 958
  },
  "generation": {
    "cpu_time": 276.998917333,
    "real_time": 277.0037450790405,
    "no_test": 5000000,
    "no_disc": 4402103
  },
  "config": {
    "max_depth": 10,
    "min_samples_per_region": 1000,
    "max_samples_per_region": 3000,
    "min_gain": 0.0,
    "gini_weight_mode": "sample",
    "max_split_ratio": 1.0,
    "sampling_risk_focus_alpha": 4.0,
    "sampling_risk_floor": 1e-05,
    "batch_size": 512,
    "disc_phase": "generation",
    "sample_draws": 5000000,
    "random_seed": 0
  }
}