{
  "label": "regionft_a4-LogReg-Bank-age-d5000000",
  "repeat": 2,
  "method": "regionft_a4",
  "model": "LogReg",
  "dataset": "Bank",
  "protected": "age",
  "runtime": 7200,
  "no_disc": 905656,
  "no_test": 6377327,
  "prec": 0.14201184916501852,
  "cpu_time": 329.5089989050002,
  "real_time": 329.5113842487335,
  "partition": {
    "cpu_time": 105.66605056800017,
    "real_time": 105.66716289520264,
    "no_test": 1377327,
    "no_disc": 71665,
    "n_regions": 650
  },
  "generation": {
    "cpu_time": 223.84294833700005,
    "real_time": 223.84422135353088,
    "no_test": 5000000,
    "no_disc": 833991
  },
  "config": {
    "max_depth": 10,
    "min_samples_per_region": 1000,
    "max_samples_per_region": 3000,
    "min_gain": 0.0,
    "gini_weight_mode": "sample",
    "max_split_ratio": 1.0,
    "sampling_risk_focus_alpha": 4.0,
    "sampling_risk_floor": 1e-05,
    "batch_size": 512,
    "disc_phase": "generation",
    "sample_draws": 5000000,
    "random_seed": 2
  }
}