{
  "label": "regionft_a4-DecTree-Bank-age-d5000000",
  "repeat": 1,
  "method": "regionft_a4",
  "model": "DecTree",
  "dataset": "Bank",
  "protected": "age",
  "runtime": 7200,
  "no_disc": 4849264,
  "no_test": 6274598,
  "prec": 0.7728405867595024,
  "cpu_time": 323.85696124900005,
  "real_time": 323.86594891548157,
  "partition": {
    "cpu_time": 102.57488578799985,
    "real_time": 102.5812771320343,
    "no_test": 1274598,
    "no_disc": 340635,
    "n_regions": 578
  },
  "generation": {
    "cpu_time": 221.2820754610002,
    "real_time": 221.28467178344727,
    "no_test": 5000000,
    "no_disc": 4508629
  },
  "config": {
    "max_depth": 10,
    "min_samples_per_region": 1000,
    "max_samples_per_region": 3000,
    "min_gain": 0.0,
    "gini_weight_mode": "sample",
    "max_split_ratio": 1.0,
    "sampling_risk_focus_alpha": 4.0,
    "sampling_risk_floor": 1e-05,
    "batch_size": 512,
    "disc_phase": "generation",
    "sample_draws": 5000000,
    "random_seed": 1
  }
}