{
  "label": "regionft_a4-LogReg-Lsac-sex-d5000000",
  "repeat": 4,
  "method": "regionft_a4",
  "model": "LogReg",
  "dataset": "Lsac",
  "protected": "sex",
  "runtime": 7200,
  "no_disc": 362757,
  "no_test": 7050389,
  "prec": 0.05145205463131183,
  "cpu_time": 174.44641661599962,
  "real_time": 174.44929146766663,
  "partition": {
    "cpu_time": 105.37531121000029,
    "real_time": 105.3776843547821,
    "no_test": 2050389,
    "no_disc": 63562,
    "n_regions": 972
  },
  "generation": {
    "cpu_time": 69.07110540599933,
    "real_time": 69.07160711288452,
    "no_test": 5000000,
    "no_disc": 299195
  },
  "config": {
    "max_depth": 10,
    "min_samples_per_region": 1000,
    "max_samples_per_region": 3000,
    "min_gain": 0.0,
    "gini_weight_mode": "sample",
    "max_split_ratio": 1.0,
    "sampling_risk_focus_alpha": 4.0,
    "sampling_risk_floor": 1e-05,
    "batch_size": 512,
    "disc_phase": "generation",
    "sample_draws": 5000000,
    "random_seed": 4
  }
}