{
  "label": "regionft_a4-GBDT-Credit-sex-d5000000",
  "repeat": 1,
  "method": "regionft_a4",
  "model": "GBDT",
  "dataset": "Credit",
  "protected": "sex",
  "runtime": 7200,
  "no_disc": 1064474,
  "no_test": 6663032,
  "prec": 0.15975820017073308,
  "cpu_time": 165.61664350900003,
  "real_time": 165.61950039863586,
  "partition": {
    "cpu_time": 71.19052485899999,
    "real_time": 71.19275712966919,
    "no_test": 1663032,
    "no_disc": 106566,
    "n_regions": 793
  },
  "generation": {
    "cpu_time": 94.42611865000003,
    "real_time": 94.42674326896667,
    "no_test": 5000000,
    "no_disc": 957908
  },
  "config": {
    "max_depth": 10,
    "min_samples_per_region": 1000,
    "max_samples_per_region": 3000,
    "min_gain": 0.0,
    "gini_weight_mode": "sample",
    "max_split_ratio": 1.0,
    "sampling_risk_focus_alpha": 4.0,
    "sampling_risk_floor": 1e-05,
    "batch_size": 512,
    "disc_phase": "generation",
    "sample_draws": 5000000,
    "random_seed": 1
  }
}