{
  "label": "regionft_a4-GBDT-Credit-age-d5000000",
  "repeat": 4,
  "method": "regionft_a4",
  "model": "GBDT",
  "dataset": "Credit",
  "protected": "age",
  "runtime": 7200,
  "no_disc": 2464862,
  "no_test": 7154123,
  "prec": 0.3445372689287003,
  "cpu_time": 363.95306724500006,
  "real_time": 363.9611051082611,
  "partition": {
    "cpu_time": 157.4226345500001,
    "real_time": 157.42377042770386,
    "no_test": 2154123,
    "no_disc": 364743,
    "n_regions": 997
  },
  "generation": {
    "cpu_time": 206.53043269499994,
    "real_time": 206.53733468055725,
    "no_test": 5000000,
    "no_disc": 2100119
  },
  "config": {
    "max_depth": 10,
    "min_samples_per_region": 1000,
    "max_samples_per_region": 3000,
    "min_gain": 0.0,
    "gini_weight_mode": "sample",
    "max_split_ratio": 1.0,
    "sampling_risk_focus_alpha": 4.0,
    "sampling_risk_floor": 1e-05,
    "batch_size": 512,
    "disc_phase": "generation",
    "sample_draws": 5000000,
    "random_seed": 4
  }
}