{
  "label": "regionft_a4-MLP-Adult-race-d5000000",
  "repeat": 1,
  "method": "regionft_a4",
  "model": "MLP",
  "dataset": "Adult",
  "protected": "race",
  "runtime": 7200,
  "no_disc": 1583352,
  "no_test": 7130185,
  "prec": 0.22206324239833888,
  "cpu_time": 326.69824569400043,
  "real_time": 326.6997957229614,
  "partition": {
    "cpu_time": 134.17337484600012,
    "real_time": 134.17455744743347,
    "no_test": 2130185,
    "no_disc": 213678,
    "n_regions": 1009
  },
  "generation": {
    "cpu_time": 192.52487084800032,
    "real_time": 192.52523827552795,
    "no_test": 5000000,
    "no_disc": 1369674
  },
  "config": {
    "max_depth": 10,
    "min_samples_per_region": 1000,
    "max_samples_per_region": 3000,
    "min_gain": 0.0,
    "gini_weight_mode": "sample",
    "max_split_ratio": 1.0,
    "sampling_risk_focus_alpha": 4.0,
    "sampling_risk_floor": 1e-05,
    "batch_size": 512,
    "disc_phase": "generation",
    "sample_draws": 5000000,
    "random_seed": 1
  }
}