{
  "label": "regionft_a4-MLP-Bank-age-d5000000",
  "repeat": 0,
  "method": "regionft_a4",
  "model": "MLP",
  "dataset": "Bank",
  "protected": "age",
  "runtime": 7200,
  "no_disc": 2821163,
  "no_test": 7161542,
  "prec": 0.3939323402697352,
  "cpu_time": 489.85580485399987,
  "real_time": 489.8798794746399,
  "partition": {
    "cpu_time": 192.87075485999958,
    "real_time": 192.89410400390625,
    "no_test": 2161542,
    "no_disc": 376031,
    "n_regions": 1002
  },
  "generation": {
    "cpu_time": 296.9850499940003,
    "real_time": 296.98577547073364,
    "no_test": 5000000,
    "no_disc": 2445132
  },
  "config": {
    "max_depth": 10,
    "min_samples_per_region": 1000,
    "max_samples_per_region": 3000,
    "min_gain": 0.0,
    "gini_weight_mode": "sample",
    "max_split_ratio": 1.0,
    "sampling_risk_focus_alpha": 4.0,
    "sampling_risk_floor": 1e-05,
    "batch_size": 512,
    "disc_phase": "generation",
    "sample_draws": 5000000,
    "random_seed": 0
  }
}