{
  "label": "regionft_a4-LogReg-Adult-age-d5000000",
  "repeat": 1,
  "method": "regionft_a4",
  "model": "LogReg",
  "dataset": "Adult",
  "protected": "age",
  "runtime": 7200,
  "no_disc": 3873610,
  "no_test": 6834282,
  "prec": 0.5667910689081896,
  "cpu_time": 374.18438210800014,
  "real_time": 374.19150590896606,
  "partition": {
    "cpu_time": 132.70864016500036,
    "real_time": 132.7147979736328,
    "no_test": 1834282,
    "no_disc": 534560,
    "n_regions": 882
  },
  "generation": {
    "cpu_time": 241.47574194299978,
    "real_time": 241.47670793533325,
    "no_test": 5000000,
    "no_disc": 3339050
  },
  "config": {
    "max_depth": 10,
    "min_samples_per_region": 1000,
    "max_samples_per_region": 3000,
    "min_gain": 0.0,
    "gini_weight_mode": "sample",
    "max_split_ratio": 1.0,
    "sampling_risk_focus_alpha": 4.0,
    "sampling_risk_floor": 1e-05,
    "batch_size": 512,
    "disc_phase": "generation",
    "sample_draws": 5000000,
    "random_seed": 1
  }
}