{
  "label": "regionft_a4-MLP-Credit-sex-d5000000",
  "repeat": 0,
  "method": "regionft_a4",
  "model": "MLP",
  "dataset": "Credit",
  "protected": "sex",
  "runtime": 7200,
  "no_disc": 806364,
  "no_test": 7003275,
  "prec": 0.11514098760936847,
  "cpu_time": 175.4651488769996,
  "real_time": 175.48710131645203,
  "partition": {
    "cpu_time": 89.01724224899954,
    "real_time": 89.03552269935608,
    "no_test": 2003275,
    "no_disc": 122102,
    "n_regions": 939
  },
  "generation": {
    "cpu_time": 86.44790662800006,
    "real_time": 86.45157861709595,
    "no_test": 5000000,
    "no_disc": 684262
  },
  "config": {
    "max_depth": 10,
    "min_samples_per_region": 1000,
    "max_samples_per_region": 3000,
    "min_gain": 0.0,
    "gini_weight_mode": "sample",
    "max_split_ratio": 1.0,
    "sampling_risk_focus_alpha": 4.0,
    "sampling_risk_floor": 1e-05,
    "batch_size": 512,
    "disc_phase": "generation",
    "sample_draws": 5000000,
    "random_seed": 0
  }
}