{
  "label": "regionft_a4-LogReg-Adult-sex-d5000000",
  "repeat": 3,
  "method": "regionft_a4",
  "model": "LogReg",
  "dataset": "Adult",
  "protected": "sex",
  "runtime": 7200,
  "no_disc": 540428,
  "no_test": 6585514,
  "prec": 0.08206314647573447,
  "cpu_time": 137.3723637539997,
  "real_time": 137.37692427635193,
  "partition": {
    "cpu_time": 67.07525797299968,
    "real_time": 67.07896995544434,
    "no_test": 1585514,
    "no_disc": 89421,
    "n_regions": 767
  },
  "generation": {
    "cpu_time": 70.29710578100003,
    "real_time": 70.29795432090759,
    "no_test": 5000000,
    "no_disc": 451007
  },
  "config": {
    "max_depth": 10,
    "min_samples_per_region": 1000,
    "max_samples_per_region": 3000,
    "min_gain": 0.0,
    "gini_weight_mode": "sample",
    "max_split_ratio": 1.0,
    "sampling_risk_focus_alpha": 4.0,
    "sampling_risk_floor": 1e-05,
    "batch_size": 512,
    "disc_phase": "generation",
    "sample_draws": 5000000,
    "random_seed": 3
  }
}