{
  "label": "regionft_a4-DecTree-Adult-sex-d5000000",
  "repeat": 2,
  "method": "regionft_a4",
  "model": "DecTree",
  "dataset": "Adult",
  "protected": "sex",
  "runtime": 7200,
  "no_disc": 3982802,
  "no_test": 5437127,
  "prec": 0.7325195824927393,
  "cpu_time": 106.65823893399988,
  "real_time": 106.65957856178284,
  "partition": {
    "cpu_time": 21.110905000999992,
    "real_time": 21.11273765563965,
    "no_test": 437127,
    "no_disc": 59659,
    "n_regions": 209
  },
  "generation": {
    "cpu_time": 85.54733393299989,
    "real_time": 85.54684090614319,
    "no_test": 5000000,
    "no_disc": 3923143
  },
  "config": {
    "max_depth": 10,
    "min_samples_per_region": 1000,
    "max_samples_per_region": 3000,
    "min_gain": 0.0,
    "gini_weight_mode": "sample",
    "max_split_ratio": 1.0,
    "sampling_risk_focus_alpha": 4.0,
    "sampling_risk_floor": 1e-05,
    "batch_size": 512,
    "disc_phase": "generation",
    "sample_draws": 5000000,
    "random_seed": 2
  }
}