{
  "label": "regionft_a4-LogReg-Lsac-race-d5000000",
  "repeat": 4,
  "method": "regionft_a4",
  "model": "LogReg",
  "dataset": "Lsac",
  "protected": "race",
  "runtime": 7200,
  "no_disc": 1521460,
  "no_test": 7040396,
  "prec": 0.21610432140464825,
  "cpu_time": 204.5927835309999,
  "real_time": 204.60056161880493,
  "partition": {
    "cpu_time": 116.27479627899993,
    "real_time": 116.27825784683228,
    "no_test": 2040396,
    "no_disc": 211902,
    "n_regions": 958
  },
  "generation": {
    "cpu_time": 88.31798725199997,
    "real_time": 88.32230377197266,
    "no_test": 5000000,
    "no_disc": 1309558
  },
  "config": {
    "max_depth": 10,
    "min_samples_per_region": 1000,
    "max_samples_per_region": 3000,
    "min_gain": 0.0,
    "gini_weight_mode": "sample",
    "max_split_ratio": 1.0,
    "sampling_risk_focus_alpha": 4.0,
    "sampling_risk_floor": 1e-05,
    "batch_size": 512,
    "disc_phase": "generation",
    "sample_draws": 5000000,
    "random_seed": 4
  }
}