{
  "label": "regionft_a4-DecTree-Lsac-race-d5000000",
  "repeat": 4,
  "method": "regionft_a4",
  "model": "DecTree",
  "dataset": "Lsac",
  "protected": "race",
  "runtime": 7200,
  "no_disc": 4973862,
  "no_test": 5836139,
  "prec": 0.8522521482096297,
  "cpu_time": 160.98185256600027,
  "real_time": 160.98960876464844,
  "partition": {
    "cpu_time": 56.14951366400055,
    "real_time": 56.15637803077698,
    "no_test": 836139,
    "no_disc": 119453,
    "n_regions": 378
  },
  "generation": {
    "cpu_time": 104.83233890199972,
    "real_time": 104.83323073387146,
    "no_test": 5000000,
    "no_disc": 4854409
  },
  "config": {
    "max_depth": 10,
    "min_samples_per_region": 1000,
    "max_samples_per_region": 3000,
    "min_gain": 0.0,
    "gini_weight_mode": "sample",
    "max_split_ratio": 1.0,
    "sampling_risk_focus_alpha": 4.0,
    "sampling_risk_floor": 1e-05,
    "batch_size": 512,
    "disc_phase": "generation",
    "sample_draws": 5000000,
    "random_seed": 4
  }
}