{
  "label": "regionft_a4-GBDT-Lsac-sex-d5000000",
  "repeat": 0,
  "method": "regionft_a4",
  "model": "GBDT",
  "dataset": "Lsac",
  "protected": "sex",
  "runtime": 7200,
  "no_disc": 1508618,
  "no_test": 6972176,
  "prec": 0.2163769245067824,
  "cpu_time": 203.59842093499992,
  "real_time": 203.6146421432495,
  "partition": {
    "cpu_time": 113.60632727800021,
    "real_time": 113.62151861190796,
    "no_test": 1972176,
    "no_disc": 104419,
    "n_regions": 945
  },
  "generation": {
    "cpu_time": 89.99209365699971,
    "real_time": 89.99312353134155,
    "no_test": 5000000,
    "no_disc": 1404199
  },
  "config": {
    "max_depth": 10,
    "min_samples_per_region": 1000,
    "max_samples_per_region": 3000,
    "min_gain": 0.0,
    "gini_weight_mode": "sample",
    "max_split_ratio": 1.0,
    "sampling_risk_focus_alpha": 4.0,
    "sampling_risk_floor": 1e-05,
    "batch_size": 512,
    "disc_phase": "generation",
    "sample_draws": 5000000,
    "random_seed": 0
  }
}