{
  "label": "regionft_a4-LogReg-Credit-sex-d5000000",
  "repeat": 2,
  "method": "regionft_a4",
  "model": "LogReg",
  "dataset": "Credit",
  "protected": "sex",
  "runtime": 7200,
  "no_disc": 678614,
  "no_test": 7193699,
  "prec": 0.09433450023416326,
  "cpu_time": 176.63860121000016,
  "real_time": 176.6437041759491,
  "partition": {
    "cpu_time": 96.59037714899932,
    "real_time": 96.59504675865173,
    "no_test": 2193699,
    "no_disc": 140467,
    "n_regions": 1013
  },
  "generation": {
    "cpu_time": 80.04822406100084,
    "real_time": 80.04865741729736,
    "no_test": 5000000,
    "no_disc": 538147
  },
  "config": {
    "max_depth": 10,
    "min_samples_per_region": 1000,
    "max_samples_per_region": 3000,
    "min_gain": 0.0,
    "gini_weight_mode": "sample",
    "max_split_ratio": 1.0,
    "sampling_risk_focus_alpha": 4.0,
    "sampling_risk_floor": 1e-05,
    "batch_size": 512,
    "disc_phase": "generation",
    "sample_draws": 5000000,
    "random_seed": 2
  }
}