{
  "label": "regionft_a4-GBDT-Credit-sex-d5000000",
  "repeat": 3,
  "method": "regionft_a4",
  "model": "GBDT",
  "dataset": "Credit",
  "protected": "sex",
  "runtime": 7200,
  "no_disc": 1099414,
  "no_test": 6729751,
  "prec": 0.16336622261358555,
  "cpu_time": 167.9698621440001,
  "real_time": 167.9724748134613,
  "partition": {
    "cpu_time": 73.60718153999994,
    "real_time": 73.60892915725708,
    "no_test": 1729751,
    "no_disc": 96528,
    "n_regions": 823
  },
  "generation": {
    "cpu_time": 94.36268060400016,
    "real_time": 94.36354565620422,
    "no_test": 5000000,
    "no_disc": 1002886
  },
  "config": {
    "max_depth": 10,
    "min_samples_per_region": 1000,
    "max_samples_per_region": 3000,
    "min_gain": 0.0,
    "gini_weight_mode": "sample",
    "max_split_ratio": 1.0,
    "sampling_risk_focus_alpha": 4.0,
    "sampling_risk_floor": 1e-05,
    "batch_size": 512,
    "disc_phase": "generation",
    "sample_draws": 5000000,
    "random_seed": 3
  }
}