{
  "label": "regionft_a4-LogReg-Credit-age-d5000000",
  "repeat": 2,
  "method": "regionft_a4",
  "model": "LogReg",
  "dataset": "Credit",
  "protected": "age",
  "runtime": 7200,
  "no_disc": 1669797,
  "no_test": 7216904,
  "prec": 0.23137303752412391,
  "cpu_time": 352.33376852700076,
  "real_time": 352.3383388519287,
  "partition": {
    "cpu_time": 151.39267613000084,
    "real_time": 151.3950002193451,
    "no_test": 2216904,
    "no_disc": 307193,
    "n_regions": 1022
  },
  "generation": {
    "cpu_time": 200.94109239699992,
    "real_time": 200.94333863258362,
    "no_test": 5000000,
    "no_disc": 1362604
  },
  "config": {
    "max_depth": 10,
    "min_samples_per_region": 1000,
    "max_samples_per_region": 3000,
    "min_gain": 0.0,
    "gini_weight_mode": "sample",
    "max_split_ratio": 1.0,
    "sampling_risk_focus_alpha": 4.0,
    "sampling_risk_floor": 1e-05,
    "batch_size": 512,
    "disc_phase": "generation",
    "sample_draws": 5000000,
    "random_seed": 2
  }
}