{
  "label": "regionft_a4-MLP-Credit-age-d5000000",
  "repeat": 0,
  "method": "regionft_a4",
  "model": "MLP",
  "dataset": "Credit",
  "protected": "age",
  "runtime": 7200,
  "no_disc": 2033774,
  "no_test": 7125052,
  "prec": 0.285439881701916,
  "cpu_time": 352.1787631879997,
  "real_time": 352.1887950897217,
  "partition": {
    "cpu_time": 142.33207103099994,
    "real_time": 142.3400616645813,
    "no_test": 2125052,
    "no_disc": 223084,
    "n_regions": 988
  },
  "generation": {
    "cpu_time": 209.84669215699978,
    "real_time": 209.84873342514038,
    "no_test": 5000000,
    "no_disc": 1810690
  },
  "config": {
    "max_depth": 10,
    "min_samples_per_region": 1000,
    "max_samples_per_region": 3000,
    "min_gain": 0.0,
    "gini_weight_mode": "sample",
    "max_split_ratio": 1.0,
    "sampling_risk_focus_alpha": 4.0,
    "sampling_risk_floor": 1e-05,
    "batch_size": 512,
    "disc_phase": "generation",
    "sample_draws": 5000000,
    "random_seed": 0
  }
}