{
  "label": "regionft_a4-LogReg-Credit-sex-d5000000",
  "repeat": 4,
  "method": "regionft_a4",
  "model": "LogReg",
  "dataset": "Credit",
  "protected": "sex",
  "runtime": 7200,
  "no_disc": 657483,
  "no_test": 7153850,
  "prec": 0.09190617639452882,
  "cpu_time": 175.25756748799995,
  "real_time": 175.2615885734558,
  "partition": {
    "cpu_time": 97.27008313999977,
    "real_time": 97.27362656593323,
    "no_test": 2153850,
    "no_disc": 132963,
    "n_regions": 999
  },
  "generation": {
    "cpu_time": 77.98748434800018,
    "real_time": 77.98796200752258,
    "no_test": 5000000,
    "no_disc": 524520
  },
  "config": {
    "max_depth": 10,
    "min_samples_per_region": 1000,
    "max_samples_per_region": 3000,
    "min_gain": 0.0,
    "gini_weight_mode": "sample",
    "max_split_ratio": 1.0,
    "sampling_risk_focus_alpha": 4.0,
    "sampling_risk_floor": 1e-05,
    "batch_size": 512,
    "disc_phase": "generation",
    "sample_draws": 5000000,
    "random_seed": 4
  }
}