{
  "label": "regionft_a4-DecTree-Bank-age-d5000000",
  "repeat": 0,
  "method": "regionft_a4",
  "model": "DecTree",
  "dataset": "Bank",
  "protected": "age",
  "runtime": 7200,
  "no_disc": 4920711,
  "no_test": 6413813,
  "prec": 0.7672052490460822,
  "cpu_time": 361.11643986299987,
  "real_time": 361.11830496788025,
  "partition": {
    "cpu_time": 122.18072397600008,
    "real_time": 122.18161725997925,
    "no_test": 1413813,
    "no_disc": 381854,
    "n_regions": 643
  },
  "generation": {
    "cpu_time": 238.9357158869998,
    "real_time": 238.936687707901,
    "no_test": 5000000,
    "no_disc": 4538857
  },
  "config": {
    "max_depth": 10,
    "min_samples_per_region": 1000,
    "max_samples_per_region": 3000,
    "min_gain": 0.0,
    "gini_weight_mode": "sample",
    "max_split_ratio": 1.0,
    "sampling_risk_focus_alpha": 4.0,
    "sampling_risk_floor": 1e-05,
    "batch_size": 512,
    "disc_phase": "generation",
    "sample_draws": 5000000,
    "random_seed": 0
  }
}