{
  "label": "regionft_a4-DecTree-Adult-race-d5000000",
  "repeat": 2,
  "method": "regionft_a4",
  "model": "DecTree",
  "dataset": "Adult",
  "protected": "race",
  "runtime": 7200,
  "no_disc": 5046039,
  "no_test": 5583069,
  "prec": 0.9038109684834631,
  "cpu_time": 185.01198072800003,
  "real_time": 185.01991438865662,
  "partition": {
    "cpu_time": 31.43337148899991,
    "real_time": 31.43901562690735,
    "no_test": 583069,
    "no_disc": 57546,
    "n_regions": 281
  },
  "generation": {
    "cpu_time": 153.57860923900012,
    "real_time": 153.58089876174927,
    "no_test": 5000000,
    "no_disc": 4988493
  },
  "config": {
    "max_depth": 10,
    "min_samples_per_region": 1000,
    "max_samples_per_region": 3000,
    "min_gain": 0.0,
    "gini_weight_mode": "sample",
    "max_split_ratio": 1.0,
    "sampling_risk_focus_alpha": 4.0,
    "sampling_risk_floor": 1e-05,
    "batch_size": 512,
    "disc_phase": "generation",
    "sample_draws": 5000000,
    "random_seed": 2
  }
}