{
  "label": "regionft_a4-MLP-Adult-age-d5000000",
  "repeat": 0,
  "method": "regionft_a4",
  "model": "MLP",
  "dataset": "Adult",
  "protected": "age",
  "runtime": 7200,
  "no_disc": 4024722,
  "no_test": 7125850,
  "prec": 0.5648058828069634,
  "cpu_time": 504.8184485449999,
  "real_time": 504.8365273475647,
  "partition": {
    "cpu_time": 192.24362857100004,
    "real_time": 192.26066637039185,
    "no_test": 2125850,
    "no_disc": 643039,
    "n_regions": 993
  },
  "generation": {
    "cpu_time": 312.57481997399987,
    "real_time": 312.57586097717285,
    "no_test": 5000000,
    "no_disc": 3381683
  },
  "config": {
    "max_depth": 10,
    "min_samples_per_region": 1000,
    "max_samples_per_region": 3000,
    "min_gain": 0.0,
    "gini_weight_mode": "sample",
    "max_split_ratio": 1.0,
    "sampling_risk_focus_alpha": 4.0,
    "sampling_risk_floor": 1e-05,
    "batch_size": 512,
    "disc_phase": "generation",
    "sample_draws": 5000000,
    "random_seed": 0
  }
}