{
  "label": "regionft_a4-LogReg-Bank-age-d5000000",
  "repeat": 0,
  "method": "regionft_a4",
  "model": "LogReg",
  "dataset": "Bank",
  "protected": "age",
  "runtime": 7200,
  "no_disc": 929083,
  "no_test": 6868687,
  "prec": 0.13526355182584388,
  "cpu_time": 322.38568206000036,
  "real_time": 322.4091753959656,
  "partition": {
    "cpu_time": 132.61996042699957,
    "real_time": 132.6280016899109,
    "no_test": 1868687,
    "no_disc": 102254,
    "n_regions": 889
  },
  "generation": {
    "cpu_time": 189.7657216330008,
    "real_time": 189.7811737060547,
    "no_test": 5000000,
    "no_disc": 826829
  },
  "config": {
    "max_depth": 10,
    "min_samples_per_region": 1000,
    "max_samples_per_region": 3000,
    "min_gain": 0.0,
    "gini_weight_mode": "sample",
    "max_split_ratio": 1.0,
    "sampling_risk_focus_alpha": 4.0,
    "sampling_risk_floor": 1e-05,
    "batch_size": 512,
    "disc_phase": "generation",
    "sample_draws": 5000000,
    "random_seed": 0
  }
}