{
  "label": "regionft_a4-MLP-Credit-age-d5000000",
  "repeat": 1,
  "method": "regionft_a4",
  "model": "MLP",
  "dataset": "Credit",
  "protected": "age",
  "runtime": 7200,
  "no_disc": 2118073,
  "no_test": 7188637,
  "prec": 0.29464180761944164,
  "cpu_time": 365.47504569100056,
  "real_time": 365.4970352649689,
  "partition": {
    "cpu_time": 149.31980883100005,
    "real_time": 149.3400149345398,
    "no_test": 2188637,
    "no_disc": 246103,
    "n_regions": 1018
  },
  "generation": {
    "cpu_time": 216.1552368600005,
    "real_time": 216.15702033042908,
    "no_test": 5000000,
    "no_disc": 1871970
  },
  "config": {
    "max_depth": 10,
    "min_samples_per_region": 1000,
    "max_samples_per_region": 3000,
    "min_gain": 0.0,
    "gini_weight_mode": "sample",
    "max_split_ratio": 1.0,
    "sampling_risk_focus_alpha": 4.0,
    "sampling_risk_floor": 1e-05,
    "batch_size": 512,
    "disc_phase": "generation",
    "sample_draws": 5000000,
    "random_seed": 1
  }
}