{
  "label": "regionft_a4-MLP-Bank-age-d5000000",
  "repeat": 4,
  "method": "regionft_a4",
  "model": "MLP",
  "dataset": "Bank",
  "protected": "age",
  "runtime": 7200,
  "no_disc": 2742984,
  "no_test": 7138959,
  "prec": 0.3842274482876285,
  "cpu_time": 435.31466872200053,
  "real_time": 435.3261134624481,
  "partition": {
    "cpu_time": 177.1816494300001,
    "real_time": 177.1916286945343,
    "no_test": 2138959,
    "no_disc": 349804,
    "n_regions": 992
  },
  "generation": {
    "cpu_time": 258.1330192920004,
    "real_time": 258.1344847679138,
    "no_test": 5000000,
    "no_disc": 2393180
  },
  "config": {
    "max_depth": 10,
    "min_samples_per_region": 1000,
    "max_samples_per_region": 3000,
    "min_gain": 0.0,
    "gini_weight_mode": "sample",
    "max_split_ratio": 1.0,
    "sampling_risk_focus_alpha": 4.0,
    "sampling_risk_floor": 1e-05,
    "batch_size": 512,
    "disc_phase": "generation",
    "sample_draws": 5000000,
    "random_seed": 4
  }
}