{
  "label": "regionft_a4-MLP-Adult-race-d5000000",
  "repeat": 0,
  "method": "regionft_a4",
  "model": "MLP",
  "dataset": "Adult",
  "protected": "race",
  "runtime": 7200,
  "no_disc": 1330240,
  "no_test": 7167016,
  "prec": 0.1856058365155038,
  "cpu_time": 334.3818100220001,
  "real_time": 334.38412976264954,
  "partition": {
    "cpu_time": 141.04702741600022,
    "real_time": 141.04886269569397,
    "no_test": 2167016,
    "no_disc": 156124,
    "n_regions": 1020
  },
  "generation": {
    "cpu_time": 193.33478260599986,
    "real_time": 193.33526706695557,
    "no_test": 5000000,
    "no_disc": 1174116
  },
  "config": {
    "max_depth": 10,
    "min_samples_per_region": 1000,
    "max_samples_per_region": 3000,
    "min_gain": 0.0,
    "gini_weight_mode": "sample",
    "max_split_ratio": 1.0,
    "sampling_risk_focus_alpha": 4.0,
    "sampling_risk_floor": 1e-05,
    "batch_size": 512,
    "disc_phase": "generation",
    "sample_draws": 5000000,
    "random_seed": 0
  }
}