{
  "label": "regionft_a4-GBDT-Adult-race-d5000000",
  "repeat": 2,
  "method": "regionft_a4",
  "model": "GBDT",
  "dataset": "Adult",
  "protected": "race",
  "runtime": 7200,
  "no_disc": 1619535,
  "no_test": 6702112,
  "prec": 0.24164546936846176,
  "cpu_time": 272.9556314629999,
  "real_time": 272.9621548652649,
  "partition": {
    "cpu_time": 109.8285666459999,
    "real_time": 109.83569860458374,
    "no_test": 1702112,
    "no_disc": 85231,
    "n_regions": 814
  },
  "generation": {
    "cpu_time": 163.12706481700002,
    "real_time": 163.12645626068115,
    "no_test": 5000000,
    "no_disc": 1534304
  },
  "config": {
    "max_depth": 10,
    "min_samples_per_region": 1000,
    "max_samples_per_region": 3000,
    "min_gain": 0.0,
    "gini_weight_mode": "sample",
    "max_split_ratio": 1.0,
    "sampling_risk_focus_alpha": 4.0,
    "sampling_risk_floor": 1e-05,
    "batch_size": 512,
    "disc_phase": "generation",
    "sample_draws": 5000000,
    "random_seed": 2
  }
}