{
  "label": "regionft_a4-GBDT-Lsac-race-d5000000",
  "repeat": 1,
  "method": "regionft_a4",
  "model": "GBDT",
  "dataset": "Lsac",
  "protected": "race",
  "runtime": 7200,
  "no_disc": 3375144,
  "no_test": 7135292,
  "prec": 0.4730211461563171,
  "cpu_time": 260.2133080860003,
  "real_time": 260.223521232605,
  "partition": {
    "cpu_time": 139.40520241300055,
    "real_time": 139.41424036026,
    "no_test": 2135292,
    "no_disc": 317560,
    "n_regions": 994
  },
  "generation": {
    "cpu_time": 120.80810567299977,
    "real_time": 120.80928087234497,
    "no_test": 5000000,
    "no_disc": 3057584
  },
  "config": {
    "max_depth": 10,
    "min_samples_per_region": 1000,
    "max_samples_per_region": 3000,
    "min_gain": 0.0,
    "gini_weight_mode": "sample",
    "max_split_ratio": 1.0,
    "sampling_risk_focus_alpha": 4.0,
    "sampling_risk_floor": 1e-05,
    "batch_size": 512,
    "disc_phase": "generation",
    "sample_draws": 5000000,
    "random_seed": 1
  }
}