{
  "label": "regionft_a4-GBDT-Credit-age-d5000000",
  "repeat": 2,
  "method": "regionft_a4",
  "model": "GBDT",
  "dataset": "Credit",
  "protected": "age",
  "runtime": 7200,
  "no_disc": 2522269,
  "no_test": 7182806,
  "prec": 0.35115371346518337,
  "cpu_time": 397.0994189989997,
  "real_time": 397.1058223247528,
  "partition": {
    "cpu_time": 171.73716874299953,
    "real_time": 171.74176955223083,
    "no_test": 2182806,
    "no_disc": 362115,
    "n_regions": 1008
  },
  "generation": {
    "cpu_time": 225.36225025600015,
    "real_time": 225.36405277252197,
    "no_test": 5000000,
    "no_disc": 2160154
  },
  "config": {
    "max_depth": 10,
    "min_samples_per_region": 1000,
    "max_samples_per_region": 3000,
    "min_gain": 0.0,
    "gini_weight_mode": "sample",
    "max_split_ratio": 1.0,
    "sampling_risk_focus_alpha": 4.0,
    "sampling_risk_floor": 1e-05,
    "batch_size": 512,
    "disc_phase": "generation",
    "sample_draws": 5000000,
    "random_seed": 2
  }
}