{
  "label": "regionft_a4-GBDT-Credit-sex-d5000000",
  "repeat": 0,
  "method": "regionft_a4",
  "model": "GBDT",
  "dataset": "Credit",
  "protected": "sex",
  "runtime": 7200,
  "no_disc": 983174,
  "no_test": 6469429,
  "prec": 0.1519722992554675,
  "cpu_time": 154.97029375400007,
  "real_time": 154.97320413589478,
  "partition": {
    "cpu_time": 61.46464329100013,
    "real_time": 61.46558237075806,
    "no_test": 1469429,
    "no_disc": 59456,
    "n_regions": 696
  },
  "generation": {
    "cpu_time": 93.50565046299994,
    "real_time": 93.50762176513672,
    "no_test": 5000000,
    "no_disc": 923718
  },
  "config": {
    "max_depth": 10,
    "min_samples_per_region": 1000,
    "max_samples_per_region": 3000,
    "min_gain": 0.0,
    "gini_weight_mode": "sample",
    "max_split_ratio": 1.0,
    "sampling_risk_focus_alpha": 4.0,
    "sampling_risk_floor": 1e-05,
    "batch_size": 512,
    "disc_phase": "generation",
    "sample_draws": 5000000,
    "random_seed": 0
  }
}