{
  "label": "regionft_a4-LogReg-Lsac-sex-d5000000",
  "repeat": 2,
  "method": "regionft_a4",
  "model": "LogReg",
  "dataset": "Lsac",
  "protected": "sex",
  "runtime": 7200,
  "no_disc": 368602,
  "no_test": 6946868,
  "prec": 0.053060170425003036,
  "cpu_time": 169.29317349099983,
  "real_time": 169.3040006160736,
  "partition": {
    "cpu_time": 101.23319164300028,
    "real_time": 101.2433271408081,
    "no_test": 1946868,
    "no_disc": 66163,
    "n_regions": 923
  },
  "generation": {
    "cpu_time": 68.05998184799955,
    "real_time": 68.0606734752655,
    "no_test": 5000000,
    "no_disc": 302439
  },
  "config": {
    "max_depth": 10,
    "min_samples_per_region": 1000,
    "max_samples_per_region": 3000,
    "min_gain": 0.0,
    "gini_weight_mode": "sample",
    "max_split_ratio": 1.0,
    "sampling_risk_focus_alpha": 4.0,
    "sampling_risk_floor": 1e-05,
    "batch_size": 512,
    "disc_phase": "generation",
    "sample_draws": 5000000,
    "random_seed": 2
  }
}