{
  "label": "regionft_a4-GBDT-Adult-sex-d5000000",
  "repeat": 1,
  "method": "regionft_a4",
  "model": "GBDT",
  "dataset": "Adult",
  "protected": "sex",
  "runtime": 7200,
  "no_disc": 1788014,
  "no_test": 6718277,
  "prec": 0.2661417503327118,
  "cpu_time": 181.42346441000007,
  "real_time": 181.4295961856842,
  "partition": {
    "cpu_time": 90.18089914099994,
    "real_time": 90.18623208999634,
    "no_test": 1718277,
    "no_disc": 146248,
    "n_regions": 825
  },
  "generation": {
    "cpu_time": 91.24256526900012,
    "real_time": 91.24336409568787,
    "no_test": 5000000,
    "no_disc": 1641766
  },
  "config": {
    "max_depth": 10,
    "min_samples_per_region": 1000,
    "max_samples_per_region": 3000,
    "min_gain": 0.0,
    "gini_weight_mode": "sample",
    "max_split_ratio": 1.0,
    "sampling_risk_focus_alpha": 4.0,
    "sampling_risk_floor": 1e-05,
    "batch_size": 512,
    "disc_phase": "generation",
    "sample_draws": 5000000,
    "random_seed": 1
  }
}