{
  "label": "regionft_a4-MLP-Adult-race-d5000000",
  "repeat": 2,
  "method": "regionft_a4",
  "model": "MLP",
  "dataset": "Adult",
  "protected": "race",
  "runtime": 7200,
  "no_disc": 1267139,
  "no_test": 7084018,
  "prec": 0.17887292211849265,
  "cpu_time": 323.3690053240007,
  "real_time": 323.371125459671,
  "partition": {
    "cpu_time": 131.8082406200001,
    "real_time": 131.80984210968018,
    "no_test": 2084018,
    "no_disc": 158058,
    "n_regions": 984
  },
  "generation": {
    "cpu_time": 191.56076470400058,
    "real_time": 191.56128334999084,
    "no_test": 5000000,
    "no_disc": 1109081
  },
  "config": {
    "max_depth": 10,
    "min_samples_per_region": 1000,
    "max_samples_per_region": 3000,
    "min_gain": 0.0,
    "gini_weight_mode": "sample",
    "max_split_ratio": 1.0,
    "sampling_risk_focus_alpha": 4.0,
    "sampling_risk_floor": 1e-05,
    "batch_size": 512,
    "disc_phase": "generation",
    "sample_draws": 5000000,
    "random_seed": 2
  }
}