{
  "label": "regionft_a4-MLP-Credit-age-d5000000",
  "repeat": 4,
  "method": "regionft_a4",
  "model": "MLP",
  "dataset": "Credit",
  "protected": "age",
  "runtime": 7200,
  "no_disc": 2227951,
  "no_test": 7193464,
  "prec": 0.30971879472810315,
  "cpu_time": 360.7894054090002,
  "real_time": 360.7973167896271,
  "partition": {
    "cpu_time": 149.1418980919998,
    "real_time": 149.14793515205383,
    "no_test": 2193464,
    "no_disc": 279041,
    "n_regions": 1020
  },
  "generation": {
    "cpu_time": 211.64750731700042,
    "real_time": 211.64938163757324,
    "no_test": 5000000,
    "no_disc": 1948910
  },
  "config": {
    "max_depth": 10,
    "min_samples_per_region": 1000,
    "max_samples_per_region": 3000,
    "min_gain": 0.0,
    "gini_weight_mode": "sample",
    "max_split_ratio": 1.0,
    "sampling_risk_focus_alpha": 4.0,
    "sampling_risk_floor": 1e-05,
    "batch_size": 512,
    "disc_phase": "generation",
    "sample_draws": 5000000,
    "random_seed": 4
  }
}