{
  "label": "regionft_a4-MLP-Credit-sex-d5000000",
  "repeat": 4,
  "method": "regionft_a4",
  "model": "MLP",
  "dataset": "Credit",
  "protected": "sex",
  "runtime": 7200,
  "no_disc": 785567,
  "no_test": 7061296,
  "prec": 0.11124969127480282,
  "cpu_time": 173.64774746999956,
  "real_time": 173.65034294128418,
  "partition": {
    "cpu_time": 88.62937739900008,
    "real_time": 88.63135647773743,
    "no_test": 2061296,
    "no_disc": 116631,
    "n_regions": 962
  },
  "generation": {
    "cpu_time": 85.01837007099948,
    "real_time": 85.01898646354675,
    "no_test": 5000000,
    "no_disc": 668936
  },
  "config": {
    "max_depth": 10,
    "min_samples_per_region": 1000,
    "max_samples_per_region": 3000,
    "min_gain": 0.0,
    "gini_weight_mode": "sample",
    "max_split_ratio": 1.0,
    "sampling_risk_focus_alpha": 4.0,
    "sampling_risk_floor": 1e-05,
    "batch_size": 512,
    "disc_phase": "generation",
    "sample_draws": 5000000,
    "random_seed": 4
  }
}