{
  "label": "regionft_a4-DecTree-Adult-sex-d5000000",
  "repeat": 3,
  "method": "regionft_a4",
  "model": "DecTree",
  "dataset": "Adult",
  "protected": "sex",
  "runtime": 7200,
  "no_disc": 4059969,
  "no_test": 5429334,
  "prec": 0.7477839823447959,
  "cpu_time": 105.71480760000009,
  "real_time": 105.7150387763977,
  "partition": {
    "cpu_time": 18.781026939999947,
    "real_time": 18.781367301940918,
    "no_test": 429334,
    "no_disc": 63390,
    "n_regions": 205
  },
  "generation": {
    "cpu_time": 86.93378066000014,
    "real_time": 86.93367147445679,
    "no_test": 5000000,
    "no_disc": 3996579
  },
  "config": {
    "max_depth": 10,
    "min_samples_per_region": 1000,
    "max_samples_per_region": 3000,
    "min_gain": 0.0,
    "gini_weight_mode": "sample",
    "max_split_ratio": 1.0,
    "sampling_risk_focus_alpha": 4.0,
    "sampling_risk_floor": 1e-05,
    "batch_size": 512,
    "disc_phase": "generation",
    "sample_draws": 5000000,
    "random_seed": 3
  }
}