{
  "label": "regionft_a4-LogReg-Bank-age-d5000000",
  "repeat": 4,
  "method": "regionft_a4",
  "model": "LogReg",
  "dataset": "Bank",
  "protected": "age",
  "runtime": 7200,
  "no_disc": 936186,
  "no_test": 6696641,
  "prec": 0.13979934119209914,
  "cpu_time": 360.93766780999977,
  "real_time": 360.942321062088,
  "partition": {
    "cpu_time": 132.5685359549998,
    "real_time": 132.5721833705902,
    "no_test": 1696641,
    "no_disc": 108061,
    "n_regions": 805
  },
  "generation": {
    "cpu_time": 228.36913185499998,
    "real_time": 228.3701376914978,
    "no_test": 5000000,
    "no_disc": 828125
  },
  "config": {
    "max_depth": 10,
    "min_samples_per_region": 1000,
    "max_samples_per_region": 3000,
    "min_gain": 0.0,
    "gini_weight_mode": "sample",
    "max_split_ratio": 1.0,
    "sampling_risk_focus_alpha": 4.0,
    "sampling_risk_floor": 1e-05,
    "batch_size": 512,
    "disc_phase": "generation",
    "sample_draws": 5000000,
    "random_seed": 4
  }
}