{
  "label": "regionft_a4-MLP-Lsac-sex-d5000000",
  "repeat": 1,
  "method": "regionft_a4",
  "model": "MLP",
  "dataset": "Lsac",
  "protected": "sex",
  "runtime": 7200,
  "no_disc": 377974,
  "no_test": 7153056,
  "prec": 0.052840911632734314,
  "cpu_time": 190.46682445900024,
  "real_time": 190.47815680503845,
  "partition": {
    "cpu_time": 115.26575486500042,
    "real_time": 115.2758138179779,
    "no_test": 2153056,
    "no_disc": 71491,
    "n_regions": 1016
  },
  "generation": {
    "cpu_time": 75.20106959399982,
    "real_time": 75.20234298706055,
    "no_test": 5000000,
    "no_disc": 306483
  },
  "config": {
    "max_depth": 10,
    "min_samples_per_region": 1000,
    "max_samples_per_region": 3000,
    "min_gain": 0.0,
    "gini_weight_mode": "sample",
    "max_split_ratio": 1.0,
    "sampling_risk_focus_alpha": 4.0,
    "sampling_risk_floor": 1e-05,
    "batch_size": 512,
    "disc_phase": "generation",
    "sample_draws": 5000000,
    "random_seed": 1
  }
}