{
  "label": "regionft_a4-MLP-Adult-sex-d5000000",
  "repeat": 2,
  "method": "regionft_a4",
  "model": "MLP",
  "dataset": "Adult",
  "protected": "sex",
  "runtime": 7200,
  "no_disc": 436865,
  "no_test": 6856021,
  "prec": 0.06371990400846204,
  "cpu_time": 181.47589067799981,
  "real_time": 181.47922539710999,
  "partition": {
    "cpu_time": 86.10486604800008,
    "real_time": 86.10725331306458,
    "no_test": 1856021,
    "no_disc": 57632,
    "n_regions": 881
  },
  "generation": {
    "cpu_time": 95.37102462999974,
    "real_time": 95.37197208404541,
    "no_test": 5000000,
    "no_disc": 379233
  },
  "config": {
    "max_depth": 10,
    "min_samples_per_region": 1000,
    "max_samples_per_region": 3000,
    "min_gain": 0.0,
    "gini_weight_mode": "sample",
    "max_split_ratio": 1.0,
    "sampling_risk_focus_alpha": 4.0,
    "sampling_risk_floor": 1e-05,
    "batch_size": 512,
    "disc_phase": "generation",
    "sample_draws": 5000000,
    "random_seed": 2
  }
}