{
  "label": "regionft_a4-MLP-Adult-sex-d5000000",
  "repeat": 3,
  "method": "regionft_a4",
  "model": "MLP",
  "dataset": "Adult",
  "protected": "sex",
  "runtime": 7200,
  "no_disc": 525220,
  "no_test": 7111298,
  "prec": 0.07385712144252708,
  "cpu_time": 197.0562899800002,
  "real_time": 197.0612256526947,
  "partition": {
    "cpu_time": 101.62783090600033,
    "real_time": 101.63205170631409,
    "no_test": 2111298,
    "no_disc": 81074,
    "n_regions": 1010
  },
  "generation": {
    "cpu_time": 95.42845907399987,
    "real_time": 95.42917394638062,
    "no_test": 5000000,
    "no_disc": 444146
  },
  "config": {
    "max_depth": 10,
    "min_samples_per_region": 1000,
    "max_samples_per_region": 3000,
    "min_gain": 0.0,
    "gini_weight_mode": "sample",
    "max_split_ratio": 1.0,
    "sampling_risk_focus_alpha": 4.0,
    "sampling_risk_floor": 1e-05,
    "batch_size": 512,
    "disc_phase": "generation",
    "sample_draws": 5000000,
    "random_seed": 3
  }
}