{
  "label": "regionft_a4-DecTree-Adult-sex-d5000000",
  "repeat": 1,
  "method": "regionft_a4",
  "model": "DecTree",
  "dataset": "Adult",
  "protected": "sex",
  "runtime": 7200,
  "no_disc": 4009780,
  "no_test": 5391368,
  "prec": 0.7437407351900297,
  "cpu_time": 104.47662376199992,
  "real_time": 104.47774362564087,
  "partition": {
    "cpu_time": 18.851396811000086,
    "real_time": 18.853463172912598,
    "no_test": 391368,
    "no_disc": 56993,
    "n_regions": 187
  },
  "generation": {
    "cpu_time": 85.62522695099983,
    "real_time": 85.62428045272827,
    "no_test": 5000000,
    "no_disc": 3952787
  },
  "config": {
    "max_depth": 10,
    "min_samples_per_region": 1000,
    "max_samples_per_region": 3000,
    "min_gain": 0.0,
    "gini_weight_mode": "sample",
    "max_split_ratio": 1.0,
    "sampling_risk_focus_alpha": 4.0,
    "sampling_risk_floor": 1e-05,
    "batch_size": 512,
    "disc_phase": "generation",
    "sample_draws": 5000000,
    "random_seed": 1
  }
}