{
  "label": "regionft_a4-DecTree-Adult-age-d5000000",
  "repeat": 1,
  "method": "regionft_a4",
  "model": "DecTree",
  "dataset": "Adult",
  "protected": "age",
  "runtime": 7200,
  "no_disc": 5118733,
  "no_test": 5329014,
  "prec": 0.9605403551201029,
  "cpu_time": 272.14265048699986,
  "real_time": 272.14833641052246,
  "partition": {
    "cpu_time": 25.436474083999883,
    "real_time": 25.440764665603638,
    "no_test": 329014,
    "no_disc": 132942,
    "n_regions": 147
  },
  "generation": {
    "cpu_time": 246.70617640299997,
    "real_time": 246.70757174491882,
    "no_test": 5000000,
    "no_disc": 4985791
  },
  "config": {
    "max_depth": 10,
    "min_samples_per_region": 1000,
    "max_samples_per_region": 3000,
    "min_gain": 0.0,
    "gini_weight_mode": "sample",
    "max_split_ratio": 1.0,
    "sampling_risk_focus_alpha": 4.0,
    "sampling_risk_floor": 1e-05,
    "batch_size": 512,
    "disc_phase": "generation",
    "sample_draws": 5000000,
    "random_seed": 1
  }
}