{
  "label": "regionft_a4-LogReg-Lsac-race-d5000000",
  "repeat": 2,
  "method": "regionft_a4",
  "model": "LogReg",
  "dataset": "Lsac",
  "protected": "race",
  "runtime": 7200,
  "no_disc": 1501396,
  "no_test": 7036554,
  "prec": 0.21337091991335533,
  "cpu_time": 210.5940319350001,
  "real_time": 210.60652542114258,
  "partition": {
    "cpu_time": 119.71706077500005,
    "real_time": 119.7277581691742,
    "no_test": 2036554,
    "no_disc": 209206,
    "n_regions": 953
  },
  "generation": {
    "cpu_time": 90.87697116000004,
    "real_time": 90.87876725196838,
    "no_test": 5000000,
    "no_disc": 1292190
  },
  "config": {
    "max_depth": 10,
    "min_samples_per_region": 1000,
    "max_samples_per_region": 3000,
    "min_gain": 0.0,
    "gini_weight_mode": "sample",
    "max_split_ratio": 1.0,
    "sampling_risk_focus_alpha": 4.0,
    "sampling_risk_floor": 1e-05,
    "batch_size": 512,
    "disc_phase": "generation",
    "sample_draws": 5000000,
    "random_seed": 2
  }
}