{
  "label": "regionft_a4-GBDT-Lsac-race-d5000000",
  "repeat": 0,
  "method": "regionft_a4",
  "model": "GBDT",
  "dataset": "Lsac",
  "protected": "race",
  "runtime": 7200,
  "no_disc": 3316540,
  "no_test": 7129263,
  "prec": 0.46520096116527054,
  "cpu_time": 259.9867579990005,
  "real_time": 259.99235463142395,
  "partition": {
    "cpu_time": 138.46908137500031,
    "real_time": 138.47380805015564,
    "no_test": 2129263,
    "no_disc": 328571,
    "n_regions": 993
  },
  "generation": {
    "cpu_time": 121.51767662400016,
    "real_time": 121.51854658126831,
    "no_test": 5000000,
    "no_disc": 2987969
  },
  "config": {
    "max_depth": 10,
    "min_samples_per_region": 1000,
    "max_samples_per_region": 3000,
    "min_gain": 0.0,
    "gini_weight_mode": "sample",
    "max_split_ratio": 1.0,
    "sampling_risk_focus_alpha": 4.0,
    "sampling_risk_floor": 1e-05,
    "batch_size": 512,
    "disc_phase": "generation",
    "sample_draws": 5000000,
    "random_seed": 0
  }
}