{
  "label": "regionft_a4-MLP-Credit-sex-d5000000",
  "repeat": 3,
  "method": "regionft_a4",
  "model": "MLP",
  "dataset": "Credit",
  "protected": "sex",
  "runtime": 7200,
  "no_disc": 821722,
  "no_test": 6998426,
  "prec": 0.1174152588024793,
  "cpu_time": 173.0312877839997,
  "real_time": 173.03469347953796,
  "partition": {
    "cpu_time": 87.85369614899992,
    "real_time": 87.85633897781372,
    "no_test": 1998426,
    "no_disc": 131026,
    "n_regions": 932
  },
  "generation": {
    "cpu_time": 85.17759163499977,
    "real_time": 85.17835450172424,
    "no_test": 5000000,
    "no_disc": 690696
  },
  "config": {
    "max_depth": 10,
    "min_samples_per_region": 1000,
    "max_samples_per_region": 3000,
    "min_gain": 0.0,
    "gini_weight_mode": "sample",
    "max_split_ratio": 1.0,
    "sampling_risk_focus_alpha": 4.0,
    "sampling_risk_floor": 1e-05,
    "batch_size": 512,
    "disc_phase": "generation",
    "sample_draws": 5000000,
    "random_seed": 3
  }
}