{
  "label": "regionft_a4-MLP-Bank-age-d5000000",
  "repeat": 3,
  "method": "regionft_a4",
  "model": "MLP",
  "dataset": "Bank",
  "protected": "age",
  "runtime": 7200,
  "no_disc": 2926643,
  "no_test": 7191719,
  "prec": 0.4069462391397662,
  "cpu_time": 462.5619153200005,
  "real_time": 462.5653293132782,
  "partition": {
    "cpu_time": 190.24734001100023,
    "real_time": 190.24980664253235,
    "no_test": 2191719,
    "no_disc": 380194,
    "n_regions": 1016
  },
  "generation": {
    "cpu_time": 272.31457530900025,
    "real_time": 272.31552267074585,
    "no_test": 5000000,
    "no_disc": 2546449
  },
  "config": {
    "max_depth": 10,
    "min_samples_per_region": 1000,
    "max_samples_per_region": 3000,
    "min_gain": 0.0,
    "gini_weight_mode": "sample",
    "max_split_ratio": 1.0,
    "sampling_risk_focus_alpha": 4.0,
    "sampling_risk_floor": 1e-05,
    "batch_size": 512,
    "disc_phase": "generation",
    "sample_draws": 5000000,
    "random_seed": 3
  }
}