{
  "label": "regionft_a4-DecTree-Adult-age-d5000000",
  "repeat": 3,
  "method": "regionft_a4",
  "model": "DecTree",
  "dataset": "Adult",
  "protected": "age",
  "runtime": 7200,
  "no_disc": 5113690,
  "no_test": 5310228,
  "prec": 0.9629887831558268,
  "cpu_time": 267.3841511549999,
  "real_time": 267.3885736465454,
  "partition": {
    "cpu_time": 24.445859487000007,
    "real_time": 24.45138168334961,
    "no_test": 310228,
    "no_disc": 128406,
    "n_regions": 138
  },
  "generation": {
    "cpu_time": 242.93829166799992,
    "real_time": 242.9371919631958,
    "no_test": 5000000,
    "no_disc": 4985284
  },
  "config": {
    "max_depth": 10,
    "min_samples_per_region": 1000,
    "max_samples_per_region": 3000,
    "min_gain": 0.0,
    "gini_weight_mode": "sample",
    "max_split_ratio": 1.0,
    "sampling_risk_focus_alpha": 4.0,
    "sampling_risk_floor": 1e-05,
    "batch_size": 512,
    "disc_phase": "generation",
    "sample_draws": 5000000,
    "random_seed": 3
  }
}