{
  "label": "regionft_a0-MLP-Adult-sex-d5000000",
  "repeat": 1,
  "method": "regionft_a0",
  "model": "MLP",
  "dataset": "Adult",
  "protected": "sex",
  "runtime": 7200,
  "no_disc": 118957,
  "no_test": 7060066,
  "prec": 0.016849275913284664,
  "cpu_time": 189.30922740699998,
  "real_time": 189.31372451782227,
  "partition": {
    "cpu_time": 97.6946349100001,
    "real_time": 97.69745373725891,
    "no_test": 2060066,
    "no_disc": 76443,
    "n_regions": 982
  },
  "generation": {
    "cpu_time": 91.61459249699988,
    "real_time": 91.61627078056335,
    "no_test": 5000000,
    "no_disc": 42514
  },
  "config": {
    "max_depth": 10,
    "min_samples_per_region": 1000,
    "max_samples_per_region": 3000,
    "min_gain": 0.0,
    "gini_weight_mode": "sample",
    "max_split_ratio": 1.0,
    "sampling_risk_focus_alpha": 0.0,
    "sampling_risk_floor": 1e-05,
    "batch_size": 512,
    "disc_phase": "generation",
    "sample_draws": 5000000,
    "random_seed": 1
  }
}