{
  "label": "regionft_a0-LogReg-Lsac-sex-d5000000",
  "repeat": 4,
  "method": "regionft_a0",
  "model": "LogReg",
  "dataset": "Lsac",
  "protected": "sex",
  "runtime": 7200,
  "no_disc": 134726,
  "no_test": 7050389,
  "prec": 0.019109016537952727,
  "cpu_time": 172.55842902999984,
  "real_time": 172.56418704986572,
  "partition": {
    "cpu_time": 107.51039391299992,
    "real_time": 107.51545095443726,
    "no_test": 2050389,
    "no_disc": 63562,
    "n_regions": 972
  },
  "generation": {
    "cpu_time": 65.04803511699993,
    "real_time": 65.04873609542847,
    "no_test": 5000000,
    "no_disc": 71164
  },
  "config": {
    "max_depth": 10,
    "min_samples_per_region": 1000,
    "max_samples_per_region": 3000,
    "min_gain": 0.0,
    "gini_weight_mode": "sample",
    "max_split_ratio": 1.0,
    "sampling_risk_focus_alpha": 0.0,
    "sampling_risk_floor": 1e-05,
    "batch_size": 512,
    "disc_phase": "generation",
    "sample_draws": 5000000,
    "random_seed": 4
  }
}