{
  "label": "regionft_a0-MLP-Credit-age-d5000000",
  "repeat": 2,
  "method": "regionft_a0",
  "model": "MLP",
  "dataset": "Credit",
  "protected": "age",
  "runtime": 7200,
  "no_disc": 673113,
  "no_test": 7007636,
  "prec": 0.09605421856957182,
  "cpu_time": 333.12532373500017,
  "real_time": 333.1289050579071,
  "partition": {
    "cpu_time": 134.53431293000017,
    "real_time": 134.53769254684448,
    "no_test": 2007636,
    "no_disc": 250127,
    "n_regions": 931
  },
  "generation": {
    "cpu_time": 198.591010805,
    "real_time": 198.59121251106262,
    "no_test": 5000000,
    "no_disc": 422986
  },
  "config": {
    "max_depth": 10,
    "min_samples_per_region": 1000,
    "max_samples_per_region": 3000,
    "min_gain": 0.0,
    "gini_weight_mode": "sample",
    "max_split_ratio": 1.0,
    "sampling_risk_focus_alpha": 0.0,
    "sampling_risk_floor": 1e-05,
    "batch_size": 512,
    "disc_phase": "generation",
    "sample_draws": 5000000,
    "random_seed": 2
  }
}