{
  "label": "regionft_a0-DecTree-Credit-age-d5000000",
  "repeat": 0,
  "method": "regionft_a0",
  "model": "DecTree",
  "dataset": "Credit",
  "protected": "age",
  "runtime": 7200,
  "no_disc": 495331,
  "no_test": 5263041,
  "prec": 0.09411498029371232,
  "cpu_time": 199.0461760139999,
  "real_time": 199.04932641983032,
  "partition": {
    "cpu_time": 20.462516208999887,
    "real_time": 20.46390151977539,
    "no_test": 263041,
    "no_disc": 151937,
    "n_regions": 122
  },
  "generation": {
    "cpu_time": 178.58365980500002,
    "real_time": 178.58542490005493,
    "no_test": 5000000,
    "no_disc": 343394
  },
  "config": {
    "max_depth": 10,
    "min_samples_per_region": 1000,
    "max_samples_per_region": 3000,
    "min_gain": 0.0,
    "gini_weight_mode": "sample",
    "max_split_ratio": 1.0,
    "sampling_risk_focus_alpha": 0.0,
    "sampling_risk_floor": 1e-05,
    "batch_size": 512,
    "disc_phase": "generation",
    "sample_draws": 5000000,
    "random_seed": 0
  }
}