{
  "label": "regionft_a0-MLP-Lsac-race-d5000000",
  "repeat": 0,
  "method": "regionft_a0",
  "model": "MLP",
  "dataset": "Lsac",
  "protected": "race",
  "runtime": 7200,
  "no_disc": 342767,
  "no_test": 7084084,
  "prec": 0.048385507568797885,
  "cpu_time": 210.58815065399995,
  "real_time": 210.59039998054504,
  "partition": {
    "cpu_time": 120.58961032200023,
    "real_time": 120.59152126312256,
    "no_test": 2084084,
    "no_disc": 124428,
    "n_regions": 972
  },
  "generation": {
    "cpu_time": 89.99854033199972,
    "real_time": 89.99887871742249,
    "no_test": 5000000,
    "no_disc": 218339
  },
  "config": {
    "max_depth": 10,
    "min_samples_per_region": 1000,
    "max_samples_per_region": 3000,
    "min_gain": 0.0,
    "gini_weight_mode": "sample",
    "max_split_ratio": 1.0,
    "sampling_risk_focus_alpha": 0.0,
    "sampling_risk_floor": 1e-05,
    "batch_size": 512,
    "disc_phase": "generation",
    "sample_draws": 5000000,
    "random_seed": 0
  }
}