{
  "label": "regionft_a0-GBDT-Credit-age-d5000000",
  "repeat": 4,
  "method": "regionft_a0",
  "model": "GBDT",
  "dataset": "Credit",
  "protected": "age",
  "runtime": 7200,
  "no_disc": 996971,
  "no_test": 7154123,
  "prec": 0.13935614470145397,
  "cpu_time": 388.9604839399999,
  "real_time": 388.96595764160156,
  "partition": {
    "cpu_time": 170.5424509149998,
    "real_time": 170.54619312286377,
    "no_test": 2154123,
    "no_disc": 364743,
    "n_regions": 997
  },
  "generation": {
    "cpu_time": 218.4180330250001,
    "real_time": 218.4197645187378,
    "no_test": 5000000,
    "no_disc": 632228
  },
  "config": {
    "max_depth": 10,
    "min_samples_per_region": 1000,
    "max_samples_per_region": 3000,
    "min_gain": 0.0,
    "gini_weight_mode": "sample",
    "max_split_ratio": 1.0,
    "sampling_risk_focus_alpha": 0.0,
    "sampling_risk_floor": 1e-05,
    "batch_size": 512,
    "disc_phase": "generation",
    "sample_draws": 5000000,
    "random_seed": 4
  }
}