{
  "label": "regionft_a0-DecTree-Lsac-race-d5000000",
  "repeat": 3,
  "method": "regionft_a0",
  "model": "DecTree",
  "dataset": "Lsac",
  "protected": "race",
  "runtime": 7200,
  "no_disc": 396206,
  "no_test": 5851876,
  "prec": 0.06770580921400249,
  "cpu_time": 136.69317982599978,
  "real_time": 136.69871068000793,
  "partition": {
    "cpu_time": 57.63460394699996,
    "real_time": 57.63952350616455,
    "no_test": 851876,
    "no_disc": 122382,
    "n_regions": 392
  },
  "generation": {
    "cpu_time": 79.05857587899982,
    "real_time": 79.05918717384338,
    "no_test": 5000000,
    "no_disc": 273824
  },
  "config": {
    "max_depth": 10,
    "min_samples_per_region": 1000,
    "max_samples_per_region": 3000,
    "min_gain": 0.0,
    "gini_weight_mode": "sample",
    "max_split_ratio": 1.0,
    "sampling_risk_focus_alpha": 0.0,
    "sampling_risk_floor": 1e-05,
    "batch_size": 512,
    "disc_phase": "generation",
    "sample_draws": 5000000,
    "random_seed": 3
  }
}