{
  "label": "regionft_a0-LogReg-Lsac-race-d5000000",
  "repeat": 2,
  "method": "regionft_a0",
  "model": "LogReg",
  "dataset": "Lsac",
  "protected": "race",
  "runtime": 7200,
  "no_disc": 443152,
  "no_test": 7036554,
  "prec": 0.06297855455951877,
  "cpu_time": 200.73629137500004,
  "real_time": 200.7503161430359,
  "partition": {
    "cpu_time": 118.07866450600002,
    "real_time": 118.09160041809082,
    "no_test": 2036554,
    "no_disc": 209206,
    "n_regions": 953
  },
  "generation": {
    "cpu_time": 82.65762686900001,
    "real_time": 82.65871572494507,
    "no_test": 5000000,
    "no_disc": 233946
  },
  "config": {
    "max_depth": 10,
    "min_samples_per_region": 1000,
    "max_samples_per_region": 3000,
    "min_gain": 0.0,
    "gini_weight_mode": "sample",
    "max_split_ratio": 1.0,
    "sampling_risk_focus_alpha": 0.0,
    "sampling_risk_floor": 1e-05,
    "batch_size": 512,
    "disc_phase": "generation",
    "sample_draws": 5000000,
    "random_seed": 2
  }
}