{
  "label": "regionft_a0-MLP-Lsac-race-d5000000",
  "repeat": 4,
  "method": "regionft_a0",
  "model": "MLP",
  "dataset": "Lsac",
  "protected": "race",
  "runtime": 7200,
  "no_disc": 347930,
  "no_test": 7161918,
  "prec": 0.048580561799227526,
  "cpu_time": 215.861659293,
  "real_time": 215.86518239974976,
  "partition": {
    "cpu_time": 123.88053109099997,
    "real_time": 123.88371753692627,
    "no_test": 2161918,
    "no_disc": 130198,
    "n_regions": 1006
  },
  "generation": {
    "cpu_time": 91.98112820200004,
    "real_time": 91.98146486282349,
    "no_test": 5000000,
    "no_disc": 217732
  },
  "config": {
    "max_depth": 10,
    "min_samples_per_region": 1000,
    "max_samples_per_region": 3000,
    "min_gain": 0.0,
    "gini_weight_mode": "sample",
    "max_split_ratio": 1.0,
    "sampling_risk_focus_alpha": 0.0,
    "sampling_risk_floor": 1e-05,
    "batch_size": 512,
    "disc_phase": "generation",
    "sample_draws": 5000000,
    "random_seed": 4
  }
}