{
  "label": "regionft_a0-GBDT-Adult-race-d5000000",
  "repeat": 3,
  "method": "regionft_a0",
  "model": "GBDT",
  "dataset": "Adult",
  "protected": "race",
  "runtime": 7200,
  "no_disc": 128768,
  "no_test": 6856022,
  "prec": 0.018781736698044435,
  "cpu_time": 259.5063651649999,
  "real_time": 259.5306625366211,
  "partition": {
    "cpu_time": 115.412868076,
    "real_time": 115.43406677246094,
    "no_test": 1856022,
    "no_disc": 100000,
    "n_regions": 897
  },
  "generation": {
    "cpu_time": 144.09349708899992,
    "real_time": 144.09659576416016,
    "no_test": 5000000,
    "no_disc": 28768
  },
  "config": {
    "max_depth": 10,
    "min_samples_per_region": 1000,
    "max_samples_per_region": 3000,
    "min_gain": 0.0,
    "gini_weight_mode": "sample",
    "max_split_ratio": 1.0,
    "sampling_risk_focus_alpha": 0.0,
    "sampling_risk_floor": 1e-05,
    "batch_size": 512,
    "disc_phase": "generation",
    "sample_draws": 5000000,
    "random_seed": 3
  }
}