{
  "label": "regionft_a0-MLP-Credit-age-d5000000",
  "repeat": 3,
  "method": "regionft_a0",
  "model": "MLP",
  "dataset": "Credit",
  "protected": "age",
  "runtime": 7200,
  "no_disc": 704067,
  "no_test": 7135307,
  "prec": 0.09867368005328993,
  "cpu_time": 343.8543092949999,
  "real_time": 343.8573021888733,
  "partition": {
    "cpu_time": 140.88250738800002,
    "real_time": 140.88469338417053,
    "no_test": 2135307,
    "no_disc": 281646,
    "n_regions": 990
  },
  "generation": {
    "cpu_time": 202.97180190699987,
    "real_time": 202.97260880470276,
    "no_test": 5000000,
    "no_disc": 422421
  },
  "config": {
    "max_depth": 10,
    "min_samples_per_region": 1000,
    "max_samples_per_region": 3000,
    "min_gain": 0.0,
    "gini_weight_mode": "sample",
    "max_split_ratio": 1.0,
    "sampling_risk_focus_alpha": 0.0,
    "sampling_risk_floor": 1e-05,
    "batch_size": 512,
    "disc_phase": "generation",
    "sample_draws": 5000000,
    "random_seed": 3
  }
}