{
  "label": "regionft_a0-DecTree-Adult-sex-d5000000",
  "repeat": 3,
  "method": "regionft_a0",
  "model": "DecTree",
  "dataset": "Adult",
  "protected": "sex",
  "runtime": 7200,
  "no_disc": 84087,
  "no_test": 5429334,
  "prec": 0.015487534935224099,
  "cpu_time": 84.28947966699991,
  "real_time": 84.29278135299683,
  "partition": {
    "cpu_time": 21.108471606999956,
    "real_time": 21.112444639205933,
    "no_test": 429334,
    "no_disc": 63390,
    "n_regions": 205
  },
  "generation": {
    "cpu_time": 63.181008059999954,
    "real_time": 63.180336713790894,
    "no_test": 5000000,
    "no_disc": 20697
  },
  "config": {
    "max_depth": 10,
    "min_samples_per_region": 1000,
    "max_samples_per_region": 3000,
    "min_gain": 0.0,
    "gini_weight_mode": "sample",
    "max_split_ratio": 1.0,
    "sampling_risk_focus_alpha": 0.0,
    "sampling_risk_floor": 1e-05,
    "batch_size": 512,
    "disc_phase": "generation",
    "sample_draws": 5000000,
    "random_seed": 3
  }
}