{
  "label": "regionft_a0-LogReg-Bank-age-d5000000",
  "repeat": 3,
  "method": "regionft_a0",
  "model": "LogReg",
  "dataset": "Bank",
  "protected": "age",
  "runtime": 7200,
  "no_disc": 158628,
  "no_test": 6819030,
  "prec": 0.023262546139260275,
  "cpu_time": 352.53841653899985,
  "real_time": 352.54621601104736,
  "partition": {
    "cpu_time": 144.4536107419999,
    "real_time": 144.45979762077332,
    "no_test": 1819030,
    "no_disc": 103418,
    "n_regions": 865
  },
  "generation": {
    "cpu_time": 208.08480579699994,
    "real_time": 208.08641839027405,
    "no_test": 5000000,
    "no_disc": 55210
  },
  "config": {
    "max_depth": 10,
    "min_samples_per_region": 1000,
    "max_samples_per_region": 3000,
    "min_gain": 0.0,
    "gini_weight_mode": "sample",
    "max_split_ratio": 1.0,
    "sampling_risk_focus_alpha": 0.0,
    "sampling_risk_floor": 1e-05,
    "batch_size": 512,
    "disc_phase": "generation",
    "sample_draws": 5000000,
    "random_seed": 3
  }
}