{
  "label": "regionft_a0-MLP-Adult-age-d5000000",
  "repeat": 4,
  "method": "regionft_a0",
  "model": "MLP",
  "dataset": "Adult",
  "protected": "age",
  "runtime": 7200,
  "no_disc": 1343958,
  "no_test": 7188328,
  "prec": 0.18696392262567874,
  "cpu_time": 517.263738478,
  "real_time": 517.2718095779419,
  "partition": {
    "cpu_time": 198.50639273899992,
    "real_time": 198.51113390922546,
    "no_test": 2188328,
    "no_disc": 676869,
    "n_regions": 1022
  },
  "generation": {
    "cpu_time": 318.75734573900013,
    "real_time": 318.76067566871643,
    "no_test": 5000000,
    "no_disc": 667089
  },
  "config": {
    "max_depth": 10,
    "min_samples_per_region": 1000,
    "max_samples_per_region": 3000,
    "min_gain": 0.0,
    "gini_weight_mode": "sample",
    "max_split_ratio": 1.0,
    "sampling_risk_focus_alpha": 0.0,
    "sampling_risk_floor": 1e-05,
    "batch_size": 512,
    "disc_phase": "generation",
    "sample_draws": 5000000,
    "random_seed": 4
  }
}