{
  "label": "regionft_a0-LogReg-Lsac-sex-d5000000",
  "repeat": 0,
  "method": "regionft_a0",
  "model": "LogReg",
  "dataset": "Lsac",
  "protected": "sex",
  "runtime": 7200,
  "no_disc": 141205,
  "no_test": 7012830,
  "prec": 0.020135237842639847,
  "cpu_time": 169.0589451009996,
  "real_time": 169.06375432014465,
  "partition": {
    "cpu_time": 105.58511684099994,
    "real_time": 105.58992099761963,
    "no_test": 2012830,
    "no_disc": 70061,
    "n_regions": 950
  },
  "generation": {
    "cpu_time": 63.473828259999664,
    "real_time": 63.473833322525024,
    "no_test": 5000000,
    "no_disc": 71144
  },
  "config": {
    "max_depth": 10,
    "min_samples_per_region": 1000,
    "max_samples_per_region": 3000,
    "min_gain": 0.0,
    "gini_weight_mode": "sample",
    "max_split_ratio": 1.0,
    "sampling_risk_focus_alpha": 0.0,
    "sampling_risk_floor": 1e-05,
    "batch_size": 512,
    "disc_phase": "generation",
    "sample_draws": 5000000,
    "random_seed": 0
  }
}