{
  "label": "regionft_a0-DecTree-Bank-age-d5000000",
  "repeat": 3,
  "method": "regionft_a0",
  "model": "DecTree",
  "dataset": "Bank",
  "protected": "age",
  "runtime": 7200,
  "no_disc": 1589005,
  "no_test": 6297890,
  "prec": 0.2523075188674302,
  "cpu_time": 341.83701570699986,
  "real_time": 341.8425271511078,
  "partition": {
    "cpu_time": 113.1730186929999,
    "real_time": 113.17700529098511,
    "no_test": 1297890,
    "no_disc": 357783,
    "n_regions": 587
  },
  "generation": {
    "cpu_time": 228.66399701399996,
    "real_time": 228.66552186012268,
    "no_test": 5000000,
    "no_disc": 1231222
  },
  "config": {
    "max_depth": 10,
    "min_samples_per_region": 1000,
    "max_samples_per_region": 3000,
    "min_gain": 0.0,
    "gini_weight_mode": "sample",
    "max_split_ratio": 1.0,
    "sampling_risk_focus_alpha": 0.0,
    "sampling_risk_floor": 1e-05,
    "batch_size": 512,
    "disc_phase": "generation",
    "sample_draws": 5000000,
    "random_seed": 3
  }
}