{
  "label": "regionft_a0-MLP-Adult-sex-d5000000",
  "repeat": 2,
  "method": "regionft_a0",
  "model": "MLP",
  "dataset": "Adult",
  "protected": "sex",
  "runtime": 7200,
  "no_disc": 100155,
  "no_test": 6856021,
  "prec": 0.01460832748324429,
  "cpu_time": 174.68638514400027,
  "real_time": 174.6907193660736,
  "partition": {
    "cpu_time": 84.31195970099998,
    "real_time": 84.3141577243805,
    "no_test": 1856021,
    "no_disc": 57632,
    "n_regions": 881
  },
  "generation": {
    "cpu_time": 90.37442544300029,
    "real_time": 90.37656164169312,
    "no_test": 5000000,
    "no_disc": 42523
  },
  "config": {
    "max_depth": 10,
    "min_samples_per_region": 1000,
    "max_samples_per_region": 3000,
    "min_gain": 0.0,
    "gini_weight_mode": "sample",
    "max_split_ratio": 1.0,
    "sampling_risk_focus_alpha": 0.0,
    "sampling_risk_floor": 1e-05,
    "batch_size": 512,
    "disc_phase": "generation",
    "sample_draws": 5000000,
    "random_seed": 2
  }
}