{
  "label": "regionft_a0-LogReg-Adult-race-d5000000",
  "repeat": 3,
  "method": "regionft_a0",
  "model": "LogReg",
  "dataset": "Adult",
  "protected": "race",
  "runtime": 7200,
  "no_disc": 130200,
  "no_test": 6567836,
  "prec": 0.019823881107871755,
  "cpu_time": 199.0682705590002,
  "real_time": 199.07545447349548,
  "partition": {
    "cpu_time": 82.82342163900012,
    "real_time": 82.82773184776306,
    "no_test": 1567836,
    "no_disc": 93802,
    "n_regions": 755
  },
  "generation": {
    "cpu_time": 116.2448489200001,
    "real_time": 116.24772262573242,
    "no_test": 5000000,
    "no_disc": 36398
  },
  "config": {
    "max_depth": 10,
    "min_samples_per_region": 1000,
    "max_samples_per_region": 3000,
    "min_gain": 0.0,
    "gini_weight_mode": "sample",
    "max_split_ratio": 1.0,
    "sampling_risk_focus_alpha": 0.0,
    "sampling_risk_floor": 1e-05,
    "batch_size": 512,
    "disc_phase": "generation",
    "sample_draws": 5000000,
    "random_seed": 3
  }
}