{
  "label": "regionft_a0-LogReg-Bank-age-d5000000",
  "repeat": 1,
  "method": "regionft_a0",
  "model": "LogReg",
  "dataset": "Bank",
  "protected": "age",
  "runtime": 7200,
  "no_disc": 153602,
  "no_test": 6765386,
  "prec": 0.022704099958228547,
  "cpu_time": 350.98289540899987,
  "real_time": 350.9890296459198,
  "partition": {
    "cpu_time": 141.05256435699994,
    "real_time": 141.05696415901184,
    "no_test": 1765386,
    "no_disc": 98430,
    "n_regions": 838
  },
  "generation": {
    "cpu_time": 209.93033105199993,
    "real_time": 209.93206548690796,
    "no_test": 5000000,
    "no_disc": 55172
  },
  "config": {
    "max_depth": 10,
    "min_samples_per_region": 1000,
    "max_samples_per_region": 3000,
    "min_gain": 0.0,
    "gini_weight_mode": "sample",
    "max_split_ratio": 1.0,
    "sampling_risk_focus_alpha": 0.0,
    "sampling_risk_floor": 1e-05,
    "batch_size": 512,
    "disc_phase": "generation",
    "sample_draws": 5000000,
    "random_seed": 1
  }
}