{
  "label": "regionft_a0-GBDT-Adult-age-d5000000",
  "repeat": 1,
  "method": "regionft_a0",
  "model": "GBDT",
  "dataset": "Adult",
  "protected": "age",
  "runtime": 7200,
  "no_disc": 2645043,
  "no_test": 6994716,
  "prec": 0.37814873398719834,
  "cpu_time": 450.288620141,
  "real_time": 450.29123544692993,
  "partition": {
    "cpu_time": 179.17817615700005,
    "real_time": 179.1831169128418,
    "no_test": 1994716,
    "no_disc": 691190,
    "n_regions": 939
  },
  "generation": {
    "cpu_time": 271.11044398399997,
    "real_time": 271.10811853408813,
    "no_test": 5000000,
    "no_disc": 1953853
  },
  "config": {
    "max_depth": 10,
    "min_samples_per_region": 1000,
    "max_samples_per_region": 3000,
    "min_gain": 0.0,
    "gini_weight_mode": "sample",
    "max_split_ratio": 1.0,
    "sampling_risk_focus_alpha": 0.0,
    "sampling_risk_floor": 1e-05,
    "batch_size": 512,
    "disc_phase": "generation",
    "sample_draws": 5000000,
    "random_seed": 1
  }
}