{
  "label": "regionft_a0-GBDT-Lsac-race-d5000000",
  "repeat": 2,
  "method": "regionft_a0",
  "model": "GBDT",
  "dataset": "Lsac",
  "protected": "race",
  "runtime": 7200,
  "no_disc": 720287,
  "no_test": 7065098,
  "prec": 0.10195003664492694,
  "cpu_time": 238.14050461299985,
  "real_time": 238.14711380004883,
  "partition": {
    "cpu_time": 134.89617565699996,
    "real_time": 134.89796090126038,
    "no_test": 2065098,
    "no_disc": 319048,
    "n_regions": 963
  },
  "generation": {
    "cpu_time": 103.24432895599989,
    "real_time": 103.24915289878845,
    "no_test": 5000000,
    "no_disc": 401239
  },
  "config": {
    "max_depth": 10,
    "min_samples_per_region": 1000,
    "max_samples_per_region": 3000,
    "min_gain": 0.0,
    "gini_weight_mode": "sample",
    "max_split_ratio": 1.0,
    "sampling_risk_focus_alpha": 0.0,
    "sampling_risk_floor": 1e-05,
    "batch_size": 512,
    "disc_phase": "generation",
    "sample_draws": 5000000,
    "random_seed": 2
  }
}