{
  "label": "regionft_a0-GBDT-Credit-age-d5000000",
  "repeat": 0,
  "method": "regionft_a0",
  "model": "GBDT",
  "dataset": "Credit",
  "protected": "age",
  "runtime": 7200,
  "no_disc": 1012335,
  "no_test": 7205496,
  "prec": 0.14049483893960943,
  "cpu_time": 396.10932162099994,
  "real_time": 396.12276792526245,
  "partition": {
    "cpu_time": 175.55210632700005,
    "real_time": 175.56220269203186,
    "no_test": 2205496,
    "no_disc": 380164,
    "n_regions": 1015
  },
  "generation": {
    "cpu_time": 220.5572152939999,
    "real_time": 220.5605652332306,
    "no_test": 5000000,
    "no_disc": 632171
  },
  "config": {
    "max_depth": 10,
    "min_samples_per_region": 1000,
    "max_samples_per_region": 3000,
    "min_gain": 0.0,
    "gini_weight_mode": "sample",
    "max_split_ratio": 1.0,
    "sampling_risk_focus_alpha": 0.0,
    "sampling_risk_floor": 1e-05,
    "batch_size": 512,
    "disc_phase": "generation",
    "sample_draws": 5000000,
    "random_seed": 0
  }
}