{
  "label": "regionft_a0-LogReg-Lsac-race-d5000000",
  "repeat": 1,
  "method": "regionft_a0",
  "model": "LogReg",
  "dataset": "Lsac",
  "protected": "race",
  "runtime": 7200,
  "no_disc": 459982,
  "no_test": 7081041,
  "prec": 0.06495965776783386,
  "cpu_time": 200.39504886999998,
  "real_time": 200.39827609062195,
  "partition": {
    "cpu_time": 118.68520629800003,
    "real_time": 118.68781971931458,
    "no_test": 2081041,
    "no_disc": 225281,
    "n_regions": 983
  },
  "generation": {
    "cpu_time": 81.70984257199996,
    "real_time": 81.71045637130737,
    "no_test": 5000000,
    "no_disc": 234701
  },
  "config": {
    "max_depth": 10,
    "min_samples_per_region": 1000,
    "max_samples_per_region": 3000,
    "min_gain": 0.0,
    "gini_weight_mode": "sample",
    "max_split_ratio": 1.0,
    "sampling_risk_focus_alpha": 0.0,
    "sampling_risk_floor": 1e-05,
    "batch_size": 512,
    "disc_phase": "generation",
    "sample_draws": 5000000,
    "random_seed": 1
  }
}