{
  "label": "regionft_a0-DecTree-Bank-age-d5000000",
  "repeat": 4,
  "method": "regionft_a0",
  "model": "DecTree",
  "dataset": "Bank",
  "protected": "age",
  "runtime": 7200,
  "no_disc": 1592658,
  "no_test": 6374657,
  "prec": 0.24984214836970836,
  "cpu_time": 349.1395805770003,
  "real_time": 349.1467866897583,
  "partition": {
    "cpu_time": 119.72999000100026,
    "real_time": 119.73553824424744,
    "no_test": 1374657,
    "no_disc": 360363,
    "n_regions": 627
  },
  "generation": {
    "cpu_time": 229.40959057600003,
    "real_time": 229.41124844551086,
    "no_test": 5000000,
    "no_disc": 1232295
  },
  "config": {
    "max_depth": 10,
    "min_samples_per_region": 1000,
    "max_samples_per_region": 3000,
    "min_gain": 0.0,
    "gini_weight_mode": "sample",
    "max_split_ratio": 1.0,
    "sampling_risk_focus_alpha": 0.0,
    "sampling_risk_floor": 1e-05,
    "batch_size": 512,
    "disc_phase": "generation",
    "sample_draws": 5000000,
    "random_seed": 4
  }
}