{
  "label": "regionft_a0-MLP-Bank-age-d5000000",
  "repeat": 4,
  "method": "regionft_a0",
  "model": "MLP",
  "dataset": "Bank",
  "protected": "age",
  "runtime": 7200,
  "no_disc": 900855,
  "no_test": 7138959,
  "prec": 0.12618856614808965,
  "cpu_time": 497.05092267200007,
  "real_time": 497.0580952167511,
  "partition": {
    "cpu_time": 194.8608839489998,
    "real_time": 194.86601305007935,
    "no_test": 2138959,
    "no_disc": 349804,
    "n_regions": 992
  },
  "generation": {
    "cpu_time": 302.19003872300027,
    "real_time": 302.19208216667175,
    "no_test": 5000000,
    "no_disc": 551051
  },
  "config": {
    "max_depth": 10,
    "min_samples_per_region": 1000,
    "max_samples_per_region": 3000,
    "min_gain": 0.0,
    "gini_weight_mode": "sample",
    "max_split_ratio": 1.0,
    "sampling_risk_focus_alpha": 0.0,
    "sampling_risk_floor": 1e-05,
    "batch_size": 512,
    "disc_phase": "generation",
    "sample_draws": 5000000,
    "random_seed": 4
  }
}