{
  "label": "regionft_a0-GBDT-Lsac-race-d5000000",
  "repeat": 3,
  "method": "regionft_a0",
  "model": "GBDT",
  "dataset": "Lsac",
  "protected": "race",
  "runtime": 7200,
  "no_disc": 719192,
  "no_test": 7018879,
  "prec": 0.10246536519578127,
  "cpu_time": 235.35188356000003,
  "real_time": 235.3540678024292,
  "partition": {
    "cpu_time": 132.39163519,
    "real_time": 132.39373564720154,
    "no_test": 2018879,
    "no_disc": 317365,
    "n_regions": 939
  },
  "generation": {
    "cpu_time": 102.96024837000004,
    "real_time": 102.96033215522766,
    "no_test": 5000000,
    "no_disc": 401827
  },
  "config": {
    "max_depth": 10,
    "min_samples_per_region": 1000,
    "max_samples_per_region": 3000,
    "min_gain": 0.0,
    "gini_weight_mode": "sample",
    "max_split_ratio": 1.0,
    "sampling_risk_focus_alpha": 0.0,
    "sampling_risk_floor": 1e-05,
    "batch_size": 512,
    "disc_phase": "generation",
    "sample_draws": 5000000,
    "random_seed": 3
  }
}