{
  "label": "regionft_a0-GBDT-Lsac-sex-d5000000",
  "repeat": 4,
  "method": "regionft_a0",
  "model": "GBDT",
  "dataset": "Lsac",
  "protected": "sex",
  "runtime": 7200,
  "no_disc": 182954,
  "no_test": 7067558,
  "prec": 0.025886451869231213,
  "cpu_time": 203.44225641000003,
  "real_time": 203.44852900505066,
  "partition": {
    "cpu_time": 121.54019089099984,
    "real_time": 121.542640209198,
    "no_test": 2067558,
    "no_disc": 132887,
    "n_regions": 985
  },
  "generation": {
    "cpu_time": 81.90206551900019,
    "real_time": 81.90588879585266,
    "no_test": 5000000,
    "no_disc": 50067
  },
  "config": {
    "max_depth": 10,
    "min_samples_per_region": 1000,
    "max_samples_per_region": 3000,
    "min_gain": 0.0,
    "gini_weight_mode": "sample",
    "max_split_ratio": 1.0,
    "sampling_risk_focus_alpha": 0.0,
    "sampling_risk_floor": 1e-05,
    "batch_size": 512,
    "disc_phase": "generation",
    "sample_draws": 5000000,
    "random_seed": 4
  }
}