{
  "label": "regionft_a0-LogReg-Adult-age-d5000000",
  "repeat": 0,
  "method": "regionft_a0",
  "model": "LogReg",
  "dataset": "Adult",
  "protected": "age",
  "runtime": 7200,
  "no_disc": 728237,
  "no_test": 6966199,
  "prec": 0.10453864438842474,
  "cpu_time": 360.1883933459999,
  "real_time": 360.1942002773285,
  "partition": {
    "cpu_time": 144.04245879899986,
    "real_time": 144.04662799835205,
    "no_test": 1966199,
    "no_disc": 509089,
    "n_regions": 946
  },
  "generation": {
    "cpu_time": 216.14593454700002,
    "real_time": 216.14757227897644,
    "no_test": 5000000,
    "no_disc": 219148
  },
  "config": {
    "max_depth": 10,
    "min_samples_per_region": 1000,
    "max_samples_per_region": 3000,
    "min_gain": 0.0,
    "gini_weight_mode": "sample",
    "max_split_ratio": 1.0,
    "sampling_risk_focus_alpha": 0.0,
    "sampling_risk_floor": 1e-05,
    "batch_size": 512,
    "disc_phase": "generation",
    "sample_draws": 5000000,
    "random_seed": 0
  }
}