{
  "label": "regionft_a0-MLP-Adult-age-d5000000",
  "repeat": 3,
  "method": "regionft_a0",
  "model": "MLP",
  "dataset": "Adult",
  "protected": "age",
  "runtime": 7200,
  "no_disc": 1282295,
  "no_test": 7188404,
  "prec": 0.1783838248378917,
  "cpu_time": 515.9363787269999,
  "real_time": 515.9748787879944,
  "partition": {
    "cpu_time": 199.72876718999999,
    "real_time": 199.75494766235352,
    "no_test": 2188404,
    "no_disc": 614532,
    "n_regions": 1021
  },
  "generation": {
    "cpu_time": 316.20761153699993,
    "real_time": 316.21993112564087,
    "no_test": 5000000,
    "no_disc": 667763
  },
  "config": {
    "max_depth": 10,
    "min_samples_per_region": 1000,
    "max_samples_per_region": 3000,
    "min_gain": 0.0,
    "gini_weight_mode": "sample",
    "max_split_ratio": 1.0,
    "sampling_risk_focus_alpha": 0.0,
    "sampling_risk_floor": 1e-05,
    "batch_size": 512,
    "disc_phase": "generation",
    "sample_draws": 5000000,
    "random_seed": 3
  }
}