{
  "label": "regionft_a0-GBDT-Adult-age-d5000000",
  "repeat": 0,
  "method": "regionft_a0",
  "model": "GBDT",
  "dataset": "Adult",
  "protected": "age",
  "runtime": 7200,
  "no_disc": 2645005,
  "no_test": 7037248,
  "prec": 0.3758578637558318,
  "cpu_time": 446.68074709200005,
  "real_time": 446.70004415512085,
  "partition": {
    "cpu_time": 179.785457576,
    "real_time": 179.80194973945618,
    "no_test": 2037248,
    "no_disc": 693129,
    "n_regions": 958
  },
  "generation": {
    "cpu_time": 266.89528951600005,
    "real_time": 266.8980944156647,
    "no_test": 5000000,
    "no_disc": 1951876
  },
  "config": {
    "max_depth": 10,
    "min_samples_per_region": 1000,
    "max_samples_per_region": 3000,
    "min_gain": 0.0,
    "gini_weight_mode": "sample",
    "max_split_ratio": 1.0,
    "sampling_risk_focus_alpha": 0.0,
    "sampling_risk_floor": 1e-05,
    "batch_size": 512,
    "disc_phase": "generation",
    "sample_draws": 5000000,
    "random_seed": 0
  }
}