{
  "label": "regionft_a0-LogReg-Bank-age-d5000000",
  "repeat": 2,
  "method": "regionft_a0",
  "model": "LogReg",
  "dataset": "Bank",
  "protected": "age",
  "runtime": 7200,
  "no_disc": 126870,
  "no_test": 6377327,
  "prec": 0.019893914801608886,
  "cpu_time": 317.34447857500027,
  "real_time": 317.3493580818176,
  "partition": {
    "cpu_time": 107.83363050800017,
    "real_time": 107.83578777313232,
    "no_test": 1377327,
    "no_disc": 71665,
    "n_regions": 650
  },
  "generation": {
    "cpu_time": 209.5108480670001,
    "real_time": 209.5135703086853,
    "no_test": 5000000,
    "no_disc": 55205
  },
  "config": {
    "max_depth": 10,
    "min_samples_per_region": 1000,
    "max_samples_per_region": 3000,
    "min_gain": 0.0,
    "gini_weight_mode": "sample",
    "max_split_ratio": 1.0,
    "sampling_risk_focus_alpha": 0.0,
    "sampling_risk_floor": 1e-05,
    "batch_size": 512,
    "disc_phase": "generation",
    "sample_draws": 5000000,
    "random_seed": 2
  }
}