{
  "label": "regionft_a0-GBDT-Lsac-race-d5000000",
  "repeat": 4,
  "method": "regionft_a0",
  "model": "GBDT",
  "dataset": "Lsac",
  "protected": "race",
  "runtime": 7200,
  "no_disc": 680421,
  "no_test": 7127326,
  "prec": 0.09546651857933817,
  "cpu_time": 243.60184025699982,
  "real_time": 243.6075394153595,
  "partition": {
    "cpu_time": 140.3716734740001,
    "real_time": 140.37717366218567,
    "no_test": 2127326,
    "no_disc": 278297,
    "n_regions": 988
  },
  "generation": {
    "cpu_time": 103.23016678299973,
    "real_time": 103.23036575317383,
    "no_test": 5000000,
    "no_disc": 402124
  },
  "config": {
    "max_depth": 10,
    "min_samples_per_region": 1000,
    "max_samples_per_region": 3000,
    "min_gain": 0.0,
    "gini_weight_mode": "sample",
    "max_split_ratio": 1.0,
    "sampling_risk_focus_alpha": 0.0,
    "sampling_risk_floor": 1e-05,
    "batch_size": 512,
    "disc_phase": "generation",
    "sample_draws": 5000000,
    "random_seed": 4
  }
}