{
  "label": "regionft_a0-GBDT-Adult-age-d5000000",
  "repeat": 3,
  "method": "regionft_a0",
  "model": "GBDT",
  "dataset": "Adult",
  "protected": "age",
  "runtime": 7200,
  "no_disc": 2682951,
  "no_test": 6964488,
  "prec": 0.38523305661521706,
  "cpu_time": 438.327314311,
  "real_time": 438.33148550987244,
  "partition": {
    "cpu_time": 172.61325652100004,
    "real_time": 172.61832070350647,
    "no_test": 1964488,
    "no_disc": 728203,
    "n_regions": 924
  },
  "generation": {
    "cpu_time": 265.71405778999997,
    "real_time": 265.71316480636597,
    "no_test": 5000000,
    "no_disc": 1954748
  },
  "config": {
    "max_depth": 10,
    "min_samples_per_region": 1000,
    "max_samples_per_region": 3000,
    "min_gain": 0.0,
    "gini_weight_mode": "sample",
    "max_split_ratio": 1.0,
    "sampling_risk_focus_alpha": 0.0,
    "sampling_risk_floor": 1e-05,
    "batch_size": 512,
    "disc_phase": "generation",
    "sample_draws": 5000000,
    "random_seed": 3
  }
}