{
  "label": "regionft_a0-LogReg-Adult-age-d5000000",
  "repeat": 1,
  "method": "regionft_a0",
  "model": "LogReg",
  "dataset": "Adult",
  "protected": "age",
  "runtime": 7200,
  "no_disc": 753627,
  "no_test": 6834282,
  "prec": 0.11027156912752503,
  "cpu_time": 345.82768365900006,
  "real_time": 345.83128595352173,
  "partition": {
    "cpu_time": 132.56310635299997,
    "real_time": 132.56502747535706,
    "no_test": 1834282,
    "no_disc": 534560,
    "n_regions": 882
  },
  "generation": {
    "cpu_time": 213.2645773060001,
    "real_time": 213.26625847816467,
    "no_test": 5000000,
    "no_disc": 219067
  },
  "config": {
    "max_depth": 10,
    "min_samples_per_region": 1000,
    "max_samples_per_region": 3000,
    "min_gain": 0.0,
    "gini_weight_mode": "sample",
    "max_split_ratio": 1.0,
    "sampling_risk_focus_alpha": 0.0,
    "sampling_risk_floor": 1e-05,
    "batch_size": 512,
    "disc_phase": "generation",
    "sample_draws": 5000000,
    "random_seed": 1
  }
}