{
  "label": "regionft_a0-MLP-Adult-race-d5000000",
  "repeat": 4,
  "method": "regionft_a0",
  "model": "MLP",
  "dataset": "Adult",
  "protected": "race",
  "runtime": 7200,
  "no_disc": 316727,
  "no_test": 7121526,
  "prec": 0.04447459715796867,
  "cpu_time": 314.92346190399985,
  "real_time": 314.9340445995331,
  "partition": {
    "cpu_time": 135.42526616099985,
    "real_time": 135.43002700805664,
    "no_test": 2121526,
    "no_disc": 199872,
    "n_regions": 1005
  },
  "generation": {
    "cpu_time": 179.498195743,
    "real_time": 179.50401759147644,
    "no_test": 5000000,
    "no_disc": 116855
  },
  "config": {
    "max_depth": 10,
    "min_samples_per_region": 1000,
    "max_samples_per_region": 3000,
    "min_gain": 0.0,
    "gini_weight_mode": "sample",
    "max_split_ratio": 1.0,
    "sampling_risk_focus_alpha": 0.0,
    "sampling_risk_floor": 1e-05,
    "batch_size": 512,
    "disc_phase": "generation",
    "sample_draws": 5000000,
    "random_seed": 4
  }
}