{
  "label": "regionft_a0-DecTree-Lsac-sex-d5000000",
  "repeat": 4,
  "method": "regionft_a0",
  "model": "DecTree",
  "dataset": "Lsac",
  "protected": "sex",
  "runtime": 7200,
  "no_disc": 505115,
  "no_test": 6473023,
  "prec": 0.07803386454829529,
  "cpu_time": 159.17134387000033,
  "real_time": 159.1771469116211,
  "partition": {
    "cpu_time": 90.70722006300002,
    "real_time": 90.71263933181763,
    "no_test": 1473023,
    "no_disc": 206987,
    "n_regions": 684
  },
  "generation": {
    "cpu_time": 68.4641238070003,
    "real_time": 68.46450757980347,
    "no_test": 5000000,
    "no_disc": 298128
  },
  "config": {
    "max_depth": 10,
    "min_samples_per_region": 1000,
    "max_samples_per_region": 3000,
    "min_gain": 0.0,
    "gini_weight_mode": "sample",
    "max_split_ratio": 1.0,
    "sampling_risk_focus_alpha": 0.0,
    "sampling_risk_floor": 1e-05,
    "batch_size": 512,
    "disc_phase": "generation",
    "sample_draws": 5000000,
    "random_seed": 4
  }
}