{
  "label": "regionft_a0-MLP-Adult-age-d5000000",
  "repeat": 2,
  "method": "regionft_a0",
  "model": "MLP",
  "dataset": "Adult",
  "protected": "age",
  "runtime": 7200,
  "no_disc": 1315646,
  "no_test": 7172314,
  "prec": 0.18343396566296455,
  "cpu_time": 519.0111348580001,
  "real_time": 519.0168645381927,
  "partition": {
    "cpu_time": 197.13007392200007,
    "real_time": 197.13224720954895,
    "no_test": 2172314,
    "no_disc": 647224,
    "n_regions": 1014
  },
  "generation": {
    "cpu_time": 321.88106093600004,
    "real_time": 321.8846173286438,
    "no_test": 5000000,
    "no_disc": 668422
  },
  "config": {
    "max_depth": 10,
    "min_samples_per_region": 1000,
    "max_samples_per_region": 3000,
    "min_gain": 0.0,
    "gini_weight_mode": "sample",
    "max_split_ratio": 1.0,
    "sampling_risk_focus_alpha": 0.0,
    "sampling_risk_floor": 1e-05,
    "batch_size": 512,
    "disc_phase": "generation",
    "sample_draws": 5000000,
    "random_seed": 2
  }
}