{
  "label": "regionft_a0-LogReg-Lsac-race-d5000000",
  "repeat": 3,
  "method": "regionft_a0",
  "model": "LogReg",
  "dataset": "Lsac",
  "protected": "race",
  "runtime": 7200,
  "no_disc": 427131,
  "no_test": 6993830,
  "prec": 0.061072545372135155,
  "cpu_time": 198.48327728199996,
  "real_time": 198.4874095916748,
  "partition": {
    "cpu_time": 115.87684144600001,
    "real_time": 115.8802125453949,
    "no_test": 1993830,
    "no_disc": 192893,
    "n_regions": 934
  },
  "generation": {
    "cpu_time": 82.60643583599995,
    "real_time": 82.60719704627991,
    "no_test": 5000000,
    "no_disc": 234238
  },
  "config": {
    "max_depth": 10,
    "min_samples_per_region": 1000,
    "max_samples_per_region": 3000,
    "min_gain": 0.0,
    "gini_weight_mode": "sample",
    "max_split_ratio": 1.0,
    "sampling_risk_focus_alpha": 0.0,
    "sampling_risk_floor": 1e-05,
    "batch_size": 512,
    "disc_phase": "generation",
    "sample_draws": 5000000,
    "random_seed": 3
  }
}