{
  "label": "regionft_a0-GBDT-Lsac-sex-d5000000",
  "repeat": 3,
  "method": "regionft_a0",
  "model": "GBDT",
  "dataset": "Lsac",
  "protected": "sex",
  "runtime": 7200,
  "no_disc": 184522,
  "no_test": 6978472,
  "prec": 0.026441604981720927,
  "cpu_time": 197.22842695600002,
  "real_time": 197.23955726623535,
  "partition": {
    "cpu_time": 116.96673965299988,
    "real_time": 116.97340416908264,
    "no_test": 1978472,
    "no_disc": 134712,
    "n_regions": 946
  },
  "generation": {
    "cpu_time": 80.26168730300014,
    "real_time": 80.26615309715271,
    "no_test": 5000000,
    "no_disc": 49810
  },
  "config": {
    "max_depth": 10,
    "min_samples_per_region": 1000,
    "max_samples_per_region": 3000,
    "min_gain": 0.0,
    "gini_weight_mode": "sample",
    "max_split_ratio": 1.0,
    "sampling_risk_focus_alpha": 0.0,
    "sampling_risk_floor": 1e-05,
    "batch_size": 512,
    "disc_phase": "generation",
    "sample_draws": 5000000,
    "random_seed": 3
  }
}