{
  "label": "regionft_a0-LogReg-Credit-age-d5000000",
  "repeat": 3,
  "method": "regionft_a0",
  "model": "LogReg",
  "dataset": "Credit",
  "protected": "age",
  "runtime": 7200,
  "no_disc": 913493,
  "no_test": 7202946,
  "prec": 0.12682213638697276,
  "cpu_time": 329.55623624200007,
  "real_time": 329.56257700920105,
  "partition": {
    "cpu_time": 145.45655061499974,
    "real_time": 145.46243596076965,
    "no_test": 2202946,
    "no_disc": 312825,
    "n_regions": 1015
  },
  "generation": {
    "cpu_time": 184.09968562700033,
    "real_time": 184.1001410484314,
    "no_test": 5000000,
    "no_disc": 600668
  },
  "config": {
    "max_depth": 10,
    "min_samples_per_region": 1000,
    "max_samples_per_region": 3000,
    "min_gain": 0.0,
    "gini_weight_mode": "sample",
    "max_split_ratio": 1.0,
    "sampling_risk_focus_alpha": 0.0,
    "sampling_risk_floor": 1e-05,
    "batch_size": 512,
    "disc_phase": "generation",
    "sample_draws": 5000000,
    "random_seed": 3
  }
}