{
  "label": "regionft_a0-DecTree-Lsac-race-d5000000",
  "repeat": 4,
  "method": "regionft_a0",
  "model": "DecTree",
  "dataset": "Lsac",
  "protected": "race",
  "runtime": 7200,
  "no_disc": 393843,
  "no_test": 5836139,
  "prec": 0.06748348522884735,
  "cpu_time": 139.37975991400003,
  "real_time": 139.3888521194458,
  "partition": {
    "cpu_time": 56.235163076999925,
    "real_time": 56.24135065078735,
    "no_test": 836139,
    "no_disc": 119453,
    "n_regions": 378
  },
  "generation": {
    "cpu_time": 83.14459683700011,
    "real_time": 83.14750146865845,
    "no_test": 5000000,
    "no_disc": 274390
  },
  "config": {
    "max_depth": 10,
    "min_samples_per_region": 1000,
    "max_samples_per_region": 3000,
    "min_gain": 0.0,
    "gini_weight_mode": "sample",
    "max_split_ratio": 1.0,
    "sampling_risk_focus_alpha": 0.0,
    "sampling_risk_floor": 1e-05,
    "batch_size": 512,
    "disc_phase": "generation",
    "sample_draws": 5000000,
    "random_seed": 4
  }
}