{
  "label": "regionft_a0-LogReg-Adult-age-d5000000",
  "repeat": 4,
  "method": "regionft_a0",
  "model": "LogReg",
  "dataset": "Adult",
  "protected": "age",
  "runtime": 7200,
  "no_disc": 702351,
  "no_test": 6705017,
  "prec": 0.10475006998490831,
  "cpu_time": 338.02284600600024,
  "real_time": 338.02672266960144,
  "partition": {
    "cpu_time": 125.61966864900023,
    "real_time": 125.62205529212952,
    "no_test": 1705017,
    "no_disc": 484435,
    "n_regions": 817
  },
  "generation": {
    "cpu_time": 212.403177357,
    "real_time": 212.40466737747192,
    "no_test": 5000000,
    "no_disc": 217916
  },
  "config": {
    "max_depth": 10,
    "min_samples_per_region": 1000,
    "max_samples_per_region": 3000,
    "min_gain": 0.0,
    "gini_weight_mode": "sample",
    "max_split_ratio": 1.0,
    "sampling_risk_focus_alpha": 0.0,
    "sampling_risk_floor": 1e-05,
    "batch_size": 512,
    "disc_phase": "generation",
    "sample_draws": 5000000,
    "random_seed": 4
  }
}