{
  "label": "regionft_a0-MLP-Credit-sex-d5000000",
  "repeat": 4,
  "method": "regionft_a0",
  "model": "MLP",
  "dataset": "Credit",
  "protected": "sex",
  "runtime": 7200,
  "no_disc": 344072,
  "no_test": 7061296,
  "prec": 0.048726466076482275,
  "cpu_time": 170.1939416360001,
  "real_time": 170.19732475280762,
  "partition": {
    "cpu_time": 86.68291491500008,
    "real_time": 86.68610739707947,
    "no_test": 2061296,
    "no_disc": 116631,
    "n_regions": 962
  },
  "generation": {
    "cpu_time": 83.51102672100001,
    "real_time": 83.51121735572815,
    "no_test": 5000000,
    "no_disc": 227441
  },
  "config": {
    "max_depth": 10,
    "min_samples_per_region": 1000,
    "max_samples_per_region": 3000,
    "min_gain": 0.0,
    "gini_weight_mode": "sample",
    "max_split_ratio": 1.0,
    "sampling_risk_focus_alpha": 0.0,
    "sampling_risk_floor": 1e-05,
    "batch_size": 512,
    "disc_phase": "generation",
    "sample_draws": 5000000,
    "random_seed": 4
  }
}