{
  "label": "regionft_a0-MLP-Lsac-sex-d5000000",
  "repeat": 2,
  "method": "regionft_a0",
  "model": "MLP",
  "dataset": "Lsac",
  "protected": "sex",
  "runtime": 7200,
  "no_disc": 133961,
  "no_test": 6915556,
  "prec": 0.01937096597872969,
  "cpu_time": 171.92280534099996,
  "real_time": 171.92672848701477,
  "partition": {
    "cpu_time": 101.35236339900007,
    "real_time": 101.35576796531677,
    "no_test": 1915556,
    "no_disc": 46867,
    "n_regions": 907
  },
  "generation": {
    "cpu_time": 70.57044194199989,
    "real_time": 70.570960521698,
    "no_test": 5000000,
    "no_disc": 87094
  },
  "config": {
    "max_depth": 10,
    "min_samples_per_region": 1000,
    "max_samples_per_region": 3000,
    "min_gain": 0.0,
    "gini_weight_mode": "sample",
    "max_split_ratio": 1.0,
    "sampling_risk_focus_alpha": 0.0,
    "sampling_risk_floor": 1e-05,
    "batch_size": 512,
    "disc_phase": "generation",
    "sample_draws": 5000000,
    "random_seed": 2
  }
}