{
  "label": "regionft_a0-DecTree-Credit-age-d5000000",
  "repeat": 4,
  "method": "regionft_a0",
  "model": "DecTree",
  "dataset": "Credit",
  "protected": "age",
  "runtime": 7200,
  "no_disc": 492990,
  "no_test": 5258953,
  "prec": 0.09374299409026854,
  "cpu_time": 201.24177557800022,
  "real_time": 201.24566888809204,
  "partition": {
    "cpu_time": 20.637152585999957,
    "real_time": 20.639176607131958,
    "no_test": 258953,
    "no_disc": 148077,
    "n_regions": 120
  },
  "generation": {
    "cpu_time": 180.60462299200026,
    "real_time": 180.60649228096008,
    "no_test": 5000000,
    "no_disc": 344913
  },
  "config": {
    "max_depth": 10,
    "min_samples_per_region": 1000,
    "max_samples_per_region": 3000,
    "min_gain": 0.0,
    "gini_weight_mode": "sample",
    "max_split_ratio": 1.0,
    "sampling_risk_focus_alpha": 0.0,
    "sampling_risk_floor": 1e-05,
    "batch_size": 512,
    "disc_phase": "generation",
    "sample_draws": 5000000,
    "random_seed": 4
  }
}