{
  "label": "regionft_a0-MLP-Adult-age-d5000000",
  "repeat": 0,
  "method": "regionft_a0",
  "model": "MLP",
  "dataset": "Adult",
  "protected": "age",
  "runtime": 7200,
  "no_disc": 1310971,
  "no_test": 7125850,
  "prec": 0.18397398205126406,
  "cpu_time": 511.13759658000004,
  "real_time": 511.1444687843323,
  "partition": {
    "cpu_time": 194.12531278200004,
    "real_time": 194.12874484062195,
    "no_test": 2125850,
    "no_disc": 643039,
    "n_regions": 993
  },
  "generation": {
    "cpu_time": 317.012283798,
    "real_time": 317.0157239437103,
    "no_test": 5000000,
    "no_disc": 667932
  },
  "config": {
    "max_depth": 10,
    "min_samples_per_region": 1000,
    "max_samples_per_region": 3000,
    "min_gain": 0.0,
    "gini_weight_mode": "sample",
    "max_split_ratio": 1.0,
    "sampling_risk_focus_alpha": 0.0,
    "sampling_risk_floor": 1e-05,
    "batch_size": 512,
    "disc_phase": "generation",
    "sample_draws": 5000000,
    "random_seed": 0
  }
}