{
  "label": "regionft_a0-MLP-Adult-sex-d5000000",
  "repeat": 3,
  "method": "regionft_a0",
  "model": "MLP",
  "dataset": "Adult",
  "protected": "sex",
  "runtime": 7200,
  "no_disc": 123609,
  "no_test": 7111298,
  "prec": 0.01738205880276709,
  "cpu_time": 190.20757197600005,
  "real_time": 190.2145972251892,
  "partition": {
    "cpu_time": 100.44528242100023,
    "real_time": 100.44783306121826,
    "no_test": 2111298,
    "no_disc": 81074,
    "n_regions": 1010
  },
  "generation": {
    "cpu_time": 89.76228955499982,
    "real_time": 89.76676416397095,
    "no_test": 5000000,
    "no_disc": 42535
  },
  "config": {
    "max_depth": 10,
    "min_samples_per_region": 1000,
    "max_samples_per_region": 3000,
    "min_gain": 0.0,
    "gini_weight_mode": "sample",
    "max_split_ratio": 1.0,
    "sampling_risk_focus_alpha": 0.0,
    "sampling_risk_floor": 1e-05,
    "batch_size": 512,
    "disc_phase": "generation",
    "sample_draws": 5000000,
    "random_seed": 3
  }
}