{
  "label": "regionft_a0-MLP-Credit-age-d5000000",
  "repeat": 1,
  "method": "regionft_a0",
  "model": "MLP",
  "dataset": "Credit",
  "protected": "age",
  "runtime": 7200,
  "no_disc": 669915,
  "no_test": 7188637,
  "prec": 0.09319082323950979,
  "cpu_time": 358.37314488100037,
  "real_time": 358.3789265155792,
  "partition": {
    "cpu_time": 148.70750746700014,
    "real_time": 148.71157455444336,
    "no_test": 2188637,
    "no_disc": 246103,
    "n_regions": 1018
  },
  "generation": {
    "cpu_time": 209.66563741400023,
    "real_time": 209.66735196113586,
    "no_test": 5000000,
    "no_disc": 423812
  },
  "config": {
    "max_depth": 10,
    "min_samples_per_region": 1000,
    "max_samples_per_region": 3000,
    "min_gain": 0.0,
    "gini_weight_mode": "sample",
    "max_split_ratio": 1.0,
    "sampling_risk_focus_alpha": 0.0,
    "sampling_risk_floor": 1e-05,
    "batch_size": 512,
    "disc_phase": "generation",
    "sample_draws": 5000000,
    "random_seed": 1
  }
}