{
  "label": "regionft_a0-GBDT-Lsac-sex-d5000000",
  "repeat": 1,
  "method": "regionft_a0",
  "model": "GBDT",
  "dataset": "Lsac",
  "protected": "sex",
  "runtime": 7200,
  "no_disc": 163156,
  "no_test": 7019527,
  "prec": 0.023243161540656514,
  "cpu_time": 196.3015100949999,
  "real_time": 196.30964469909668,
  "partition": {
    "cpu_time": 114.25666230299998,
    "real_time": 114.26174736022949,
    "no_test": 2019527,
    "no_disc": 113154,
    "n_regions": 966
  },
  "generation": {
    "cpu_time": 82.04484779199993,
    "real_time": 82.04789733886719,
    "no_test": 5000000,
    "no_disc": 50002
  },
  "config": {
    "max_depth": 10,
    "min_samples_per_region": 1000,
    "max_samples_per_region": 3000,
    "min_gain": 0.0,
    "gini_weight_mode": "sample",
    "max_split_ratio": 1.0,
    "sampling_risk_focus_alpha": 0.0,
    "sampling_risk_floor": 1e-05,
    "batch_size": 512,
    "disc_phase": "generation",
    "sample_draws": 5000000,
    "random_seed": 1
  }
}