{
  "label": "regionft_a0-GBDT-Credit-age-d5000000",
  "repeat": 1,
  "method": "regionft_a0",
  "model": "GBDT",
  "dataset": "Credit",
  "protected": "age",
  "runtime": 7200,
  "no_disc": 1024927,
  "no_test": 7199870,
  "prec": 0.14235354249451726,
  "cpu_time": 388.24501648699993,
  "real_time": 388.2512204647064,
  "partition": {
    "cpu_time": 170.41115600399985,
    "real_time": 170.41564321517944,
    "no_test": 2199870,
    "no_disc": 393373,
    "n_regions": 1016
  },
  "generation": {
    "cpu_time": 217.83386048300008,
    "real_time": 217.83557724952698,
    "no_test": 5000000,
    "no_disc": 631554
  },
  "config": {
    "max_depth": 10,
    "min_samples_per_region": 1000,
    "max_samples_per_region": 3000,
    "min_gain": 0.0,
    "gini_weight_mode": "sample",
    "max_split_ratio": 1.0,
    "sampling_risk_focus_alpha": 0.0,
    "sampling_risk_floor": 1e-05,
    "batch_size": 512,
    "disc_phase": "generation",
    "sample_draws": 5000000,
    "random_seed": 1
  }
}