{
  "label": "regionft_a0-GBDT-Adult-age-d5000000",
  "repeat": 2,
  "method": "regionft_a0",
  "model": "GBDT",
  "dataset": "Adult",
  "protected": "age",
  "runtime": 7200,
  "no_disc": 2669774,
  "no_test": 7018361,
  "prec": 0.38039850044761164,
  "cpu_time": 454.71116233600003,
  "real_time": 454.7168550491333,
  "partition": {
    "cpu_time": 180.1799241340001,
    "real_time": 180.18796634674072,
    "no_test": 2018361,
    "no_disc": 717909,
    "n_regions": 948
  },
  "generation": {
    "cpu_time": 274.53123820199994,
    "real_time": 274.5288887023926,
    "no_test": 5000000,
    "no_disc": 1951865
  },
  "config": {
    "max_depth": 10,
    "min_samples_per_region": 1000,
    "max_samples_per_region": 3000,
    "min_gain": 0.0,
    "gini_weight_mode": "sample",
    "max_split_ratio": 1.0,
    "sampling_risk_focus_alpha": 0.0,
    "sampling_risk_floor": 1e-05,
    "batch_size": 512,
    "disc_phase": "generation",
    "sample_draws": 5000000,
    "random_seed": 2
  }
}