{
  "label": "regionft_a0-MLP-Adult-race-d5000000",
  "repeat": 3,
  "method": "regionft_a0",
  "model": "MLP",
  "dataset": "Adult",
  "protected": "race",
  "runtime": 7200,
  "no_disc": 286325,
  "no_test": 7116207,
  "prec": 0.04023561990256888,
  "cpu_time": 314.8908608290001,
  "real_time": 314.89560651779175,
  "partition": {
    "cpu_time": 136.33980077800015,
    "real_time": 136.34133315086365,
    "no_test": 2116207,
    "no_disc": 169213,
    "n_regions": 1002
  },
  "generation": {
    "cpu_time": 178.55106005099992,
    "real_time": 178.5542733669281,
    "no_test": 5000000,
    "no_disc": 117112
  },
  "config": {
    "max_depth": 10,
    "min_samples_per_region": 1000,
    "max_samples_per_region": 3000,
    "min_gain": 0.0,
    "gini_weight_mode": "sample",
    "max_split_ratio": 1.0,
    "sampling_risk_focus_alpha": 0.0,
    "sampling_risk_floor": 1e-05,
    "batch_size": 512,
    "disc_phase": "generation",
    "sample_draws": 5000000,
    "random_seed": 3
  }
}