{
  "label": "regionft_a0-MLP-Credit-sex-d5000000",
  "repeat": 3,
  "method": "regionft_a0",
  "model": "MLP",
  "dataset": "Credit",
  "protected": "sex",
  "runtime": 7200,
  "no_disc": 358713,
  "no_test": 6998426,
  "prec": 0.051256239617308234,
  "cpu_time": 171.01706483500016,
  "real_time": 171.02140402793884,
  "partition": {
    "cpu_time": 87.83052183900008,
    "real_time": 87.83473086357117,
    "no_test": 1998426,
    "no_disc": 131026,
    "n_regions": 932
  },
  "generation": {
    "cpu_time": 83.18654299600007,
    "real_time": 83.18667316436768,
    "no_test": 5000000,
    "no_disc": 227687
  },
  "config": {
    "max_depth": 10,
    "min_samples_per_region": 1000,
    "max_samples_per_region": 3000,
    "min_gain": 0.0,
    "gini_weight_mode": "sample",
    "max_split_ratio": 1.0,
    "sampling_risk_focus_alpha": 0.0,
    "sampling_risk_floor": 1e-05,
    "batch_size": 512,
    "disc_phase": "generation",
    "sample_draws": 5000000,
    "random_seed": 3
  }
}