{
  "label": "regionft_a0-MLP-Lsac-race-d5000000",
  "repeat": 2,
  "method": "regionft_a0",
  "model": "MLP",
  "dataset": "Lsac",
  "protected": "race",
  "runtime": 7200,
  "no_disc": 362397,
  "no_test": 7192328,
  "prec": 0.05038660639503649,
  "cpu_time": 222.72796382399997,
  "real_time": 222.74165511131287,
  "partition": {
    "cpu_time": 128.90036923900016,
    "real_time": 128.913959980011,
    "no_test": 2192328,
    "no_disc": 144238,
    "n_regions": 1022
  },
  "generation": {
    "cpu_time": 93.82759458499982,
    "real_time": 93.82769513130188,
    "no_test": 5000000,
    "no_disc": 218159
  },
  "config": {
    "max_depth": 10,
    "min_samples_per_region": 1000,
    "max_samples_per_region": 3000,
    "min_gain": 0.0,
    "gini_weight_mode": "sample",
    "max_split_ratio": 1.0,
    "sampling_risk_focus_alpha": 0.0,
    "sampling_risk_floor": 1e-05,
    "batch_size": 512,
    "disc_phase": "generation",
    "sample_draws": 5000000,
    "random_seed": 2
  }
}