{
  "label": "regionft_a0-DecTree-Adult-race-d5000000",
  "repeat": 2,
  "method": "regionft_a0",
  "model": "DecTree",
  "dataset": "Adult",
  "protected": "race",
  "runtime": 7200,
  "no_disc": 77759,
  "no_test": 5583069,
  "prec": 0.013927644455047931,
  "cpu_time": 146.91499636899994,
  "real_time": 146.9150321483612,
  "partition": {
    "cpu_time": 31.727548256999967,
    "real_time": 31.728535890579224,
    "no_test": 583069,
    "no_disc": 57546,
    "n_regions": 281
  },
  "generation": {
    "cpu_time": 115.18744811199997,
    "real_time": 115.18649625778198,
    "no_test": 5000000,
    "no_disc": 20213
  },
  "config": {
    "max_depth": 10,
    "min_samples_per_region": 1000,
    "max_samples_per_region": 3000,
    "min_gain": 0.0,
    "gini_weight_mode": "sample",
    "max_split_ratio": 1.0,
    "sampling_risk_focus_alpha": 0.0,
    "sampling_risk_floor": 1e-05,
    "batch_size": 512,
    "disc_phase": "generation",
    "sample_draws": 5000000,
    "random_seed": 2
  }
}