{
  "label": "regionft_a0-MLP-Adult-race-d5000000",
  "repeat": 1,
  "method": "regionft_a0",
  "model": "MLP",
  "dataset": "Adult",
  "protected": "race",
  "runtime": 7200,
  "no_disc": 330559,
  "no_test": 7130185,
  "prec": 0.0463605081775578,
  "cpu_time": 312.49653809999995,
  "real_time": 312.50085616111755,
  "partition": {
    "cpu_time": 134.69278040299992,
    "real_time": 134.6959764957428,
    "no_test": 2130185,
    "no_disc": 213678,
    "n_regions": 1009
  },
  "generation": {
    "cpu_time": 177.80375769700004,
    "real_time": 177.80487966537476,
    "no_test": 5000000,
    "no_disc": 116881
  },
  "config": {
    "max_depth": 10,
    "min_samples_per_region": 1000,
    "max_samples_per_region": 3000,
    "min_gain": 0.0,
    "gini_weight_mode": "sample",
    "max_split_ratio": 1.0,
    "sampling_risk_focus_alpha": 0.0,
    "sampling_risk_floor": 1e-05,
    "batch_size": 512,
    "disc_phase": "generation",
    "sample_draws": 5000000,
    "random_seed": 1
  }
}