{
  "label": "regionft_a0-GBDT-Bank-age-d5000000",
  "repeat": 1,
  "method": "regionft_a0",
  "model": "GBDT",
  "dataset": "Bank",
  "protected": "age",
  "runtime": 7200,
  "no_disc": 1674727,
  "no_test": 7056941,
  "prec": 0.23731628194142476,
  "cpu_time": 466.65423321799994,
  "real_time": 466.6604948043823,
  "partition": {
    "cpu_time": 198.16033121200007,
    "real_time": 198.1667938232422,
    "no_test": 2056941,
    "no_disc": 511718,
    "n_regions": 952
  },
  "generation": {
    "cpu_time": 268.49390200599987,
    "real_time": 268.49370098114014,
    "no_test": 5000000,
    "no_disc": 1163009
  },
  "config": {
    "max_depth": 10,
    "min_samples_per_region": 1000,
    "max_samples_per_region": 3000,
    "min_gain": 0.0,
    "gini_weight_mode": "sample",
    "max_split_ratio": 1.0,
    "sampling_risk_focus_alpha": 0.0,
    "sampling_risk_floor": 1e-05,
    "batch_size": 512,
    "disc_phase": "generation",
    "sample_draws": 5000000,
    "random_seed": 1
  }
}