{
  "label": "regionft_a0-MLP-Lsac-sex-d5000000",
  "repeat": 1,
  "method": "regionft_a0",
  "model": "MLP",
  "dataset": "Lsac",
  "protected": "sex",
  "runtime": 7200,
  "no_disc": 158652,
  "no_test": 7153056,
  "prec": 0.02217961106413818,
  "cpu_time": 184.95777451699996,
  "real_time": 184.97407126426697,
  "partition": {
    "cpu_time": 114.02647973000012,
    "real_time": 114.03940320014954,
    "no_test": 2153056,
    "no_disc": 71491,
    "n_regions": 1016
  },
  "generation": {
    "cpu_time": 70.93129478699984,
    "real_time": 70.93466806411743,
    "no_test": 5000000,
    "no_disc": 87161
  },
  "config": {
    "max_depth": 10,
    "min_samples_per_region": 1000,
    "max_samples_per_region": 3000,
    "min_gain": 0.0,
    "gini_weight_mode": "sample",
    "max_split_ratio": 1.0,
    "sampling_risk_focus_alpha": 0.0,
    "sampling_risk_floor": 1e-05,
    "batch_size": 512,
    "disc_phase": "generation",
    "sample_draws": 5000000,
    "random_seed": 1
  }
}