{
  "label": "regionft_a0-MLP-Adult-sex-d5000000",
  "repeat": 0,
  "method": "regionft_a0",
  "model": "MLP",
  "dataset": "Adult",
  "protected": "sex",
  "runtime": 7200,
  "no_disc": 108692,
  "no_test": 6992739,
  "prec": 0.015543551675530861,
  "cpu_time": 183.60295567800017,
  "real_time": 183.60921001434326,
  "partition": {
    "cpu_time": 92.71900283600007,
    "real_time": 92.72414779663086,
    "no_test": 1992739,
    "no_disc": 66042,
    "n_regions": 946
  },
  "generation": {
    "cpu_time": 90.8839528420001,
    "real_time": 90.8850622177124,
    "no_test": 5000000,
    "no_disc": 42650
  },
  "config": {
    "max_depth": 10,
    "min_samples_per_region": 1000,
    "max_samples_per_region": 3000,
    "min_gain": 0.0,
    "gini_weight_mode": "sample",
    "max_split_ratio": 1.0,
    "sampling_risk_focus_alpha": 0.0,
    "sampling_risk_floor": 1e-05,
    "batch_size": 512,
    "disc_phase": "generation",
    "sample_draws": 5000000,
    "random_seed": 0
  }
}