{
  "label": "regionft_a0-MLP-Adult-age-d5000000",
  "repeat": 1,
  "method": "regionft_a0",
  "model": "MLP",
  "dataset": "Adult",
  "protected": "age",
  "runtime": 7200,
  "no_disc": 1273781,
  "no_test": 7195808,
  "prec": 0.17701709106190716,
  "cpu_time": 519.6081086759999,
  "real_time": 519.6303925514221,
  "partition": {
    "cpu_time": 200.345493107,
    "real_time": 200.3612003326416,
    "no_test": 2195808,
    "no_disc": 604947,
    "n_regions": 1023
  },
  "generation": {
    "cpu_time": 319.2626155689999,
    "real_time": 319.2691922187805,
    "no_test": 5000000,
    "no_disc": 668834
  },
  "config": {
    "max_depth": 10,
    "min_samples_per_region": 1000,
    "max_samples_per_region": 3000,
    "min_gain": 0.0,
    "gini_weight_mode": "sample",
    "max_split_ratio": 1.0,
    "sampling_risk_focus_alpha": 0.0,
    "sampling_risk_floor": 1e-05,
    "batch_size": 512,
    "disc_phase": "generation",
    "sample_draws": 5000000,
    "random_seed": 1
  }
}