{
  "label": "regionft_a0-LogReg-Bank-age-d5000000",
  "repeat": 4,
  "method": "regionft_a0",
  "model": "LogReg",
  "dataset": "Bank",
  "protected": "age",
  "runtime": 7200,
  "no_disc": 163347,
  "no_test": 6696641,
  "prec": 0.024392378208716876,
  "cpu_time": 338.03972832499994,
  "real_time": 338.04564476013184,
  "partition": {
    "cpu_time": 132.21990702999983,
    "real_time": 132.22465229034424,
    "no_test": 1696641,
    "no_disc": 108061,
    "n_regions": 805
  },
  "generation": {
    "cpu_time": 205.8198212950001,
    "real_time": 205.8209924697876,
    "no_test": 5000000,
    "no_disc": 55286
  },
  "config": {
    "max_depth": 10,
    "min_samples_per_region": 1000,
    "max_samples_per_region": 3000,
    "min_gain": 0.0,
    "gini_weight_mode": "sample",
    "max_split_ratio": 1.0,
    "sampling_risk_focus_alpha": 0.0,
    "sampling_risk_floor": 1e-05,
    "batch_size": 512,
    "disc_phase": "generation",
    "sample_draws": 5000000,
    "random_seed": 4
  }
}