{
  "label": "regionft_a0-GBDT-Credit-sex-d5000000",
  "repeat": 3,
  "method": "regionft_a0",
  "model": "GBDT",
  "dataset": "Credit",
  "protected": "sex",
  "runtime": 7200,
  "no_disc": 148296,
  "no_test": 6729751,
  "prec": 0.022035882159681688,
  "cpu_time": 164.25235900399997,
  "real_time": 164.25946617126465,
  "partition": {
    "cpu_time": 74.39328664499999,
    "real_time": 74.3998453617096,
    "no_test": 1729751,
    "no_disc": 96528,
    "n_regions": 823
  },
  "generation": {
    "cpu_time": 89.85907235899998,
    "real_time": 89.85962080955505,
    "no_test": 5000000,
    "no_disc": 51768
  },
  "config": {
    "max_depth": 10,
    "min_samples_per_region": 1000,
    "max_samples_per_region": 3000,
    "min_gain": 0.0,
    "gini_weight_mode": "sample",
    "max_split_ratio": 1.0,
    "sampling_risk_focus_alpha": 0.0,
    "sampling_risk_floor": 1e-05,
    "batch_size": 512,
    "disc_phase": "generation",
    "sample_draws": 5000000,
    "random_seed": 3
  }
}