{
  "label": "regionft_a0-LogReg-Credit-sex-d5000000",
  "repeat": 3,
  "method": "regionft_a0",
  "model": "LogReg",
  "dataset": "Credit",
  "protected": "sex",
  "runtime": 7200,
  "no_disc": 384184,
  "no_test": 7144930,
  "prec": 0.0537701559007576,
  "cpu_time": 172.56403590800005,
  "real_time": 172.5665900707245,
  "partition": {
    "cpu_time": 96.12893383699998,
    "real_time": 96.13110566139221,
    "no_test": 2144930,
    "no_disc": 128348,
    "n_regions": 994
  },
  "generation": {
    "cpu_time": 76.43510207100007,
    "real_time": 76.43548440933228,
    "no_test": 5000000,
    "no_disc": 255836
  },
  "config": {
    "max_depth": 10,
    "min_samples_per_region": 1000,
    "max_samples_per_region": 3000,
    "min_gain": 0.0,
    "gini_weight_mode": "sample",
    "max_split_ratio": 1.0,
    "sampling_risk_focus_alpha": 0.0,
    "sampling_risk_floor": 1e-05,
    "batch_size": 512,
    "disc_phase": "generation",
    "sample_draws": 5000000,
    "random_seed": 3
  }
}