{
  "label": "regionft_a0-MLP-Credit-sex-d5000000",
  "repeat": 2,
  "method": "regionft_a0",
  "model": "MLP",
  "dataset": "Credit",
  "protected": "sex",
  "runtime": 7200,
  "no_disc": 354708,
  "no_test": 7071481,
  "prec": 0.05016035537675913,
  "cpu_time": 171.1947992119999,
  "real_time": 171.19840049743652,
  "partition": {
    "cpu_time": 86.37972628200009,
    "real_time": 86.38279509544373,
    "no_test": 2071481,
    "no_disc": 128340,
    "n_regions": 967
  },
  "generation": {
    "cpu_time": 84.81507292999981,
    "real_time": 84.8156054019928,
    "no_test": 5000000,
    "no_disc": 226368
  },
  "config": {
    "max_depth": 10,
    "min_samples_per_region": 1000,
    "max_samples_per_region": 3000,
    "min_gain": 0.0,
    "gini_weight_mode": "sample",
    "max_split_ratio": 1.0,
    "sampling_risk_focus_alpha": 0.0,
    "sampling_risk_floor": 1e-05,
    "batch_size": 512,
    "disc_phase": "generation",
    "sample_draws": 5000000,
    "random_seed": 2
  }
}