{
  "label": "regionft_a0-LogReg-Adult-sex-d5000000",
  "repeat": 1,
  "method": "regionft_a0",
  "model": "LogReg",
  "dataset": "Adult",
  "protected": "sex",
  "runtime": 7200,
  "no_disc": 84600,
  "no_test": 6047497,
  "prec": 0.013989258696614484,
  "cpu_time": 108.66988563399991,
  "real_time": 108.67138123512268,
  "partition": {
    "cpu_time": 45.46092341899998,
    "real_time": 45.462021350860596,
    "no_test": 1047497,
    "no_disc": 54529,
    "n_regions": 504
  },
  "generation": {
    "cpu_time": 63.20896221499993,
    "real_time": 63.209359884262085,
    "no_test": 5000000,
    "no_disc": 30071
  },
  "config": {
    "max_depth": 10,
    "min_samples_per_region": 1000,
    "max_samples_per_region": 3000,
    "min_gain": 0.0,
    "gini_weight_mode": "sample",
    "max_split_ratio": 1.0,
    "sampling_risk_focus_alpha": 0.0,
    "sampling_risk_floor": 1e-05,
    "batch_size": 512,
    "disc_phase": "generation",
    "sample_draws": 5000000,
    "random_seed": 1
  }
}