{
  "label": "regionft_a0-MLP-Bank-age-d5000000",
  "repeat": 2,
  "method": "regionft_a0",
  "model": "MLP",
  "dataset": "Bank",
  "protected": "age",
  "runtime": 7200,
  "no_disc": 895453,
  "no_test": 7113917,
  "prec": 0.12587341123040935,
  "cpu_time": 491.42620614099997,
  "real_time": 491.43076753616333,
  "partition": {
    "cpu_time": 191.19005704699998,
    "real_time": 191.192724943161,
    "no_test": 2113917,
    "no_disc": 345316,
    "n_regions": 980
  },
  "generation": {
    "cpu_time": 300.236149094,
    "real_time": 300.2380425930023,
    "no_test": 5000000,
    "no_disc": 550137
  },
  "config": {
    "max_depth": 10,
    "min_samples_per_region": 1000,
    "max_samples_per_region": 3000,
    "min_gain": 0.0,
    "gini_weight_mode": "sample",
    "max_split_ratio": 1.0,
    "sampling_risk_focus_alpha": 0.0,
    "sampling_risk_floor": 1e-05,
    "batch_size": 512,
    "disc_phase": "generation",
    "sample_draws": 5000000,
    "random_seed": 2
  }
}