{
  "label": "regionft_a0-MLP-Credit-age-d5000000",
  "repeat": 0,
  "method": "regionft_a0",
  "model": "MLP",
  "dataset": "Credit",
  "protected": "age",
  "runtime": 7200,
  "no_disc": 646309,
  "no_test": 7125052,
  "prec": 0.09070937306843516,
  "cpu_time": 352.30545360099995,
  "real_time": 352.31153106689453,
  "partition": {
    "cpu_time": 142.95968877799987,
    "real_time": 142.96320343017578,
    "no_test": 2125052,
    "no_disc": 223084,
    "n_regions": 988
  },
  "generation": {
    "cpu_time": 209.34576482300008,
    "real_time": 209.34832763671875,
    "no_test": 5000000,
    "no_disc": 423225
  },
  "config": {
    "max_depth": 10,
    "min_samples_per_region": 1000,
    "max_samples_per_region": 3000,
    "min_gain": 0.0,
    "gini_weight_mode": "sample",
    "max_split_ratio": 1.0,
    "sampling_risk_focus_alpha": 0.0,
    "sampling_risk_floor": 1e-05,
    "batch_size": 512,
    "disc_phase": "generation",
    "sample_draws": 5000000,
    "random_seed": 0
  }
}