{
  "label": "regionft_a0-DecTree-Lsac-sex-d5000000",
  "repeat": 3,
  "method": "regionft_a0",
  "model": "DecTree",
  "dataset": "Lsac",
  "protected": "sex",
  "runtime": 7200,
  "no_disc": 445838,
  "no_test": 6136775,
  "prec": 0.07265021122658073,
  "cpu_time": 141.0059752860002,
  "real_time": 141.00934839248657,
  "partition": {
    "cpu_time": 72.66637607500024,
    "real_time": 72.66923642158508,
    "no_test": 1136775,
    "no_disc": 146286,
    "n_regions": 527
  },
  "generation": {
    "cpu_time": 68.33959921099995,
    "real_time": 68.34011197090149,
    "no_test": 5000000,
    "no_disc": 299552
  },
  "config": {
    "max_depth": 10,
    "min_samples_per_region": 1000,
    "max_samples_per_region": 3000,
    "min_gain": 0.0,
    "gini_weight_mode": "sample",
    "max_split_ratio": 1.0,
    "sampling_risk_focus_alpha": 0.0,
    "sampling_risk_floor": 1e-05,
    "batch_size": 512,
    "disc_phase": "generation",
    "sample_draws": 5000000,
    "random_seed": 3
  }
}