{
  "label": "regionft_a0-MLP-Adult-race-d5000000",
  "repeat": 0,
  "method": "regionft_a0",
  "model": "MLP",
  "dataset": "Adult",
  "protected": "race",
  "runtime": 7200,
  "no_disc": 273128,
  "no_test": 7167016,
  "prec": 0.03810902612747062,
  "cpu_time": 321.7523120750002,
  "real_time": 321.7566866874695,
  "partition": {
    "cpu_time": 141.09550237400003,
    "real_time": 141.09890985488892,
    "no_test": 2167016,
    "no_disc": 156124,
    "n_regions": 1020
  },
  "generation": {
    "cpu_time": 180.65680970100016,
    "real_time": 180.65777683258057,
    "no_test": 5000000,
    "no_disc": 117004
  },
  "config": {
    "max_depth": 10,
    "min_samples_per_region": 1000,
    "max_samples_per_region": 3000,
    "min_gain": 0.0,
    "gini_weight_mode": "sample",
    "max_split_ratio": 1.0,
    "sampling_risk_focus_alpha": 0.0,
    "sampling_risk_floor": 1e-05,
    "batch_size": 512,
    "disc_phase": "generation",
    "sample_draws": 5000000,
    "random_seed": 0
  }
}