{
  "label": "regionft_a0-MLP-Lsac-sex-d5000000",
  "repeat": 3,
  "method": "regionft_a0",
  "model": "MLP",
  "dataset": "Lsac",
  "protected": "sex",
  "runtime": 7200,
  "no_disc": 157236,
  "no_test": 7089251,
  "prec": 0.02217949399732073,
  "cpu_time": 181.9095451799999,
  "real_time": 181.92195963859558,
  "partition": {
    "cpu_time": 111.43790541199996,
    "real_time": 111.45012283325195,
    "no_test": 2089251,
    "no_disc": 69876,
    "n_regions": 981
  },
  "generation": {
    "cpu_time": 70.47163976799993,
    "real_time": 70.47183680534363,
    "no_test": 5000000,
    "no_disc": 87360
  },
  "config": {
    "max_depth": 10,
    "min_samples_per_region": 1000,
    "max_samples_per_region": 3000,
    "min_gain": 0.0,
    "gini_weight_mode": "sample",
    "max_split_ratio": 1.0,
    "sampling_risk_focus_alpha": 0.0,
    "sampling_risk_floor": 1e-05,
    "batch_size": 512,
    "disc_phase": "generation",
    "sample_draws": 5000000,
    "random_seed": 3
  }
}