{
  "label": "regionft_a0-LogReg-Credit-age-d5000000",
  "repeat": 4,
  "method": "regionft_a0",
  "model": "LogReg",
  "dataset": "Credit",
  "protected": "age",
  "runtime": 7200,
  "no_disc": 916207,
  "no_test": 7194141,
  "prec": 0.1273546070336959,
  "cpu_time": 330.8355498179999,
  "real_time": 330.84205532073975,
  "partition": {
    "cpu_time": 146.49259231399992,
    "real_time": 146.49753546714783,
    "no_test": 2194141,
    "no_disc": 315650,
    "n_regions": 1012
  },
  "generation": {
    "cpu_time": 184.34295750399997,
    "real_time": 184.34451985359192,
    "no_test": 5000000,
    "no_disc": 600557
  },
  "config": {
    "max_depth": 10,
    "min_samples_per_region": 1000,
    "max_samples_per_region": 3000,
    "min_gain": 0.0,
    "gini_weight_mode": "sample",
    "max_split_ratio": 1.0,
    "sampling_risk_focus_alpha": 0.0,
    "sampling_risk_floor": 1e-05,
    "batch_size": 512,
    "disc_phase": "generation",
    "sample_draws": 5000000,
    "random_seed": 4
  }
}