{
  "label": "regionft_a0-LogReg-Adult-race-d5000000",
  "repeat": 2,
  "method": "regionft_a0",
  "model": "LogReg",
  "dataset": "Adult",
  "protected": "race",
  "runtime": 7200,
  "no_disc": 99424,
  "no_test": 6035149,
  "prec": 0.016474158301642595,
  "cpu_time": 171.10957250299998,
  "real_time": 171.11398601531982,
  "partition": {
    "cpu_time": 55.35339374899968,
    "real_time": 55.35532546043396,
    "no_test": 1035149,
    "no_disc": 63192,
    "n_regions": 495
  },
  "generation": {
    "cpu_time": 115.7561787540003,
    "real_time": 115.75866055488586,
    "no_test": 5000000,
    "no_disc": 36232
  },
  "config": {
    "max_depth": 10,
    "min_samples_per_region": 1000,
    "max_samples_per_region": 3000,
    "min_gain": 0.0,
    "gini_weight_mode": "sample",
    "max_split_ratio": 1.0,
    "sampling_risk_focus_alpha": 0.0,
    "sampling_risk_floor": 1e-05,
    "batch_size": 512,
    "disc_phase": "generation",
    "sample_draws": 5000000,
    "random_seed": 2
  }
}