{
  "label": "regionft_a0-LogReg-Credit-sex-d5000000",
  "repeat": 0,
  "method": "regionft_a0",
  "model": "LogReg",
  "dataset": "Credit",
  "protected": "sex",
  "runtime": 7200,
  "no_disc": 379265,
  "no_test": 7154909,
  "prec": 0.05300766229172167,
  "cpu_time": 167.09094090100007,
  "real_time": 167.095627784729,
  "partition": {
    "cpu_time": 90.55048425400014,
    "real_time": 90.55504202842712,
    "no_test": 2154909,
    "no_disc": 123993,
    "n_regions": 1002
  },
  "generation": {
    "cpu_time": 76.54045664699993,
    "real_time": 76.54058575630188,
    "no_test": 5000000,
    "no_disc": 255272
  },
  "config": {
    "max_depth": 10,
    "min_samples_per_region": 1000,
    "max_samples_per_region": 3000,
    "min_gain": 0.0,
    "gini_weight_mode": "sample",
    "max_split_ratio": 1.0,
    "sampling_risk_focus_alpha": 0.0,
    "sampling_risk_floor": 1e-05,
    "batch_size": 512,
    "disc_phase": "generation",
    "sample_draws": 5000000,
    "random_seed": 0
  }
}