{
  "label": "regionft_a0-GBDT-Adult-age-d5000000",
  "repeat": 4,
  "method": "regionft_a0",
  "model": "GBDT",
  "dataset": "Adult",
  "protected": "age",
  "runtime": 7200,
  "no_disc": 2585300,
  "no_test": 6955252,
  "prec": 0.37170472040409175,
  "cpu_time": 439.238171005,
  "real_time": 439.2495539188385,
  "partition": {
    "cpu_time": 169.85394846099996,
    "real_time": 169.86374735832214,
    "no_test": 1955252,
    "no_disc": 634113,
    "n_regions": 918
  },
  "generation": {
    "cpu_time": 269.38422254400007,
    "real_time": 269.38580656051636,
    "no_test": 5000000,
    "no_disc": 1951187
  },
  "config": {
    "max_depth": 10,
    "min_samples_per_region": 1000,
    "max_samples_per_region": 3000,
    "min_gain": 0.0,
    "gini_weight_mode": "sample",
    "max_split_ratio": 1.0,
    "sampling_risk_focus_alpha": 0.0,
    "sampling_risk_floor": 1e-05,
    "batch_size": 512,
    "disc_phase": "generation",
    "sample_draws": 5000000,
    "random_seed": 4
  }
}