{
  "label": "regionft_a0-LogReg-Lsac-race-d5000000",
  "repeat": 0,
  "method": "regionft_a0",
  "model": "LogReg",
  "dataset": "Lsac",
  "protected": "race",
  "runtime": 7200,
  "no_disc": 432536,
  "no_test": 7095987,
  "prec": 0.0609550158420527,
  "cpu_time": 206.26827613599997,
  "real_time": 206.28585386276245,
  "partition": {
    "cpu_time": 122.45171596999998,
    "real_time": 122.46876621246338,
    "no_test": 2095987,
    "no_disc": 198780,
    "n_regions": 980
  },
  "generation": {
    "cpu_time": 83.81656016599999,
    "real_time": 83.81708765029907,
    "no_test": 5000000,
    "no_disc": 233756
  },
  "config": {
    "max_depth": 10,
    "min_samples_per_region": 1000,
    "max_samples_per_region": 3000,
    "min_gain": 0.0,
    "gini_weight_mode": "sample",
    "max_split_ratio": 1.0,
    "sampling_risk_focus_alpha": 0.0,
    "sampling_risk_floor": 1e-05,
    "batch_size": 512,
    "disc_phase": "generation",
    "sample_draws": 5000000,
    "random_seed": 0
  }
}