{
  "label": "regionft_a0-LogReg-Adult-race-d5000000",
  "repeat": 4,
  "method": "regionft_a0",
  "model": "LogReg",
  "dataset": "Adult",
  "protected": "race",
  "runtime": 7200,
  "no_disc": 134419,
  "no_test": 6569582,
  "prec": 0.02046081470632378,
  "cpu_time": 201.67934138399983,
  "real_time": 201.68373608589172,
  "partition": {
    "cpu_time": 82.66986374199996,
    "real_time": 82.67324876785278,
    "no_test": 1569582,
    "no_disc": 97658,
    "n_regions": 755
  },
  "generation": {
    "cpu_time": 119.00947764199987,
    "real_time": 119.01048731803894,
    "no_test": 5000000,
    "no_disc": 36761
  },
  "config": {
    "max_depth": 10,
    "min_samples_per_region": 1000,
    "max_samples_per_region": 3000,
    "min_gain": 0.0,
    "gini_weight_mode": "sample",
    "max_split_ratio": 1.0,
    "sampling_risk_focus_alpha": 0.0,
    "sampling_risk_floor": 1e-05,
    "batch_size": 512,
    "disc_phase": "generation",
    "sample_draws": 5000000,
    "random_seed": 4
  }
}