{
  "label": "regionft_a0-MLP-Credit-sex-d5000000",
  "repeat": 1,
  "method": "regionft_a0",
  "model": "MLP",
  "dataset": "Credit",
  "protected": "sex",
  "runtime": 7200,
  "no_disc": 356852,
  "no_test": 6883365,
  "prec": 0.051842667067633345,
  "cpu_time": 169.08682158400006,
  "real_time": 169.09605026245117,
  "partition": {
    "cpu_time": 85.22826853900006,
    "real_time": 85.23558974266052,
    "no_test": 1883365,
    "no_disc": 129926,
    "n_regions": 878
  },
  "generation": {
    "cpu_time": 83.85855304500001,
    "real_time": 83.86046051979065,
    "no_test": 5000000,
    "no_disc": 226926
  },
  "config": {
    "max_depth": 10,
    "min_samples_per_region": 1000,
    "max_samples_per_region": 3000,
    "min_gain": 0.0,
    "gini_weight_mode": "sample",
    "max_split_ratio": 1.0,
    "sampling_risk_focus_alpha": 0.0,
    "sampling_risk_floor": 1e-05,
    "batch_size": 512,
    "disc_phase": "generation",
    "sample_draws": 5000000,
    "random_seed": 1
  }
}