{
  "label": "regionft_a0-GBDT-Adult-sex-d5000000",
  "repeat": 2,
  "method": "regionft_a0",
  "model": "GBDT",
  "dataset": "Adult",
  "protected": "sex",
  "runtime": 7200,
  "no_disc": 221123,
  "no_test": 6833770,
  "prec": 0.03235739569812856,
  "cpu_time": 176.60152632700002,
  "real_time": 176.6061692237854,
  "partition": {
    "cpu_time": 94.35813714599996,
    "real_time": 94.36219477653503,
    "no_test": 1833770,
    "no_disc": 153798,
    "n_regions": 880
  },
  "generation": {
    "cpu_time": 82.24338918100005,
    "real_time": 82.24397444725037,
    "no_test": 5000000,
    "no_disc": 67325
  },
  "config": {
    "max_depth": 10,
    "min_samples_per_region": 1000,
    "max_samples_per_region": 3000,
    "min_gain": 0.0,
    "gini_weight_mode": "sample",
    "max_split_ratio": 1.0,
    "sampling_risk_focus_alpha": 0.0,
    "sampling_risk_floor": 1e-05,
    "batch_size": 512,
    "disc_phase": "generation",
    "sample_draws": 5000000,
    "random_seed": 2
  }
}