{
  "label": "regionft_a0-MLP-Lsac-sex-d5000000",
  "repeat": 4,
  "method": "regionft_a0",
  "model": "MLP",
  "dataset": "Lsac",
  "protected": "sex",
  "runtime": 7200,
  "no_disc": 143074,
  "no_test": 7116821,
  "prec": 0.020103638970264955,
  "cpu_time": 184.29648271399992,
  "real_time": 184.30126667022705,
  "partition": {
    "cpu_time": 112.98276107099991,
    "real_time": 112.98519825935364,
    "no_test": 2116821,
    "no_disc": 56363,
    "n_regions": 993
  },
  "generation": {
    "cpu_time": 71.31372164300001,
    "real_time": 71.31606841087341,
    "no_test": 5000000,
    "no_disc": 86711
  },
  "config": {
    "max_depth": 10,
    "min_samples_per_region": 1000,
    "max_samples_per_region": 3000,
    "min_gain": 0.0,
    "gini_weight_mode": "sample",
    "max_split_ratio": 1.0,
    "sampling_risk_focus_alpha": 0.0,
    "sampling_risk_floor": 1e-05,
    "batch_size": 512,
    "disc_phase": "generation",
    "sample_draws": 5000000,
    "random_seed": 4
  }
}