{
  "label": "regionft_a0-LogReg-Lsac-sex-d5000000",
  "repeat": 1,
  "method": "regionft_a0",
  "model": "LogReg",
  "dataset": "Lsac",
  "protected": "sex",
  "runtime": 7200,
  "no_disc": 125144,
  "no_test": 6757456,
  "prec": 0.01851939546480214,
  "cpu_time": 153.40008369499992,
  "real_time": 153.40410804748535,
  "partition": {
    "cpu_time": 91.23843296699988,
    "real_time": 91.24241995811462,
    "no_test": 1757456,
    "no_disc": 53613,
    "n_regions": 835
  },
  "generation": {
    "cpu_time": 62.16165072800004,
    "real_time": 62.16168808937073,
    "no_test": 5000000,
    "no_disc": 71531
  },
  "config": {
    "max_depth": 10,
    "min_samples_per_region": 1000,
    "max_samples_per_region": 3000,
    "min_gain": 0.0,
    "gini_weight_mode": "sample",
    "max_split_ratio": 1.0,
    "sampling_risk_focus_alpha": 0.0,
    "sampling_risk_floor": 1e-05,
    "batch_size": 512,
    "disc_phase": "generation",
    "sample_draws": 5000000,
    "random_seed": 1
  }
}