{
  "label": "regionft_a0-LogReg-Credit-age-d5000000",
  "repeat": 2,
  "method": "regionft_a0",
  "model": "LogReg",
  "dataset": "Credit",
  "protected": "age",
  "runtime": 7200,
  "no_disc": 907042,
  "no_test": 7216904,
  "prec": 0.12568297984842253,
  "cpu_time": 324.66071086500006,
  "real_time": 324.66812896728516,
  "partition": {
    "cpu_time": 146.23758501800012,
    "real_time": 146.24444341659546,
    "no_test": 2216904,
    "no_disc": 307193,
    "n_regions": 1022
  },
  "generation": {
    "cpu_time": 178.42312584699994,
    "real_time": 178.4236855506897,
    "no_test": 5000000,
    "no_disc": 599849
  },
  "config": {
    "max_depth": 10,
    "min_samples_per_region": 1000,
    "max_samples_per_region": 3000,
    "min_gain": 0.0,
    "gini_weight_mode": "sample",
    "max_split_ratio": 1.0,
    "sampling_risk_focus_alpha": 0.0,
    "sampling_risk_floor": 1e-05,
    "batch_size": 512,
    "disc_phase": "generation",
    "sample_draws": 5000000,
    "random_seed": 2
  }
}