{
  "label": "regionft_d4-LogReg-Bank-age-d5000000",
  "repeat": 4,
  "method": "regionft_d4",
  "model": "LogReg",
  "dataset": "Bank",
  "protected": "age",
  "runtime": 7200,
  "no_disc": 292798,
  "no_test": 5049280,
  "prec": 0.05798806958615882,
  "cpu_time": 217.64201017799996,
  "real_time": 217.64972066879272,
  "partition": {
    "cpu_time": 3.7144897990000345,
    "real_time": 3.715198516845703,
    "no_test": 49280,
    "no_disc": 1648,
    "n_regions": 16
  },
  "generation": {
    "cpu_time": 213.92752037899993,
    "real_time": 213.93452215194702,
    "no_test": 5000000,
    "no_disc": 291150
  },
  "config": {
    "max_depth": 4,
    "min_samples_per_region": 1000,
    "max_samples_per_region": 3000,
    "min_gain": 0.0,
    "gini_weight_mode": "sample",
    "max_split_ratio": 1.0,
    "sampling_risk_focus_alpha": 1.0,
    "sampling_risk_floor": 1e-05,
    "batch_size": 512,
    "disc_phase": "generation",
    "sample_draws": 5000000,
    "random_seed": 4
  }
}