{
  "label": "regionft_d4-LogReg-Adult-age-d5000000",
  "repeat": 0,
  "method": "regionft_d4",
  "model": "LogReg",
  "dataset": "Adult",
  "protected": "age",
  "runtime": 7200,
  "no_disc": 1560372,
  "no_test": 5047726,
  "prec": 0.30912375196276504,
  "cpu_time": 227.16350591200006,
  "real_time": 227.16577649116516,
  "partition": {
    "cpu_time": 3.7623205689999963,
    "real_time": 3.762937307357788,
    "no_test": 47726,
    "no_disc": 6503,
    "n_regions": 16
  },
  "generation": {
    "cpu_time": 223.40118534300007,
    "real_time": 223.40283918380737,
    "no_test": 5000000,
    "no_disc": 1553869
  },
  "config": {
    "max_depth": 4,
    "min_samples_per_region": 1000,
    "max_samples_per_region": 3000,
    "min_gain": 0.0,
    "gini_weight_mode": "sample",
    "max_split_ratio": 1.0,
    "sampling_risk_focus_alpha": 1.0,
    "sampling_risk_floor": 1e-05,
    "batch_size": 512,
    "disc_phase": "generation",
    "sample_draws": 5000000,
    "random_seed": 0
  }
}