{
  "label": "regionft_d4-GBDT-Credit-age-d5000000",
  "repeat": 3,
  "method": "regionft_d4",
  "model": "GBDT",
  "dataset": "Credit",
  "protected": "age",
  "runtime": 7200,
  "no_disc": 793136,
  "no_test": 5052021,
  "prec": 0.15699380505346278,
  "cpu_time": 217.77101857800005,
  "real_time": 217.77334070205688,
  "partition": {
    "cpu_time": 3.9455928280000307,
    "real_time": 3.9459190368652344,
    "no_test": 52021,
    "no_disc": 6903,
    "n_regions": 16
  },
  "generation": {
    "cpu_time": 213.82542575000002,
    "real_time": 213.82742166519165,
    "no_test": 5000000,
    "no_disc": 786233
  },
  "config": {
    "max_depth": 4,
    "min_samples_per_region": 1000,
    "max_samples_per_region": 3000,
    "min_gain": 0.0,
    "gini_weight_mode": "sample",
    "max_split_ratio": 1.0,
    "sampling_risk_focus_alpha": 1.0,
    "sampling_risk_floor": 1e-05,
    "batch_size": 512,
    "disc_phase": "generation",
    "sample_draws": 5000000,
    "random_seed": 3
  }
}