{
  "label": "regionft_d4-MLP-Credit-age-d5000000",
  "repeat": 1,
  "method": "regionft_d4",
  "model": "MLP",
  "dataset": "Credit",
  "protected": "age",
  "runtime": 7200,
  "no_disc": 949939,
  "no_test": 5051652,
  "prec": 0.188045217683245,
  "cpu_time": 216.52614068000003,
  "real_time": 216.53539562225342,
  "partition": {
    "cpu_time": 3.6815391029999773,
    "real_time": 3.6818130016326904,
    "no_test": 51652,
    "no_disc": 4381,
    "n_regions": 16
  },
  "generation": {
    "cpu_time": 212.84460157700005,
    "real_time": 212.85358262062073,
    "no_test": 5000000,
    "no_disc": 945558
  },
  "config": {
    "max_depth": 4,
    "min_samples_per_region": 1000,
    "max_samples_per_region": 3000,
    "min_gain": 0.0,
    "gini_weight_mode": "sample",
    "max_split_ratio": 1.0,
    "sampling_risk_focus_alpha": 1.0,
    "sampling_risk_floor": 1e-05,
    "batch_size": 512,
    "disc_phase": "generation",
    "sample_draws": 5000000,
    "random_seed": 1
  }
}