{
  "label": "regionft_d4-GBDT-Adult-race-d5000000",
  "repeat": 2,
  "method": "regionft_d4",
  "model": "GBDT",
  "dataset": "Adult",
  "protected": "race",
  "runtime": 7200,
  "no_disc": 200070,
  "no_test": 5048564,
  "prec": 0.03962909056912025,
  "cpu_time": 153.93512723299997,
  "real_time": 153.93947529792786,
  "partition": {
    "cpu_time": 3.4041873079999903,
    "real_time": 3.4042465686798096,
    "no_test": 48564,
    "no_disc": 1091,
    "n_regions": 16
  },
  "generation": {
    "cpu_time": 150.53093992499998,
    "real_time": 150.53522872924805,
    "no_test": 5000000,
    "no_disc": 198979
  },
  "config": {
    "max_depth": 4,
    "min_samples_per_region": 1000,
    "max_samples_per_region": 3000,
    "min_gain": 0.0,
    "gini_weight_mode": "sample",
    "max_split_ratio": 1.0,
    "sampling_risk_focus_alpha": 1.0,
    "sampling_risk_floor": 1e-05,
    "batch_size": 512,
    "disc_phase": "generation",
    "sample_draws": 5000000,
    "random_seed": 2
  }
}