{
  "label": "regionft_d4-DecTree-Adult-age-d5000000",
  "repeat": 1,
  "method": "regionft_d4",
  "model": "DecTree",
  "dataset": "Adult",
  "protected": "age",
  "runtime": 7200,
  "no_disc": 4712128,
  "no_test": 5038758,
  "prec": 0.9351764859514984,
  "cpu_time": 240.43346790600003,
  "real_time": 240.44625854492188,
  "partition": {
    "cpu_time": 3.111963569000011,
    "real_time": 3.1125612258911133,
    "no_test": 38758,
    "no_disc": 20792,
    "n_regions": 12
  },
  "generation": {
    "cpu_time": 237.32150433700002,
    "real_time": 237.33369731903076,
    "no_test": 5000000,
    "no_disc": 4691336
  },
  "config": {
    "max_depth": 4,
    "min_samples_per_region": 1000,
    "max_samples_per_region": 3000,
    "min_gain": 0.0,
    "gini_weight_mode": "sample",
    "max_split_ratio": 1.0,
    "sampling_risk_focus_alpha": 1.0,
    "sampling_risk_floor": 1e-05,
    "batch_size": 512,
    "disc_phase": "generation",
    "sample_draws": 5000000,
    "random_seed": 1
  }
}