{
  "label": "regionft_d4-MLP-Adult-race-d5000000",
  "repeat": 3,
  "method": "regionft_d4",
  "model": "MLP",
  "dataset": "Adult",
  "protected": "race",
  "runtime": 7200,
  "no_disc": 296983,
  "no_test": 5049203,
  "prec": 0.058817797581123196,
  "cpu_time": 180.15923336799995,
  "real_time": 180.16186618804932,
  "partition": {
    "cpu_time": 3.488722425999981,
    "real_time": 3.4892354011535645,
    "no_test": 49203,
    "no_disc": 2557,
    "n_regions": 16
  },
  "generation": {
    "cpu_time": 176.67051094199996,
    "real_time": 176.67263078689575,
    "no_test": 5000000,
    "no_disc": 294426
  },
  "config": {
    "max_depth": 4,
    "min_samples_per_region": 1000,
    "max_samples_per_region": 3000,
    "min_gain": 0.0,
    "gini_weight_mode": "sample",
    "max_split_ratio": 1.0,
    "sampling_risk_focus_alpha": 1.0,
    "sampling_risk_floor": 1e-05,
    "batch_size": 512,
    "disc_phase": "generation",
    "sample_draws": 5000000,
    "random_seed": 3
  }
}