{
  "label": "regionft_d4-GBDT-Lsac-race-d5000000",
  "repeat": 3,
  "method": "regionft_d4",
  "model": "GBDT",
  "dataset": "Lsac",
  "protected": "race",
  "runtime": 7200,
  "no_disc": 875000,
  "no_test": 5051583,
  "prec": 0.17321303045005892,
  "cpu_time": 109.02018889800001,
  "real_time": 109.02133059501648,
  "partition": {
    "cpu_time": 4.176868538999997,
    "real_time": 4.1775078773498535,
    "no_test": 51583,
    "no_disc": 6714,
    "n_regions": 16
  },
  "generation": {
    "cpu_time": 104.84332035900002,
    "real_time": 104.84382271766663,
    "no_test": 5000000,
    "no_disc": 868286
  },
  "config": {
    "max_depth": 4,
    "min_samples_per_region": 1000,
    "max_samples_per_region": 3000,
    "min_gain": 0.0,
    "gini_weight_mode": "sample",
    "max_split_ratio": 1.0,
    "sampling_risk_focus_alpha": 1.0,
    "sampling_risk_floor": 1e-05,
    "batch_size": 512,
    "disc_phase": "generation",
    "sample_draws": 5000000,
    "random_seed": 3
  }
}