{
  "label": "regionft_d4-MLP-Bank-age-d5000000",
  "repeat": 3,
  "method": "regionft_d4",
  "model": "MLP",
  "dataset": "Bank",
  "protected": "age",
  "runtime": 7200,
  "no_disc": 1329490,
  "no_test": 5051804,
  "prec": 0.26317133443815316,
  "cpu_time": 304.6081471099999,
  "real_time": 304.6167404651642,
  "partition": {
    "cpu_time": 4.789649127000075,
    "real_time": 4.789780855178833,
    "no_test": 51804,
    "no_disc": 8187,
    "n_regions": 16
  },
  "generation": {
    "cpu_time": 299.8184979829998,
    "real_time": 299.82695960998535,
    "no_test": 5000000,
    "no_disc": 1321303
  },
  "config": {
    "max_depth": 4,
    "min_samples_per_region": 1000,
    "max_samples_per_region": 3000,
    "min_gain": 0.0,
    "gini_weight_mode": "sample",
    "max_split_ratio": 1.0,
    "sampling_risk_focus_alpha": 1.0,
    "sampling_risk_floor": 1e-05,
    "batch_size": 512,
    "disc_phase": "generation",
    "sample_draws": 5000000,
    "random_seed": 3
  }
}