{
  "label": "regionft_d4-MLP-Credit-age-d5000000",
  "repeat": 4,
  "method": "regionft_d4",
  "model": "MLP",
  "dataset": "Credit",
  "protected": "age",
  "runtime": 7200,
  "no_disc": 1004376,
  "no_test": 5052260,
  "prec": 0.19879736988991065,
  "cpu_time": 206.80265151499998,
  "real_time": 206.81220054626465,
  "partition": {
    "cpu_time": 4.176899061999848,
    "real_time": 4.17747163772583,
    "no_test": 52260,
    "no_disc": 5088,
    "n_regions": 16
  },
  "generation": {
    "cpu_time": 202.62575245300013,
    "real_time": 202.63472890853882,
    "no_test": 5000000,
    "no_disc": 999288
  },
  "config": {
    "max_depth": 4,
    "min_samples_per_region": 1000,
    "max_samples_per_region": 3000,
    "min_gain": 0.0,
    "gini_weight_mode": "sample",
    "max_split_ratio": 1.0,
    "sampling_risk_focus_alpha": 1.0,
    "sampling_risk_floor": 1e-05,
    "batch_size": 512,
    "disc_phase": "generation",
    "sample_draws": 5000000,
    "random_seed": 4
  }
}