{
  "label": "regionft_d4-MLP-Bank-age-d5000000",
  "repeat": 2,
  "method": "regionft_d4",
  "model": "MLP",
  "dataset": "Bank",
  "protected": "age",
  "runtime": 7200,
  "no_disc": 1325803,
  "no_test": 5052563,
  "prec": 0.26240207197812276,
  "cpu_time": 306.48676671199996,
  "real_time": 306.4993226528168,
  "partition": {
    "cpu_time": 4.861762610999904,
    "real_time": 4.86318039894104,
    "no_test": 52563,
    "no_disc": 7765,
    "n_regions": 16
  },
  "generation": {
    "cpu_time": 301.62500410100006,
    "real_time": 301.63614225387573,
    "no_test": 5000000,
    "no_disc": 1318038
  },
  "config": {
    "max_depth": 4,
    "min_samples_per_region": 1000,
    "max_samples_per_region": 3000,
    "min_gain": 0.0,
    "gini_weight_mode": "sample",
    "max_split_ratio": 1.0,
    "sampling_risk_focus_alpha": 1.0,
    "sampling_risk_floor": 1e-05,
    "batch_size": 512,
    "disc_phase": "generation",
    "sample_draws": 5000000,
    "random_seed": 2
  }
}