{
  "label": "regionft_d4-MLP-Adult-age-d5000000",
  "repeat": 4,
  "method": "regionft_d4",
  "model": "MLP",
  "dataset": "Adult",
  "protected": "age",
  "runtime": 7200,
  "no_disc": 1694056,
  "no_test": 5050919,
  "prec": 0.33539559830597165,
  "cpu_time": 317.07083818700005,
  "real_time": 317.09044098854065,
  "partition": {
    "cpu_time": 5.020717702000013,
    "real_time": 5.020846843719482,
    "no_test": 50919,
    "no_disc": 11268,
    "n_regions": 16
  },
  "generation": {
    "cpu_time": 312.05012048500004,
    "real_time": 312.06959414482117,
    "no_test": 5000000,
    "no_disc": 1682788
  },
  "config": {
    "max_depth": 4,
    "min_samples_per_region": 1000,
    "max_samples_per_region": 3000,
    "min_gain": 0.0,
    "gini_weight_mode": "sample",
    "max_split_ratio": 1.0,
    "sampling_risk_focus_alpha": 1.0,
    "sampling_risk_floor": 1e-05,
    "batch_size": 512,
    "disc_phase": "generation",
    "sample_draws": 5000000,
    "random_seed": 4
  }
}