{
  "label": "regionft_d4-LogReg-Adult-age-d5000000",
  "repeat": 4,
  "method": "regionft_d4",
  "model": "LogReg",
  "dataset": "Adult",
  "protected": "age",
  "runtime": 7200,
  "no_disc": 1653969,
  "no_test": 5043899,
  "prec": 0.3279147738683903,
  "cpu_time": 229.05334240899998,
  "real_time": 229.06746435165405,
  "partition": {
    "cpu_time": 3.6273602159999996,
    "real_time": 3.6277284622192383,
    "no_test": 43899,
    "no_disc": 6413,
    "n_regions": 15
  },
  "generation": {
    "cpu_time": 225.42598219299998,
    "real_time": 225.43973588943481,
    "no_test": 5000000,
    "no_disc": 1647556
  },
  "config": {
    "max_depth": 4,
    "min_samples_per_region": 1000,
    "max_samples_per_region": 3000,
    "min_gain": 0.0,
    "gini_weight_mode": "sample",
    "max_split_ratio": 1.0,
    "sampling_risk_focus_alpha": 1.0,
    "sampling_risk_floor": 1e-05,
    "batch_size": 512,
    "disc_phase": "generation",
    "sample_draws": 5000000,
    "random_seed": 4
  }
}