{
  "label": "regionft-GBDT-Credit-sex-1200",
  "repeat": 1,
  "method": "regionft",
  "model": "GBDT",
  "dataset": "Credit",
  "protected": "sex",
  "runtime": 1200,
  "no_disc": 7440300,
  "no_test": 62147211,
  "prec": 0.11972057764587377,
  "cpu_time": 1200.000235077,
  "real_time": 1200.0596265792847,
  "partition": {
    "cpu_time": 65.58186903799992,
    "real_time": 65.58546924591064,
    "no_test": 1733771,
    "no_disc": 116712,
    "n_regions": 834
  },
  "generation": {
    "cpu_time": 1134.4183660390001,
    "real_time": 1134.474157333374,
    "no_test": 60413440,
    "no_disc": 7323588
  },
  "config": {
    "max_depth": 10,
    "min_samples_per_region": 1000,
    "max_samples_per_region": 3000,
    "min_gain": 0.0,
    "gini_weight_mode": "sample",
    "max_split_ratio": 1.0,
    "sampling_risk_focus_alpha": 1.0,
    "sampling_risk_floor": 1e-05,
    "batch_size": 512
  }
}