{
  "label": "regionft-GBDT-Credit-age-1200",
  "repeat": 2,
  "method": "regionft",
  "model": "GBDT",
  "dataset": "Credit",
  "protected": "age",
  "runtime": 1200,
  "no_disc": 6258508,
  "no_test": 25138378,
  "prec": 0.24896228388323224,
  "cpu_time": 1200.005964246,
  "real_time": 1200.0108773708344,
  "partition": {
    "cpu_time": 184.31207027,
    "real_time": 184.31291151046753,
    "no_test": 2205386,
    "no_disc": 385335,
    "n_regions": 1014
  },
  "generation": {
    "cpu_time": 1015.693893976,
    "real_time": 1015.6979658603668,
    "no_test": 22932992,
    "no_disc": 5873173
  },
  "config": {
    "max_depth": 10,
    "min_samples_per_region": 1000,
    "max_samples_per_region": 3000,
    "min_gain": 0.0,
    "gini_weight_mode": "sample",
    "max_split_ratio": 1.0,
    "sampling_risk_focus_alpha": 1.0,
    "sampling_risk_floor": 1e-05,
    "batch_size": 512
  }
}