{
  "label": "regionft-LogReg-Lsac-race-1200",
  "repeat": 0,
  "method": "regionft",
  "model": "LogReg",
  "dataset": "Lsac",
  "protected": "race",
  "runtime": 1200,
  "no_disc": 10136431,
  "no_test": 61034009,
  "prec": 0.16607840720408845,
  "cpu_time": 1200.0067900149998,
  "real_time": 1200.0329735279083,
  "partition": {
    "cpu_time": 114.65624944199999,
    "real_time": 114.6730854511261,
    "no_test": 2123289,
    "no_disc": 200818,
    "n_regions": 993
  },
  "generation": {
    "cpu_time": 1085.3505405729998,
    "real_time": 1085.3598880767822,
    "no_test": 58910720,
    "no_disc": 9935613
  },
  "config": {
    "max_depth": 10,
    "min_samples_per_region": 1000,
    "max_samples_per_region": 3000,
    "min_gain": 0.0,
    "gini_weight_mode": "sample",
    "max_split_ratio": 1.0,
    "sampling_risk_focus_alpha": 1.0,
    "sampling_risk_floor": 1e-05,
    "batch_size": 512
  }
}