{
  "label": "regionft-MLP-Credit-sex-1200",
  "repeat": 3,
  "method": "regionft",
  "model": "MLP",
  "dataset": "Credit",
  "protected": "sex",
  "runtime": 1200,
  "no_disc": 7008430,
  "no_test": 66107818,
  "prec": 0.10601514634774362,
  "cpu_time": 1200.0028075189998,
  "real_time": 1200.0047917366028,
  "partition": {
    "cpu_time": 97.50138455300001,
    "real_time": 97.50142359733582,
    "no_test": 2119594,
    "no_disc": 148488,
    "n_regions": 986
  },
  "generation": {
    "cpu_time": 1102.5014229659998,
    "real_time": 1102.503368139267,
    "no_test": 63988224,
    "no_disc": 6859942
  },
  "config": {
    "max_depth": 10,
    "min_samples_per_region": 1000,
    "max_samples_per_region": 3000,
    "min_gain": 0.0,
    "gini_weight_mode": "sample",
    "max_split_ratio": 1.0,
    "sampling_risk_focus_alpha": 1.0,
    "sampling_risk_floor": 1e-05,
    "batch_size": 512
  }
}