{
  "label": "regionft-DecTree-Credit-age-1200",
  "repeat": 2,
  "method": "regionft",
  "model": "DecTree",
  "dataset": "Credit",
  "protected": "age",
  "runtime": 1200,
  "no_disc": 28909758,
  "no_test": 29435803,
  "prec": 0.9821290759419745,
  "cpu_time": 1200.007211888,
  "real_time": 1200.0510594844818,
  "partition": {
    "cpu_time": 19.285673215000088,
    "real_time": 19.28615093231201,
    "no_test": 287643,
    "no_disc": 160704,
    "n_regions": 134
  },
  "generation": {
    "cpu_time": 1180.721538673,
    "real_time": 1180.7649085521698,
    "no_test": 29148160,
    "no_disc": 28749054
  },
  "config": {
    "max_depth": 10,
    "min_samples_per_region": 1000,
    "max_samples_per_region": 3000,
    "min_gain": 0.0,
    "gini_weight_mode": "sample",
    "max_split_ratio": 1.0,
    "sampling_risk_focus_alpha": 1.0,
    "sampling_risk_floor": 1e-05,
    "batch_size": 512
  }
}