{
  "label": "regionft-DecTree-Credit-sex-1200",
  "repeat": 3,
  "method": "regionft",
  "model": "DecTree",
  "dataset": "Credit",
  "protected": "sex",
  "runtime": 1200,
  "no_disc": 61859484,
  "no_test": 61945242,
  "prec": 0.9986155837441074,
  "cpu_time": 1200.004549097,
  "real_time": 1200.025966644287,
  "partition": {
    "cpu_time": 8.407794072,
    "real_time": 8.407857179641724,
    "no_test": 60826,
    "no_disc": 13816,
    "n_regions": 23
  },
  "generation": {
    "cpu_time": 1191.5967550250002,
    "real_time": 1191.6181094646454,
    "no_test": 61884416,
    "no_disc": 61845668
  },
  "config": {
    "max_depth": 10,
    "min_samples_per_region": 1000,
    "max_samples_per_region": 3000,
    "min_gain": 0.0,
    "gini_weight_mode": "sample",
    "max_split_ratio": 1.0,
    "sampling_risk_focus_alpha": 1.0,
    "sampling_risk_floor": 1e-05,
    "batch_size": 512
  }
}