{
  "label": "regionft-MLP-Lsac-race-1200",
  "repeat": 1,
  "method": "regionft",
  "model": "MLP",
  "dataset": "Lsac",
  "protected": "race",
  "runtime": 1200,
  "no_disc": 5311987,
  "no_test": 57336218,
  "prec": 0.09264627464615821,
  "cpu_time": 1200.0045963870002,
  "real_time": 1200.0248556137085,
  "partition": {
    "cpu_time": 119.26674810300028,
    "real_time": 119.28044533729553,
    "no_test": 2188698,
    "no_disc": 135039,
    "n_regions": 1021
  },
  "generation": {
    "cpu_time": 1080.737848284,
    "real_time": 1080.744410276413,
    "no_test": 55147520,
    "no_disc": 5176948
  },
  "config": {
    "max_depth": 10,
    "min_samples_per_region": 1000,
    "max_samples_per_region": 3000,
    "min_gain": 0.0,
    "gini_weight_mode": "sample",
    "max_split_ratio": 1.0,
    "sampling_risk_focus_alpha": 1.0,
    "sampling_risk_floor": 1e-05,
    "batch_size": 512
  }
}