{
  "label": "regionft-GBDT-Credit-sex-1200",
  "repeat": 4,
  "method": "regionft",
  "model": "GBDT",
  "dataset": "Credit",
  "protected": "sex",
  "runtime": 1200,
  "no_disc": 7120391,
  "no_test": 59727023,
  "prec": 0.1192155684705732,
  "cpu_time": 1217.197395203,
  "real_time": 1217.2026317119598,
  "partition": {
    "cpu_time": 78.536541062,
    "real_time": 78.5369348526001,
    "no_test": 1736367,
    "no_disc": 82218,
    "n_regions": 834
  },
  "generation": {
    "cpu_time": 1138.660854141,
    "real_time": 1138.6656968593597,
    "no_test": 57990656,
    "no_disc": 7038173
  },
  "config": {
    "max_depth": 10,
    "min_samples_per_region": 1000,
    "max_samples_per_region": 3000,
    "min_gain": 0.0,
    "gini_weight_mode": "sample",
    "max_split_ratio": 1.0,
    "sampling_risk_focus_alpha": 1.0,
    "sampling_risk_floor": 1e-05,
    "batch_size": 512
  }
}