{
  "label": "regionft-MLP-Credit-sex-1200",
  "repeat": 1,
  "method": "regionft",
  "model": "MLP",
  "dataset": "Credit",
  "protected": "sex",
  "runtime": 1200,
  "no_disc": 6946776,
  "no_test": 66734670,
  "prec": 0.10409545742864991,
  "cpu_time": 1200.007223258,
  "real_time": 1200.0102355480194,
  "partition": {
    "cpu_time": 91.47050944,
    "real_time": 91.47062730789185,
    "no_test": 2081870,
    "no_disc": 134507,
    "n_regions": 970
  },
  "generation": {
    "cpu_time": 1108.536713818,
    "real_time": 1108.5396082401276,
    "no_test": 64652800,
    "no_disc": 6812269
  },
  "config": {
    "max_depth": 10,
    "min_samples_per_region": 1000,
    "max_samples_per_region": 3000,
    "min_gain": 0.0,
    "gini_weight_mode": "sample",
    "max_split_ratio": 1.0,
    "sampling_risk_focus_alpha": 1.0,
    "sampling_risk_floor": 1e-05,
    "batch_size": 512
  }
}