{
  "label": "regionft-GBDT-Adult-sex-1200",
  "repeat": 2,
  "method": "regionft",
  "model": "GBDT",
  "dataset": "Adult",
  "protected": "sex",
  "runtime": 1200,
  "no_disc": 8954264,
  "no_test": 60904485,
  "prec": 0.14702142214978092,
  "cpu_time": 1200.001949074,
  "real_time": 1200.0087060928345,
  "partition": {
    "cpu_time": 101.581814916,
    "real_time": 101.58234405517578,
    "no_test": 1837605,
    "no_disc": 149447,
    "n_regions": 880
  },
  "generation": {
    "cpu_time": 1098.420134158,
    "real_time": 1098.4263620376587,
    "no_test": 59066880,
    "no_disc": 8804817
  },
  "config": {
    "max_depth": 10,
    "min_samples_per_region": 1000,
    "max_samples_per_region": 3000,
    "min_gain": 0.0,
    "gini_weight_mode": "sample",
    "max_split_ratio": 1.0,
    "sampling_risk_focus_alpha": 1.0,
    "sampling_risk_floor": 1e-05,
    "batch_size": 512
  }
}