{
  "label": "regionft-GBDT-Adult-age-1200",
  "repeat": 2,
  "method": "regionft",
  "model": "GBDT",
  "dataset": "Adult",
  "protected": "age",
  "runtime": 1200,
  "no_disc": 14127655,
  "no_test": 20272193,
  "prec": 0.6968982092859909,
  "cpu_time": 1200.0063180329998,
  "real_time": 1200.0098385810852,
  "partition": {
    "cpu_time": 165.171482211,
    "real_time": 165.1718156337738,
    "no_test": 1939521,
    "no_disc": 642975,
    "n_regions": 910
  },
  "generation": {
    "cpu_time": 1034.8348358219998,
    "real_time": 1034.8380229473114,
    "no_test": 18332672,
    "no_disc": 13484680
  },
  "config": {
    "max_depth": 10,
    "min_samples_per_region": 1000,
    "max_samples_per_region": 3000,
    "min_gain": 0.0,
    "gini_weight_mode": "sample",
    "max_split_ratio": 1.0,
    "sampling_risk_focus_alpha": 1.0,
    "sampling_risk_floor": 1e-05,
    "batch_size": 512
  }
}