{
  "label": "regionft-MLP-Adult-age-1200",
  "repeat": 1,
  "method": "regionft",
  "model": "MLP",
  "dataset": "Adult",
  "protected": "age",
  "runtime": 1200,
  "no_disc": 7988519,
  "no_test": 16938872,
  "prec": 0.4716086761857578,
  "cpu_time": 1207.219465657,
  "real_time": 1207.2245330810547,
  "partition": {
    "cpu_time": 195.118866201,
    "real_time": 195.11913084983826,
    "no_test": 2182520,
    "no_disc": 613445,
    "n_regions": 1019
  },
  "generation": {
    "cpu_time": 1012.100599456,
    "real_time": 1012.1054022312164,
    "no_test": 14756352,
    "no_disc": 7375074
  },
  "config": {
    "max_depth": 10,
    "min_samples_per_region": 1000,
    "max_samples_per_region": 3000,
    "min_gain": 0.0,
    "gini_weight_mode": "sample",
    "max_split_ratio": 1.0,
    "sampling_risk_focus_alpha": 1.0,
    "sampling_risk_floor": 1e-05,
    "batch_size": 512
  }
}