{
  "label": "regionft-MLP-Lsac-race-1200",
  "repeat": 0,
  "method": "regionft",
  "model": "MLP",
  "dataset": "Lsac",
  "protected": "race",
  "runtime": 1200,
  "no_disc": 5330737,
  "no_test": 57071557,
  "prec": 0.09340444312742335,
  "cpu_time": 1200.004003808,
  "real_time": 1200.0210740566254,
  "partition": {
    "cpu_time": 121.06547023200028,
    "real_time": 121.07428121566772,
    "no_test": 2193861,
    "no_disc": 142555,
    "n_regions": 1023
  },
  "generation": {
    "cpu_time": 1078.9385335759998,
    "real_time": 1078.9467928409576,
    "no_test": 54877696,
    "no_disc": 5188182
  },
  "config": {
    "max_depth": 10,
    "min_samples_per_region": 1000,
    "max_samples_per_region": 3000,
    "min_gain": 0.0,
    "gini_weight_mode": "sample",
    "max_split_ratio": 1.0,
    "sampling_risk_focus_alpha": 1.0,
    "sampling_risk_floor": 1e-05,
    "batch_size": 512
  }
}