{
  "label": "regionft-DecTree-Adult-sex-1200",
  "repeat": 1,
  "method": "regionft",
  "model": "DecTree",
  "dataset": "Adult",
  "protected": "sex",
  "runtime": 1200,
  "no_disc": 40552618,
  "no_test": 73734380,
  "prec": 0.5499824912069512,
  "cpu_time": 1200.0024624240002,
  "real_time": 1200.003837108612,
  "partition": {
    "cpu_time": 42.536164469,
    "real_time": 42.53635120391846,
    "no_test": 748268,
    "no_disc": 122198,
    "n_regions": 360
  },
  "generation": {
    "cpu_time": 1157.4662979550003,
    "real_time": 1157.4674859046936,
    "no_test": 72986112,
    "no_disc": 40430420
  },
  "config": {
    "max_depth": 10,
    "min_samples_per_region": 1000,
    "max_samples_per_region": 3000,
    "min_gain": 0.0,
    "gini_weight_mode": "sample",
    "max_split_ratio": 1.0,
    "sampling_risk_focus_alpha": 1.0,
    "sampling_risk_floor": 1e-05,
    "batch_size": 512
  }
}