{
  "label": "regionft-GBDT-Adult-sex-1200",
  "repeat": 3,
  "method": "regionft",
  "model": "GBDT",
  "dataset": "Adult",
  "protected": "sex",
  "runtime": 1200,
  "no_disc": 8486315,
  "no_test": 60997655,
  "prec": 0.139125266372945,
  "cpu_time": 1200.0005166100002,
  "real_time": 1200.0470962524414,
  "partition": {
    "cpu_time": 91.36288655400017,
    "real_time": 91.3896222114563,
    "no_test": 1721879,
    "no_disc": 128560,
    "n_regions": 824
  },
  "generation": {
    "cpu_time": 1108.637630056,
    "real_time": 1108.657474040985,
    "no_test": 59275776,
    "no_disc": 8357755
  },
  "config": {
    "max_depth": 10,
    "min_samples_per_region": 1000,
    "max_samples_per_region": 3000,
    "min_gain": 0.0,
    "gini_weight_mode": "sample",
    "max_split_ratio": 1.0,
    "sampling_risk_focus_alpha": 1.0,
    "sampling_risk_floor": 1e-05,
    "batch_size": 512
  }
}