{
  "label": "regionft-LogReg-Lsac-race-1200",
  "repeat": 1,
  "method": "regionft",
  "model": "LogReg",
  "dataset": "Lsac",
  "protected": "race",
  "runtime": 1200,
  "no_disc": 10450467,
  "no_test": 63948620,
  "prec": 0.16341974228685466,
  "cpu_time": 1200.001711072,
  "real_time": 1200.0129086971283,
  "partition": {
    "cpu_time": 100.71939225400001,
    "real_time": 100.72143912315369,
    "no_test": 1957196,
    "no_disc": 177076,
    "n_regions": 919
  },
  "generation": {
    "cpu_time": 1099.282318818,
    "real_time": 1099.2914695739746,
    "no_test": 61991424,
    "no_disc": 10273391
  },
  "config": {
    "max_depth": 10,
    "min_samples_per_region": 1000,
    "max_samples_per_region": 3000,
    "min_gain": 0.0,
    "gini_weight_mode": "sample",
    "max_split_ratio": 1.0,
    "sampling_risk_focus_alpha": 1.0,
    "sampling_risk_floor": 1e-05,
    "batch_size": 512
  }
}