{
  "label": "regionft-MLP-Adult-age-1200",
  "repeat": 3,
  "method": "regionft",
  "model": "MLP",
  "dataset": "Adult",
  "protected": "age",
  "runtime": 1200,
  "no_disc": 7370594,
  "no_test": 15675897,
  "prec": 0.4701864269712923,
  "cpu_time": 1200.017411385,
  "real_time": 1200.0229277610779,
  "partition": {
    "cpu_time": 204.018159553,
    "real_time": 204.01921820640564,
    "no_test": 2185209,
    "no_disc": 631673,
    "n_regions": 1021
  },
  "generation": {
    "cpu_time": 995.999251832,
    "real_time": 996.0037095546722,
    "no_test": 13490688,
    "no_disc": 6738921
  },
  "config": {
    "max_depth": 10,
    "min_samples_per_region": 1000,
    "max_samples_per_region": 3000,
    "min_gain": 0.0,
    "gini_weight_mode": "sample",
    "max_split_ratio": 1.0,
    "sampling_risk_focus_alpha": 1.0,
    "sampling_risk_floor": 1e-05,
    "batch_size": 512
  }
}