{
  "label": "regionft-MLP-Adult-age-1200",
  "repeat": 4,
  "method": "regionft",
  "model": "MLP",
  "dataset": "Adult",
  "protected": "age",
  "runtime": 1200,
  "no_disc": 7812406,
  "no_test": 16118429,
  "prec": 0.48468780673352224,
  "cpu_time": 1201.27998399,
  "real_time": 1201.2947795391083,
  "partition": {
    "cpu_time": 203.2384098340001,
    "real_time": 203.2431938648224,
    "no_test": 2162845,
    "no_disc": 666846,
    "n_regions": 1009
  },
  "generation": {
    "cpu_time": 998.0415741559998,
    "real_time": 998.0515856742859,
    "no_test": 13955584,
    "no_disc": 7145560
  },
  "config": {
    "max_depth": 10,
    "min_samples_per_region": 1000,
    "max_samples_per_region": 3000,
    "min_gain": 0.0,
    "gini_weight_mode": "sample",
    "max_split_ratio": 1.0,
    "sampling_risk_focus_alpha": 1.0,
    "sampling_risk_floor": 1e-05,
    "batch_size": 512
  }
}