{
  "label": "regionft-DecTree-Lsac-race-1200",
  "repeat": 2,
  "method": "regionft",
  "model": "DecTree",
  "dataset": "Lsac",
  "protected": "race",
  "runtime": 1200,
  "no_disc": 46606025,
  "no_test": 56479932,
  "prec": 0.825178489945774,
  "cpu_time": 1200.0010736150002,
  "real_time": 1200.0142304897308,
  "partition": {
    "cpu_time": 69.89711462600008,
    "real_time": 69.90090370178223,
    "no_test": 1127612,
    "no_disc": 187697,
    "n_regions": 525
  },
  "generation": {
    "cpu_time": 1130.1039589890001,
    "real_time": 1130.1133267879486,
    "no_test": 55352320,
    "no_disc": 46418328
  },
  "config": {
    "max_depth": 10,
    "min_samples_per_region": 1000,
    "max_samples_per_region": 3000,
    "min_gain": 0.0,
    "gini_weight_mode": "sample",
    "max_split_ratio": 1.0,
    "sampling_risk_focus_alpha": 1.0,
    "sampling_risk_floor": 1e-05,
    "batch_size": 512
  }
}