{
  "label": "regionft-MLP-Credit-sex-1200",
  "repeat": 2,
  "method": "regionft",
  "model": "MLP",
  "dataset": "Credit",
  "protected": "sex",
  "runtime": 1200,
  "no_disc": 6825257,
  "no_test": 65872940,
  "prec": 0.10361245452229702,
  "cpu_time": 1200.001619352,
  "real_time": 1200.062595129013,
  "partition": {
    "cpu_time": 85.06403961000001,
    "real_time": 85.07115983963013,
    "no_test": 2105388,
    "no_disc": 140921,
    "n_regions": 980
  },
  "generation": {
    "cpu_time": 1114.937579742,
    "real_time": 1114.991435289383,
    "no_test": 63767552,
    "no_disc": 6684336
  },
  "config": {
    "max_depth": 10,
    "min_samples_per_region": 1000,
    "max_samples_per_region": 3000,
    "min_gain": 0.0,
    "gini_weight_mode": "sample",
    "max_split_ratio": 1.0,
    "sampling_risk_focus_alpha": 1.0,
    "sampling_risk_floor": 1e-05,
    "batch_size": 512
  }
}