{
  "label": "regionft-LogReg-Lsac-race-1200",
  "repeat": 2,
  "method": "regionft",
  "model": "LogReg",
  "dataset": "Lsac",
  "protected": "race",
  "runtime": 1200,
  "no_disc": 9484491,
  "no_test": 62458674,
  "prec": 0.15185226314602837,
  "cpu_time": 1200.0065717840002,
  "real_time": 1200.0333411693573,
  "partition": {
    "cpu_time": 98.45782525599998,
    "real_time": 98.47764992713928,
    "no_test": 1865522,
    "no_disc": 183542,
    "n_regions": 876
  },
  "generation": {
    "cpu_time": 1101.5487465280003,
    "real_time": 1101.555691242218,
    "no_test": 60593152,
    "no_disc": 9300949
  },
  "config": {
    "max_depth": 10,
    "min_samples_per_region": 1000,
    "max_samples_per_region": 3000,
    "min_gain": 0.0,
    "gini_weight_mode": "sample",
    "max_split_ratio": 1.0,
    "sampling_risk_focus_alpha": 1.0,
    "sampling_risk_floor": 1e-05,
    "batch_size": 512
  }
}