{
  "label": "regionft-GBDT-Bank-age-1200",
  "repeat": 3,
  "method": "regionft",
  "model": "GBDT",
  "dataset": "Bank",
  "protected": "age",
  "runtime": 1200,
  "no_disc": 10823456,
  "no_test": 20877660,
  "prec": 0.5184228500703623,
  "cpu_time": 1200.0152561110003,
  "real_time": 1200.037034034729,
  "partition": {
    "cpu_time": 172.95191792000014,
    "real_time": 172.95247220993042,
    "no_test": 1986396,
    "no_disc": 504353,
    "n_regions": 923
  },
  "generation": {
    "cpu_time": 1027.0633381910002,
    "real_time": 1027.0845618247986,
    "no_test": 18891264,
    "no_disc": 10319103
  },
  "config": {
    "max_depth": 10,
    "min_samples_per_region": 1000,
    "max_samples_per_region": 3000,
    "min_gain": 0.0,
    "gini_weight_mode": "sample",
    "max_split_ratio": 1.0,
    "sampling_risk_focus_alpha": 1.0,
    "sampling_risk_floor": 1e-05,
    "batch_size": 512
  }
}