{
  "label": "regionft-LogReg-Adult-sex-1200",
  "repeat": 2,
  "method": "regionft",
  "model": "LogReg",
  "dataset": "Adult",
  "protected": "sex",
  "runtime": 1200,
  "no_disc": 5863232,
  "no_test": 84380736,
  "prec": 0.06948543326287175,
  "cpu_time": 1200.000763652,
  "real_time": 1200.0023121833801,
  "partition": {
    "cpu_time": 91.667308958,
    "real_time": 91.66737699508667,
    "no_test": 2040896,
    "no_disc": 104055,
    "n_regions": 982
  },
  "generation": {
    "cpu_time": 1108.333454694,
    "real_time": 1108.3349351882935,
    "no_test": 82339840,
    "no_disc": 5759177
  },
  "config": {
    "max_depth": 10,
    "min_samples_per_region": 1000,
    "max_samples_per_region": 3000,
    "min_gain": 0.0,
    "gini_weight_mode": "sample",
    "max_split_ratio": 1.0,
    "sampling_risk_focus_alpha": 1.0,
    "sampling_risk_floor": 1e-05,
    "batch_size": 512
  }
}