{
  "label": "regionft-GBDT-Lsac-sex-1200",
  "repeat": 1,
  "method": "regionft",
  "model": "GBDT",
  "dataset": "Lsac",
  "protected": "sex",
  "runtime": 1200,
  "no_disc": 3928336,
  "no_test": 64533940,
  "prec": 0.06087240295571601,
  "cpu_time": 1200.0023442810002,
  "real_time": 1200.0145900249481,
  "partition": {
    "cpu_time": 107.7519721220001,
    "real_time": 107.75328040122986,
    "no_test": 1925044,
    "no_disc": 120367,
    "n_regions": 918
  },
  "generation": {
    "cpu_time": 1092.250372159,
    "real_time": 1092.2613096237183,
    "no_test": 62608896,
    "no_disc": 3807969
  },
  "config": {
    "max_depth": 10,
    "min_samples_per_region": 1000,
    "max_samples_per_region": 3000,
    "min_gain": 0.0,
    "gini_weight_mode": "sample",
    "max_split_ratio": 1.0,
    "sampling_risk_focus_alpha": 1.0,
    "sampling_risk_floor": 1e-05,
    "batch_size": 512
  }
}