{
  "label": "regionft-MLP-Bank-age-1200",
  "repeat": 1,
  "method": "regionft",
  "model": "MLP",
  "dataset": "Bank",
  "protected": "age",
  "runtime": 1200,
  "no_disc": 5522589,
  "no_test": 17545291,
  "prec": 0.31476189252147485,
  "cpu_time": 1200.0230675,
  "real_time": 1200.0274593830109,
  "partition": {
    "cpu_time": 194.31184417,
    "real_time": 194.3126175403595,
    "no_test": 2072139,
    "no_disc": 347960,
    "n_regions": 961
  },
  "generation": {
    "cpu_time": 1005.71122333,
    "real_time": 1005.7148418426514,
    "no_test": 15473152,
    "no_disc": 5174629
  },
  "config": {
    "max_depth": 10,
    "min_samples_per_region": 1000,
    "max_samples_per_region": 3000,
    "min_gain": 0.0,
    "gini_weight_mode": "sample",
    "max_split_ratio": 1.0,
    "sampling_risk_focus_alpha": 1.0,
    "sampling_risk_floor": 1e-05,
    "batch_size": 512
  }
}