{
  "label": "regionft-LogReg-Adult-age-1200",
  "repeat": 4,
  "method": "regionft",
  "model": "LogReg",
  "dataset": "Adult",
  "protected": "age",
  "runtime": 1200,
  "no_disc": 11233260,
  "no_test": 23006562,
  "prec": 0.48826330505183696,
  "cpu_time": 1200.015469011,
  "real_time": 1200.0201892852783,
  "partition": {
    "cpu_time": 145.913480297,
    "real_time": 145.9150094985962,
    "no_test": 1972578,
    "no_disc": 572318,
    "n_regions": 947
  },
  "generation": {
    "cpu_time": 1054.101988714,
    "real_time": 1054.1051797866821,
    "no_test": 21033984,
    "no_disc": 10660942
  },
  "config": {
    "max_depth": 10,
    "min_samples_per_region": 1000,
    "max_samples_per_region": 3000,
    "min_gain": 0.0,
    "gini_weight_mode": "sample",
    "max_split_ratio": 1.0,
    "sampling_risk_focus_alpha": 1.0,
    "sampling_risk_floor": 1e-05,
    "batch_size": 512
  }
}