{
  "label": "regionft-LogReg-Adult-race-1200",
  "repeat": 4,
  "method": "regionft",
  "model": "LogReg",
  "dataset": "Adult",
  "protected": "race",
  "runtime": 1200,
  "no_disc": 3449116,
  "no_test": 44836281,
  "prec": 0.07692689766129354,
  "cpu_time": 1200.010183064,
  "real_time": 1200.0167350769043,
  "partition": {
    "cpu_time": 74.996939906,
    "real_time": 74.99748158454895,
    "no_test": 1516473,
    "no_disc": 84020,
    "n_regions": 734
  },
  "generation": {
    "cpu_time": 1125.013243158,
    "real_time": 1125.0192534923553,
    "no_test": 43319808,
    "no_disc": 3365096
  },
  "config": {
    "max_depth": 10,
    "min_samples_per_region": 1000,
    "max_samples_per_region": 3000,
    "min_gain": 0.0,
    "gini_weight_mode": "sample",
    "max_split_ratio": 1.0,
    "sampling_risk_focus_alpha": 1.0,
    "sampling_risk_floor": 1e-05,
    "batch_size": 512
  }
}