{
  "label": "regionft-MLP-Credit-age-1200",
  "repeat": 0,
  "method": "regionft",
  "model": "MLP",
  "dataset": "Credit",
  "protected": "age",
  "runtime": 1200,
  "no_disc": 6785146,
  "no_test": 27219328,
  "prec": 0.24927676392304762,
  "cpu_time": 1200.013665601,
  "real_time": 1200.0525653362274,
  "partition": {
    "cpu_time": 137.07081892099995,
    "real_time": 137.07395219802856,
    "no_test": 2175360,
    "no_disc": 286609,
    "n_regions": 1012
  },
  "generation": {
    "cpu_time": 1062.94284668,
    "real_time": 1062.9786131381989,
    "no_test": 25043968,
    "no_disc": 6498537
  },
  "config": {
    "max_depth": 10,
    "min_samples_per_region": 1000,
    "max_samples_per_region": 3000,
    "min_gain": 0.0,
    "gini_weight_mode": "sample",
    "max_split_ratio": 1.0,
    "sampling_risk_focus_alpha": 1.0,
    "sampling_risk_floor": 1e-05,
    "batch_size": 512
  }
}