{
  "label": "regionft-GBDT-Bank-age-1200",
  "repeat": 2,
  "method": "regionft",
  "model": "GBDT",
  "dataset": "Bank",
  "protected": "age",
  "runtime": 1200,
  "no_disc": 11093955,
  "no_test": 20884406,
  "prec": 0.5312075909652398,
  "cpu_time": 1200.0121965380001,
  "real_time": 1200.0160422325134,
  "partition": {
    "cpu_time": 182.50843020099998,
    "real_time": 182.50904178619385,
    "no_test": 2006454,
    "no_disc": 505563,
    "n_regions": 929
  },
  "generation": {
    "cpu_time": 1017.5037663370001,
    "real_time": 1017.5070004463196,
    "no_test": 18877952,
    "no_disc": 10588392
  },
  "config": {
    "max_depth": 10,
    "min_samples_per_region": 1000,
    "max_samples_per_region": 3000,
    "min_gain": 0.0,
    "gini_weight_mode": "sample",
    "max_split_ratio": 1.0,
    "sampling_risk_focus_alpha": 1.0,
    "sampling_risk_floor": 1e-05,
    "batch_size": 512
  }
}