{
  "label": "regionft-LogReg-Bank-age-1200",
  "repeat": 3,
  "method": "regionft",
  "model": "LogReg",
  "dataset": "Bank",
  "protected": "age",
  "runtime": 1200,
  "no_disc": 2455592,
  "no_test": 25228326,
  "prec": 0.09733471812596682,
  "cpu_time": 1200.0056785309998,
  "real_time": 1200.0846755504608,
  "partition": {
    "cpu_time": 112.55636597700004,
    "real_time": 112.6343948841095,
    "no_test": 1389606,
    "no_disc": 71702,
    "n_regions": 659
  },
  "generation": {
    "cpu_time": 1087.4493125539998,
    "real_time": 1087.4502806663513,
    "no_test": 23838720,
    "no_disc": 2383890
  },
  "config": {
    "max_depth": 10,
    "min_samples_per_region": 1000,
    "max_samples_per_region": 3000,
    "min_gain": 0.0,
    "gini_weight_mode": "sample",
    "max_split_ratio": 1.0,
    "sampling_risk_focus_alpha": 1.0,
    "sampling_risk_floor": 1e-05,
    "batch_size": 512
  }
}