{
  "label": "regionft-LogReg-Adult-age-1200",
  "repeat": 1,
  "method": "regionft",
  "model": "LogReg",
  "dataset": "Adult",
  "protected": "age",
  "runtime": 1200,
  "no_disc": 12113316,
  "no_test": 22815125,
  "prec": 0.5309335802455608,
  "cpu_time": 1200.000719387,
  "real_time": 1200.023772239685,
  "partition": {
    "cpu_time": 133.49991252799987,
    "real_time": 133.50689029693604,
    "no_test": 1812885,
    "no_disc": 548489,
    "n_regions": 870
  },
  "generation": {
    "cpu_time": 1066.500806859,
    "real_time": 1066.516881942749,
    "no_test": 21002240,
    "no_disc": 11564827
  },
  "config": {
    "max_depth": 10,
    "min_samples_per_region": 1000,
    "max_samples_per_region": 3000,
    "min_gain": 0.0,
    "gini_weight_mode": "sample",
    "max_split_ratio": 1.0,
    "sampling_risk_focus_alpha": 1.0,
    "sampling_risk_floor": 1e-05,
    "batch_size": 512
  }
}