{
  "label": "regionft-DecTree-Adult-race-1200",
  "repeat": 3,
  "method": "regionft",
  "model": "DecTree",
  "dataset": "Adult",
  "protected": "race",
  "runtime": 1200,
  "no_disc": 33909407,
  "no_test": 39291653,
  "prec": 0.8630180817284526,
  "cpu_time": 1200.0124537010001,
  "real_time": 1200.019212961197,
  "partition": {
    "cpu_time": 30.92486303,
    "real_time": 30.925158262252808,
    "no_test": 546053,
    "no_disc": 50522,
    "n_regions": 261
  },
  "generation": {
    "cpu_time": 1169.087590671,
    "real_time": 1169.094054698944,
    "no_test": 38745600,
    "no_disc": 33858885
  },
  "config": {
    "max_depth": 10,
    "min_samples_per_region": 1000,
    "max_samples_per_region": 3000,
    "min_gain": 0.0,
    "gini_weight_mode": "sample",
    "max_split_ratio": 1.0,
    "sampling_risk_focus_alpha": 1.0,
    "sampling_risk_floor": 1e-05,
    "batch_size": 512
  }
}