{
  "label": "regionft-MLP-Bank-age-1200",
  "repeat": 2,
  "method": "regionft",
  "model": "MLP",
  "dataset": "Bank",
  "protected": "age",
  "runtime": 1200,
  "no_disc": 5727125,
  "no_test": 18370300,
  "prec": 0.31176001480650833,
  "cpu_time": 1201.543380077,
  "real_time": 1201.570861339569,
  "partition": {
    "cpu_time": 192.37137632400004,
    "real_time": 192.39352893829346,
    "no_test": 2149628,
    "no_disc": 302839,
    "n_regions": 995
  },
  "generation": {
    "cpu_time": 1009.1720037529999,
    "real_time": 1009.1773324012756,
    "no_test": 16220672,
    "no_disc": 5424286
  },
  "config": {
    "max_depth": 10,
    "min_samples_per_region": 1000,
    "max_samples_per_region": 3000,
    "min_gain": 0.0,
    "gini_weight_mode": "sample",
    "max_split_ratio": 1.0,
    "sampling_risk_focus_alpha": 1.0,
    "sampling_risk_floor": 1e-05,
    "batch_size": 512
  }
}