{
  "label": "regionft-MLP-Credit-age-1200",
  "repeat": 2,
  "method": "regionft",
  "model": "MLP",
  "dataset": "Credit",
  "protected": "age",
  "runtime": 1200,
  "no_disc": 6370513,
  "no_test": 26396253,
  "prec": 0.24134156465313467,
  "cpu_time": 1204.583764279,
  "real_time": 1204.595059633255,
  "partition": {
    "cpu_time": 109.85499011899992,
    "real_time": 109.85853552818298,
    "no_test": 1623645,
    "no_disc": 193418,
    "n_regions": 752
  },
  "generation": {
    "cpu_time": 1094.72877416,
    "real_time": 1094.736524105072,
    "no_test": 24772608,
    "no_disc": 6177095
  },
  "config": {
    "max_depth": 10,
    "min_samples_per_region": 1000,
    "max_samples_per_region": 3000,
    "min_gain": 0.0,
    "gini_weight_mode": "sample",
    "max_split_ratio": 1.0,
    "sampling_risk_focus_alpha": 1.0,
    "sampling_risk_floor": 1e-05,
    "batch_size": 512
  }
}