{
  "label": "regionft-DecTree-Adult-race-1200",
  "repeat": 0,
  "method": "regionft",
  "model": "DecTree",
  "dataset": "Adult",
  "protected": "race",
  "runtime": 1200,
  "no_disc": 32121830,
  "no_test": 37497571,
  "prec": 0.8566376206074788,
  "cpu_time": 1200.012085691,
  "real_time": 1200.0547976493835,
  "partition": {
    "cpu_time": 18.013099136999926,
    "real_time": 18.04865527153015,
    "no_test": 341731,
    "no_disc": 34870,
    "n_regions": 161
  },
  "generation": {
    "cpu_time": 1181.998986554,
    "real_time": 1182.0061423778534,
    "no_test": 37155840,
    "no_disc": 32086960
  },
  "config": {
    "max_depth": 10,
    "min_samples_per_region": 1000,
    "max_samples_per_region": 3000,
    "min_gain": 0.0,
    "gini_weight_mode": "sample",
    "max_split_ratio": 1.0,
    "sampling_risk_focus_alpha": 1.0,
    "sampling_risk_floor": 1e-05,
    "batch_size": 512
  }
}