{
  "label": "regionft-GBDT-Adult-age-1200",
  "repeat": 1,
  "method": "regionft",
  "model": "GBDT",
  "dataset": "Adult",
  "protected": "age",
  "runtime": 1200,
  "no_disc": 13761872,
  "no_test": 19811298,
  "prec": 0.6946476702334193,
  "cpu_time": 1200.008737012,
  "real_time": 1200.0750148296356,
  "partition": {
    "cpu_time": 165.8442072570001,
    "real_time": 165.8470573425293,
    "no_test": 1949154,
    "no_disc": 644973,
    "n_regions": 916
  },
  "generation": {
    "cpu_time": 1034.1645297549999,
    "real_time": 1034.2279574871063,
    "no_test": 17862144,
    "no_disc": 13116899
  },
  "config": {
    "max_depth": 10,
    "min_samples_per_region": 1000,
    "max_samples_per_region": 3000,
    "min_gain": 0.0,
    "gini_weight_mode": "sample",
    "max_split_ratio": 1.0,
    "sampling_risk_focus_alpha": 1.0,
    "sampling_risk_floor": 1e-05,
    "batch_size": 512
  }
}