{
  "label": "regionft-DecTree-Lsac-race-1200",
  "repeat": 0,
  "method": "regionft",
  "model": "DecTree",
  "dataset": "Lsac",
  "protected": "race",
  "runtime": 1200,
  "no_disc": 46662630,
  "no_test": 56034942,
  "prec": 0.8327416489518272,
  "cpu_time": 1200.0055589259996,
  "real_time": 1200.0311424732208,
  "partition": {
    "cpu_time": 56.633576681999784,
    "real_time": 56.64661145210266,
    "no_test": 894078,
    "no_disc": 139487,
    "n_regions": 413
  },
  "generation": {
    "cpu_time": 1143.3719822439998,
    "real_time": 1143.3845310211182,
    "no_test": 55140864,
    "no_disc": 46523143
  },
  "config": {
    "max_depth": 10,
    "min_samples_per_region": 1000,
    "max_samples_per_region": 3000,
    "min_gain": 0.0,
    "gini_weight_mode": "sample",
    "max_split_ratio": 1.0,
    "sampling_risk_focus_alpha": 1.0,
    "sampling_risk_floor": 1e-05,
    "batch_size": 512
  }
}