{
  "label": "regionft-GBDT-Lsac-sex-1200",
  "repeat": 0,
  "method": "regionft",
  "model": "GBDT",
  "dataset": "Lsac",
  "protected": "sex",
  "runtime": 1200,
  "no_disc": 4531109,
  "no_test": 64041176,
  "prec": 0.07075305737671025,
  "cpu_time": 1200.001765576,
  "real_time": 1200.0044922828674,
  "partition": {
    "cpu_time": 120.023830537,
    "real_time": 120.02401566505432,
    "no_test": 2023128,
    "no_disc": 99298,
    "n_regions": 963
  },
  "generation": {
    "cpu_time": 1079.977935039,
    "real_time": 1079.980476617813,
    "no_test": 62018048,
    "no_disc": 4431811
  },
  "config": {
    "max_depth": 10,
    "min_samples_per_region": 1000,
    "max_samples_per_region": 3000,
    "min_gain": 0.0,
    "gini_weight_mode": "sample",
    "max_split_ratio": 1.0,
    "sampling_risk_focus_alpha": 1.0,
    "sampling_risk_floor": 1e-05,
    "batch_size": 512
  }
}