{
  "label": "regionft-GBDT-Adult-age-1200",
  "repeat": 0,
  "method": "regionft",
  "model": "GBDT",
  "dataset": "Adult",
  "protected": "age",
  "runtime": 1200,
  "no_disc": 13883010,
  "no_test": 19872293,
  "prec": 0.6986113781635567,
  "cpu_time": 1200.0151936369998,
  "real_time": 1200.025144815445,
  "partition": {
    "cpu_time": 173.440778853,
    "real_time": 173.44139122962952,
    "no_test": 2009125,
    "no_disc": 668228,
    "n_regions": 944
  },
  "generation": {
    "cpu_time": 1026.5744147839998,
    "real_time": 1026.5837535858154,
    "no_test": 17863168,
    "no_disc": 13214782
  },
  "config": {
    "max_depth": 10,
    "min_samples_per_region": 1000,
    "max_samples_per_region": 3000,
    "min_gain": 0.0,
    "gini_weight_mode": "sample",
    "max_split_ratio": 1.0,
    "sampling_risk_focus_alpha": 1.0,
    "sampling_risk_floor": 1e-05,
    "batch_size": 512
  }
}