{
  "label": "regionft-MLP-Bank-age-1200",
  "repeat": 0,
  "method": "regionft",
  "model": "MLP",
  "dataset": "Bank",
  "protected": "age",
  "runtime": 1200,
  "no_disc": 5776703,
  "no_test": 18457796,
  "prec": 0.31296818970152235,
  "cpu_time": 1202.2756718700002,
  "real_time": 1202.3058812618256,
  "partition": {
    "cpu_time": 189.14779644400005,
    "real_time": 189.16724252700806,
    "no_test": 2178244,
    "no_disc": 343231,
    "n_regions": 1012
  },
  "generation": {
    "cpu_time": 1013.1278754260002,
    "real_time": 1013.1386387348175,
    "no_test": 16279552,
    "no_disc": 5433472
  },
  "config": {
    "max_depth": 10,
    "min_samples_per_region": 1000,
    "max_samples_per_region": 3000,
    "min_gain": 0.0,
    "gini_weight_mode": "sample",
    "max_split_ratio": 1.0,
    "sampling_risk_focus_alpha": 1.0,
    "sampling_risk_floor": 1e-05,
    "batch_size": 512
  }
}