{
  "label": "regionft-DecTree-Bank-age-1200",
  "repeat": 3,
  "method": "regionft",
  "model": "DecTree",
  "dataset": "Bank",
  "protected": "age",
  "runtime": 1200,
  "no_disc": 17212925,
  "no_test": 24599494,
  "prec": 0.6997267911283053,
  "cpu_time": 1200.007177099,
  "real_time": 1200.031855583191,
  "partition": {
    "cpu_time": 117.571402276,
    "real_time": 117.57171249389648,
    "no_test": 1366982,
    "no_disc": 367711,
    "n_regions": 621
  },
  "generation": {
    "cpu_time": 1082.435774823,
    "real_time": 1082.4601430892944,
    "no_test": 23232512,
    "no_disc": 16845214
  },
  "config": {
    "max_depth": 10,
    "min_samples_per_region": 1000,
    "max_samples_per_region": 3000,
    "min_gain": 0.0,
    "gini_weight_mode": "sample",
    "max_split_ratio": 1.0,
    "sampling_risk_focus_alpha": 1.0,
    "sampling_risk_floor": 1e-05,
    "batch_size": 512
  }
}