{
  "label": "regionft-MLP-Adult-age-1200",
  "repeat": 0,
  "method": "regionft",
  "model": "MLP",
  "dataset": "Adult",
  "protected": "age",
  "runtime": 1200,
  "no_disc": 7884190,
  "no_test": 16746535,
  "prec": 0.4707953018340809,
  "cpu_time": 1200.0203337649998,
  "real_time": 1200.0931043624878,
  "partition": {
    "cpu_time": 192.93932335,
    "real_time": 192.95951294898987,
    "no_test": 2188839,
    "no_disc": 607534,
    "n_regions": 1021
  },
  "generation": {
    "cpu_time": 1007.0810104149998,
    "real_time": 1007.1335914134979,
    "no_test": 14557696,
    "no_disc": 7276656
  },
  "config": {
    "max_depth": 10,
    "min_samples_per_region": 1000,
    "max_samples_per_region": 3000,
    "min_gain": 0.0,
    "gini_weight_mode": "sample",
    "max_split_ratio": 1.0,
    "sampling_risk_focus_alpha": 1.0,
    "sampling_risk_floor": 1e-05,
    "batch_size": 512
  }
}