{
  "label": "regionft-LogReg-Credit-sex-1200",
  "repeat": 3,
  "method": "regionft",
  "model": "LogReg",
  "dataset": "Credit",
  "protected": "sex",
  "runtime": 1200,
  "no_disc": 6579654,
  "no_test": 72900330,
  "prec": 0.09025547620977847,
  "cpu_time": 1215.942185432,
  "real_time": 1215.9662952423096,
  "partition": {
    "cpu_time": 87.35552185300003,
    "real_time": 87.35717105865479,
    "no_test": 2154218,
    "no_disc": 147824,
    "n_regions": 1003
  },
  "generation": {
    "cpu_time": 1128.586663579,
    "real_time": 1128.6091241836548,
    "no_test": 70746112,
    "no_disc": 6431830
  },
  "config": {
    "max_depth": 10,
    "min_samples_per_region": 1000,
    "max_samples_per_region": 3000,
    "min_gain": 0.0,
    "gini_weight_mode": "sample",
    "max_split_ratio": 1.0,
    "sampling_risk_focus_alpha": 1.0,
    "sampling_risk_floor": 1e-05,
    "batch_size": 512
  }
}