{
  "label": "regionft-GBDT-Adult-race-1200",
  "repeat": 2,
  "method": "regionft",
  "model": "GBDT",
  "dataset": "Adult",
  "protected": "race",
  "runtime": 1200,
  "no_disc": 2869082,
  "no_test": 35937445,
  "prec": 0.07983544740033689,
  "cpu_time": 1200.010815023,
  "real_time": 1200.017034292221,
  "partition": {
    "cpu_time": 115.543610583,
    "real_time": 115.54407978057861,
    "no_test": 1720997,
    "no_disc": 77427,
    "n_regions": 827
  },
  "generation": {
    "cpu_time": 1084.4672044400002,
    "real_time": 1084.4729545116425,
    "no_test": 34216448,
    "no_disc": 2791655
  },
  "config": {
    "max_depth": 10,
    "min_samples_per_region": 1000,
    "max_samples_per_region": 3000,
    "min_gain": 0.0,
    "gini_weight_mode": "sample",
    "max_split_ratio": 1.0,
    "sampling_risk_focus_alpha": 1.0,
    "sampling_risk_floor": 1e-05,
    "batch_size": 512
  }
}