{
  "label": "regionft-LogReg-Lsac-sex-1200",
  "repeat": 0,
  "method": "regionft",
  "model": "LogReg",
  "dataset": "Lsac",
  "protected": "sex",
  "runtime": 1200,
  "no_disc": 3353878,
  "no_test": 82268889,
  "prec": 0.04076726987281912,
  "cpu_time": 1200.004945102,
  "real_time": 1200.0575125217438,
  "partition": {
    "cpu_time": 104.64305115700017,
    "real_time": 104.68342781066895,
    "no_test": 2031833,
    "no_disc": 68409,
    "n_regions": 963
  },
  "generation": {
    "cpu_time": 1095.3618939449998,
    "real_time": 1095.3740847110748,
    "no_test": 80237056,
    "no_disc": 3285469
  },
  "config": {
    "max_depth": 10,
    "min_samples_per_region": 1000,
    "max_samples_per_region": 3000,
    "min_gain": 0.0,
    "gini_weight_mode": "sample",
    "max_split_ratio": 1.0,
    "sampling_risk_focus_alpha": 1.0,
    "sampling_risk_floor": 1e-05,
    "batch_size": 512
  }
}