{
  "label": "regionft-LogReg-Lsac-race-1200",
  "repeat": 3,
  "method": "regionft",
  "model": "LogReg",
  "dataset": "Lsac",
  "protected": "race",
  "runtime": 1200,
  "no_disc": 9178316,
  "no_test": 64435052,
  "prec": 0.14244290514423733,
  "cpu_time": 1200.0004213230004,
  "real_time": 1200.0235087871552,
  "partition": {
    "cpu_time": 110.841016029,
    "real_time": 110.85637974739075,
    "no_test": 2081132,
    "no_disc": 194102,
    "n_regions": 979
  },
  "generation": {
    "cpu_time": 1089.1594052940004,
    "real_time": 1089.1671290397644,
    "no_test": 62353920,
    "no_disc": 8984214
  },
  "config": {
    "max_depth": 10,
    "min_samples_per_region": 1000,
    "max_samples_per_region": 3000,
    "min_gain": 0.0,
    "gini_weight_mode": "sample",
    "max_split_ratio": 1.0,
    "sampling_risk_focus_alpha": 1.0,
    "sampling_risk_floor": 1e-05,
    "batch_size": 512
  }
}