{
  "label": "regionft-GBDT-Credit-sex-1200",
  "repeat": 0,
  "method": "regionft",
  "model": "GBDT",
  "dataset": "Credit",
  "protected": "sex",
  "runtime": 1200,
  "no_disc": 7184642,
  "no_test": 61745919,
  "prec": 0.11635816773574947,
  "cpu_time": 1225.755132601,
  "real_time": 1225.7614736557007,
  "partition": {
    "cpu_time": 81.02600029099999,
    "real_time": 81.02996611595154,
    "no_test": 1841407,
    "no_disc": 118789,
    "n_regions": 876
  },
  "generation": {
    "cpu_time": 1144.72913231,
    "real_time": 1144.7315075397491,
    "no_test": 59904512,
    "no_disc": 7065853
  },
  "config": {
    "max_depth": 10,
    "min_samples_per_region": 1000,
    "max_samples_per_region": 3000,
    "min_gain": 0.0,
    "gini_weight_mode": "sample",
    "max_split_ratio": 1.0,
    "sampling_risk_focus_alpha": 1.0,
    "sampling_risk_floor": 1e-05,
    "batch_size": 512
  }
}