{
  "label": "regionft-MLP-Lsac-sex-1200",
  "repeat": 1,
  "method": "regionft",
  "model": "MLP",
  "dataset": "Lsac",
  "protected": "sex",
  "runtime": 1200,
  "no_disc": 2374688,
  "no_test": 69733960,
  "prec": 0.0340535371861859,
  "cpu_time": 1200.001762292,
  "real_time": 1200.0061948299408,
  "partition": {
    "cpu_time": 122.90448147100001,
    "real_time": 122.9048900604248,
    "no_test": 2158152,
    "no_disc": 71000,
    "n_regions": 1016
  },
  "generation": {
    "cpu_time": 1077.097280821,
    "real_time": 1077.101304769516,
    "no_test": 67575808,
    "no_disc": 2303688
  },
  "config": {
    "max_depth": 10,
    "min_samples_per_region": 1000,
    "max_samples_per_region": 3000,
    "min_gain": 0.0,
    "gini_weight_mode": "sample",
    "max_split_ratio": 1.0,
    "sampling_risk_focus_alpha": 1.0,
    "sampling_risk_floor": 1e-05,
    "batch_size": 512
  }
}