{
  "label": "regionft-MLP-Lsac-race-1200",
  "repeat": 3,
  "method": "regionft",
  "model": "MLP",
  "dataset": "Lsac",
  "protected": "race",
  "runtime": 1200,
  "no_disc": 5388699,
  "no_test": 57502853,
  "prec": 0.09371185461006604,
  "cpu_time": 1200.007606922,
  "real_time": 1200.0310492515564,
  "partition": {
    "cpu_time": 120.02892307299999,
    "real_time": 120.04256105422974,
    "no_test": 2179205,
    "no_disc": 133655,
    "n_regions": 1018
  },
  "generation": {
    "cpu_time": 1079.978683849,
    "real_time": 1079.9884881973267,
    "no_test": 55323648,
    "no_disc": 5255044
  },
  "config": {
    "max_depth": 10,
    "min_samples_per_region": 1000,
    "max_samples_per_region": 3000,
    "min_gain": 0.0,
    "gini_weight_mode": "sample",
    "max_split_ratio": 1.0,
    "sampling_risk_focus_alpha": 1.0,
    "sampling_risk_floor": 1e-05,
    "batch_size": 512
  }
}