{
  "label": "regionft-GBDT-Credit-sex-1200",
  "repeat": 2,
  "method": "regionft",
  "model": "GBDT",
  "dataset": "Credit",
  "protected": "sex",
  "runtime": 1200,
  "no_disc": 6881649,
  "no_test": 61074768,
  "prec": 0.1126758107374227,
  "cpu_time": 1200.004529911,
  "real_time": 1200.0091044902802,
  "partition": {
    "cpu_time": 76.758305033,
    "real_time": 76.75840330123901,
    "no_test": 1669456,
    "no_disc": 123408,
    "n_regions": 794
  },
  "generation": {
    "cpu_time": 1123.246224878,
    "real_time": 1123.2507011890411,
    "no_test": 59405312,
    "no_disc": 6758241
  },
  "config": {
    "max_depth": 10,
    "min_samples_per_region": 1000,
    "max_samples_per_region": 3000,
    "min_gain": 0.0,
    "gini_weight_mode": "sample",
    "max_split_ratio": 1.0,
    "sampling_risk_focus_alpha": 1.0,
    "sampling_risk_floor": 1e-05,
    "batch_size": 512
  }
}