{
  "label": "regionft-MLP-Lsac-race-1200",
  "repeat": 4,
  "method": "regionft",
  "model": "MLP",
  "dataset": "Lsac",
  "protected": "race",
  "runtime": 1200,
  "no_disc": 5174449,
  "no_test": 56618835,
  "prec": 0.09139094790629303,
  "cpu_time": 1200.0068343419998,
  "real_time": 1200.0237123966217,
  "partition": {
    "cpu_time": 128.8623302279998,
    "real_time": 128.87176036834717,
    "no_test": 2184019,
    "no_disc": 141187,
    "n_regions": 1021
  },
  "generation": {
    "cpu_time": 1071.144504114,
    "real_time": 1071.1519520282745,
    "no_test": 54434816,
    "no_disc": 5033262
  },
  "config": {
    "max_depth": 10,
    "min_samples_per_region": 1000,
    "max_samples_per_region": 3000,
    "min_gain": 0.0,
    "gini_weight_mode": "sample",
    "max_split_ratio": 1.0,
    "sampling_risk_focus_alpha": 1.0,
    "sampling_risk_floor": 1e-05,
    "batch_size": 512
  }
}