{
  "label": "regionft-GBDT-Lsac-race-1200",
  "repeat": 3,
  "method": "regionft",
  "model": "GBDT",
  "dataset": "Lsac",
  "protected": "race",
  "runtime": 1200,
  "no_disc": 16085006,
  "no_test": 49030628,
  "prec": 0.32806037075437827,
  "cpu_time": 1200.0070045949997,
  "real_time": 1200.0632593631744,
  "partition": {
    "cpu_time": 126.40382536900006,
    "real_time": 126.41183114051819,
    "no_test": 2075108,
    "no_disc": 290240,
    "n_regions": 965
  },
  "generation": {
    "cpu_time": 1073.6031792259996,
    "real_time": 1073.6514282226562,
    "no_test": 46955520,
    "no_disc": 15794766
  },
  "config": {
    "max_depth": 10,
    "min_samples_per_region": 1000,
    "max_samples_per_region": 3000,
    "min_gain": 0.0,
    "gini_weight_mode": "sample",
    "max_split_ratio": 1.0,
    "sampling_risk_focus_alpha": 1.0,
    "sampling_risk_floor": 1e-05,
    "batch_size": 512
  }
}