{
  "label": "regionft-GBDT-Adult-sex-1200",
  "repeat": 1,
  "method": "regionft",
  "model": "GBDT",
  "dataset": "Adult",
  "protected": "sex",
  "runtime": 1200,
  "no_disc": 9306841,
  "no_test": 63892574,
  "prec": 0.14566389201975177,
  "cpu_time": 1200.0228708250002,
  "real_time": 1200.0821063518524,
  "partition": {
    "cpu_time": 87.68724303399995,
    "real_time": 87.68852686882019,
    "no_test": 1849438,
    "no_disc": 138347,
    "n_regions": 887
  },
  "generation": {
    "cpu_time": 1112.3356277910002,
    "real_time": 1112.3935794830322,
    "no_test": 62043136,
    "no_disc": 9168494
  },
  "config": {
    "max_depth": 10,
    "min_samples_per_region": 1000,
    "max_samples_per_region": 3000,
    "min_gain": 0.0,
    "gini_weight_mode": "sample",
    "max_split_ratio": 1.0,
    "sampling_risk_focus_alpha": 1.0,
    "sampling_risk_floor": 1e-05,
    "batch_size": 512
  }
}