{
  "label": "regionft-DecTree-Credit-sex-1200",
  "repeat": 2,
  "method": "regionft",
  "model": "DecTree",
  "dataset": "Credit",
  "protected": "sex",
  "runtime": 1200,
  "no_disc": 64598275,
  "no_test": 64698659,
  "prec": 0.9984484377025497,
  "cpu_time": 1200.002899176,
  "real_time": 1200.0481488704681,
  "partition": {
    "cpu_time": 5.101494409999987,
    "real_time": 5.101864814758301,
    "no_test": 79651,
    "no_disc": 19567,
    "n_regions": 32
  },
  "generation": {
    "cpu_time": 1194.901404766,
    "real_time": 1194.9462840557098,
    "no_test": 64619008,
    "no_disc": 64578708
  },
  "config": {
    "max_depth": 10,
    "min_samples_per_region": 1000,
    "max_samples_per_region": 3000,
    "min_gain": 0.0,
    "gini_weight_mode": "sample",
    "max_split_ratio": 1.0,
    "sampling_risk_focus_alpha": 1.0,
    "sampling_risk_floor": 1e-05,
    "batch_size": 512
  }
}