{
  "label": "regionft-LogReg-Credit-age-1200",
  "repeat": 2,
  "method": "regionft",
  "model": "LogReg",
  "dataset": "Credit",
  "protected": "age",
  "runtime": 1200,
  "no_disc": 6696399,
  "no_test": 30784594,
  "prec": 0.21752435650117719,
  "cpu_time": 1210.113405532,
  "real_time": 1210.1236023902893,
  "partition": {
    "cpu_time": 135.46430579900002,
    "real_time": 135.4649257659912,
    "no_test": 2155602,
    "no_disc": 258429,
    "n_regions": 999
  },
  "generation": {
    "cpu_time": 1074.649099733,
    "real_time": 1074.658676624298,
    "no_test": 28628992,
    "no_disc": 6437970
  },
  "config": {
    "max_depth": 10,
    "min_samples_per_region": 1000,
    "max_samples_per_region": 3000,
    "min_gain": 0.0,
    "gini_weight_mode": "sample",
    "max_split_ratio": 1.0,
    "sampling_risk_focus_alpha": 1.0,
    "sampling_risk_floor": 1e-05,
    "batch_size": 512
  }
}