{
  "label": "regionft-LogReg-Adult-age-1200",
  "repeat": 3,
  "method": "regionft",
  "model": "LogReg",
  "dataset": "Adult",
  "protected": "age",
  "runtime": 1200,
  "no_disc": 11317457,
  "no_test": 22791688,
  "prec": 0.49656071985541395,
  "cpu_time": 1200.0059653460003,
  "real_time": 1200.031492948532,
  "partition": {
    "cpu_time": 140.13463439700013,
    "real_time": 140.14377188682556,
    "no_test": 1900552,
    "no_disc": 512974,
    "n_regions": 914
  },
  "generation": {
    "cpu_time": 1059.8713309490001,
    "real_time": 1059.8877210617065,
    "no_test": 20891136,
    "no_disc": 10804483
  },
  "config": {
    "max_depth": 10,
    "min_samples_per_region": 1000,
    "max_samples_per_region": 3000,
    "min_gain": 0.0,
    "gini_weight_mode": "sample",
    "max_split_ratio": 1.0,
    "sampling_risk_focus_alpha": 1.0,
    "sampling_risk_floor": 1e-05,
    "batch_size": 512
  }
}