{
  "label": "regionft-DecTree-Lsac-race-1200",
  "repeat": 3,
  "method": "regionft",
  "model": "DecTree",
  "dataset": "Lsac",
  "protected": "race",
  "runtime": 1200,
  "no_disc": 42237589,
  "no_test": 55457891,
  "prec": 0.761615493095473,
  "cpu_time": 1220.412659705,
  "real_time": 1220.4676127433777,
  "partition": {
    "cpu_time": 59.90501346600013,
    "real_time": 59.90812301635742,
    "no_test": 964195,
    "no_disc": 128456,
    "n_regions": 441
  },
  "generation": {
    "cpu_time": 1160.5076462389998,
    "real_time": 1160.5594897270203,
    "no_test": 54493696,
    "no_disc": 42109133
  },
  "config": {
    "max_depth": 10,
    "min_samples_per_region": 1000,
    "max_samples_per_region": 3000,
    "min_gain": 0.0,
    "gini_weight_mode": "sample",
    "max_split_ratio": 1.0,
    "sampling_risk_focus_alpha": 1.0,
    "sampling_risk_floor": 1e-05,
    "batch_size": 512
  }
}