{
  "label": "regionft-GBDT-Credit-age-1200",
  "repeat": 1,
  "method": "regionft",
  "model": "GBDT",
  "dataset": "Credit",
  "protected": "age",
  "runtime": 1200,
  "no_disc": 6272415,
  "no_test": 25211055,
  "prec": 0.24879621261387116,
  "cpu_time": 1200.0042772110003,
  "real_time": 1200.0631988048553,
  "partition": {
    "cpu_time": 165.30273882799997,
    "real_time": 165.31145596504211,
    "no_test": 2199215,
    "no_disc": 359312,
    "n_regions": 1013
  },
  "generation": {
    "cpu_time": 1034.7015383830003,
    "real_time": 1034.7517428398132,
    "no_test": 23011840,
    "no_disc": 5913103
  },
  "config": {
    "max_depth": 10,
    "min_samples_per_region": 1000,
    "max_samples_per_region": 3000,
    "min_gain": 0.0,
    "gini_weight_mode": "sample",
    "max_split_ratio": 1.0,
    "sampling_risk_focus_alpha": 1.0,
    "sampling_risk_floor": 1e-05,
    "batch_size": 512
  }
}