{
  "label": "regionft-LogReg-Bank-age-1200",
  "repeat": 2,
  "method": "regionft",
  "model": "LogReg",
  "dataset": "Bank",
  "protected": "age",
  "runtime": 1200,
  "no_disc": 2566539,
  "no_test": 25047682,
  "prec": 0.10246612840262025,
  "cpu_time": 1200.011464567,
  "real_time": 1200.0157430171967,
  "partition": {
    "cpu_time": 123.48412384,
    "real_time": 123.48455929756165,
    "no_test": 1498242,
    "no_disc": 78530,
    "n_regions": 708
  },
  "generation": {
    "cpu_time": 1076.5273407270001,
    "real_time": 1076.531183719635,
    "no_test": 23549440,
    "no_disc": 2488009
  },
  "config": {
    "max_depth": 10,
    "min_samples_per_region": 1000,
    "max_samples_per_region": 3000,
    "min_gain": 0.0,
    "gini_weight_mode": "sample",
    "max_split_ratio": 1.0,
    "sampling_risk_focus_alpha": 1.0,
    "sampling_risk_floor": 1e-05,
    "batch_size": 512
  }
}