{
  "label": "regionft-DecTree-Adult-age-1200",
  "repeat": 4,
  "method": "regionft",
  "model": "DecTree",
  "dataset": "Adult",
  "protected": "age",
  "runtime": 1200,
  "no_disc": 22324884,
  "no_test": 22855121,
  "prec": 0.9768000790719944,
  "cpu_time": 1209.095844043,
  "real_time": 1209.232958316803,
  "partition": {
    "cpu_time": 21.556652062000012,
    "real_time": 21.561376810073853,
    "no_test": 289233,
    "no_disc": 114880,
    "n_regions": 128
  },
  "generation": {
    "cpu_time": 1187.539191981,
    "real_time": 1187.6715815067291,
    "no_test": 22565888,
    "no_disc": 22210004
  },
  "config": {
    "max_depth": 10,
    "min_samples_per_region": 1000,
    "max_samples_per_region": 3000,
    "min_gain": 0.0,
    "gini_weight_mode": "sample",
    "max_split_ratio": 1.0,
    "sampling_risk_focus_alpha": 1.0,
    "sampling_risk_floor": 1e-05,
    "batch_size": 512
  }
}