{
  "label": "regionft-DecTree-Lsac-sex-1200",
  "repeat": 2,
  "method": "regionft",
  "model": "DecTree",
  "dataset": "Lsac",
  "protected": "sex",
  "runtime": 1200,
  "no_disc": 56748156,
  "no_test": 70596542,
  "prec": 0.8038376157291104,
  "cpu_time": 1200.0033624439998,
  "real_time": 1200.0193448066711,
  "partition": {
    "cpu_time": 70.98273944400034,
    "real_time": 70.99045777320862,
    "no_test": 1239486,
    "no_disc": 166097,
    "n_regions": 575
  },
  "generation": {
    "cpu_time": 1129.0206229999994,
    "real_time": 1129.0288870334625,
    "no_test": 69357056,
    "no_disc": 56582059
  },
  "config": {
    "max_depth": 10,
    "min_samples_per_region": 1000,
    "max_samples_per_region": 3000,
    "min_gain": 0.0,
    "gini_weight_mode": "sample",
    "max_split_ratio": 1.0,
    "sampling_risk_focus_alpha": 1.0,
    "sampling_risk_floor": 1e-05,
    "batch_size": 512
  }
}