{
  "label": "regionft-MLP-Adult-sex-1200",
  "repeat": 1,
  "method": "regionft",
  "model": "MLP",
  "dataset": "Adult",
  "protected": "sex",
  "runtime": 1200,
  "no_disc": 2173647,
  "no_test": 61287867,
  "prec": 0.03546618778558568,
  "cpu_time": 1200.00690319,
  "real_time": 1200.0100598335266,
  "partition": {
    "cpu_time": 75.964401533,
    "real_time": 75.96516346931458,
    "no_test": 1615291,
    "no_disc": 52098,
    "n_regions": 762
  },
  "generation": {
    "cpu_time": 1124.042501657,
    "real_time": 1124.044896364212,
    "no_test": 59672576,
    "no_disc": 2121549
  },
  "config": {
    "max_depth": 10,
    "min_samples_per_region": 1000,
    "max_samples_per_region": 3000,
    "min_gain": 0.0,
    "gini_weight_mode": "sample",
    "max_split_ratio": 1.0,
    "sampling_risk_focus_alpha": 1.0,
    "sampling_risk_floor": 1e-05,
    "batch_size": 512
  }
}