{
  "label": "regionft-LogReg-Lsac-sex-1200",
  "repeat": 3,
  "method": "regionft",
  "model": "LogReg",
  "dataset": "Lsac",
  "protected": "sex",
  "runtime": 1200,
  "no_disc": 3691358,
  "no_test": 81582029,
  "prec": 0.04524719531062411,
  "cpu_time": 1207.481931238,
  "real_time": 1207.492288351059,
  "partition": {
    "cpu_time": 101.6134153160001,
    "real_time": 101.6164939403534,
    "no_test": 2050509,
    "no_disc": 73817,
    "n_regions": 961
  },
  "generation": {
    "cpu_time": 1105.868515922,
    "real_time": 1105.8757944107056,
    "no_test": 79531520,
    "no_disc": 3617541
  },
  "config": {
    "max_depth": 10,
    "min_samples_per_region": 1000,
    "max_samples_per_region": 3000,
    "min_gain": 0.0,
    "gini_weight_mode": "sample",
    "max_split_ratio": 1.0,
    "sampling_risk_focus_alpha": 1.0,
    "sampling_risk_floor": 1e-05,
    "batch_size": 512
  }
}