{
  "label": "regionft-GBDT-Credit-age-1200",
  "repeat": 3,
  "method": "regionft",
  "model": "GBDT",
  "dataset": "Credit",
  "protected": "age",
  "runtime": 1200,
  "no_disc": 6132377,
  "no_test": 25692749,
  "prec": 0.23868123259212162,
  "cpu_time": 1200.004630755,
  "real_time": 1200.0310735702515,
  "partition": {
    "cpu_time": 170.2835835740002,
    "real_time": 170.29818749427795,
    "no_test": 2188877,
    "no_disc": 387972,
    "n_regions": 1012
  },
  "generation": {
    "cpu_time": 1029.721047181,
    "real_time": 1029.7328860759735,
    "no_test": 23503872,
    "no_disc": 5744405
  },
  "config": {
    "max_depth": 10,
    "min_samples_per_region": 1000,
    "max_samples_per_region": 3000,
    "min_gain": 0.0,
    "gini_weight_mode": "sample",
    "max_split_ratio": 1.0,
    "sampling_risk_focus_alpha": 1.0,
    "sampling_risk_floor": 1e-05,
    "batch_size": 512
  }
}