{
  "label": "regionft-GBDT-Credit-sex-1200",
  "repeat": 3,
  "method": "regionft",
  "model": "GBDT",
  "dataset": "Credit",
  "protected": "sex",
  "runtime": 1200,
  "no_disc": 6923837,
  "no_test": 62106277,
  "prec": 0.11148369109293091,
  "cpu_time": 1200.003293994,
  "real_time": 1200.065209388733,
  "partition": {
    "cpu_time": 67.20192469099993,
    "real_time": 67.22088360786438,
    "no_test": 1771173,
    "no_disc": 72447,
    "n_regions": 846
  },
  "generation": {
    "cpu_time": 1132.801369303,
    "real_time": 1132.8443257808685,
    "no_test": 60335104,
    "no_disc": 6851390
  },
  "config": {
    "max_depth": 10,
    "min_samples_per_region": 1000,
    "max_samples_per_region": 3000,
    "min_gain": 0.0,
    "gini_weight_mode": "sample",
    "max_split_ratio": 1.0,
    "sampling_risk_focus_alpha": 1.0,
    "sampling_risk_floor": 1e-05,
    "batch_size": 512
  }
}