{
  "label": "regionft-DecTree-Credit-sex-1200",
  "repeat": 4,
  "method": "regionft",
  "model": "DecTree",
  "dataset": "Credit",
  "protected": "sex",
  "runtime": 1200,
  "no_disc": 65707999,
  "no_test": 65795994,
  "prec": 0.998662608547262,
  "cpu_time": 1200.0061803309998,
  "real_time": 1200.04527592659,
  "partition": {
    "cpu_time": 4.157744587000025,
    "real_time": 4.157743215560913,
    "no_test": 60826,
    "no_disc": 13855,
    "n_regions": 23
  },
  "generation": {
    "cpu_time": 1195.8484357439997,
    "real_time": 1195.887532711029,
    "no_test": 65735168,
    "no_disc": 65694144
  },
  "config": {
    "max_depth": 10,
    "min_samples_per_region": 1000,
    "max_samples_per_region": 3000,
    "min_gain": 0.0,
    "gini_weight_mode": "sample",
    "max_split_ratio": 1.0,
    "sampling_risk_focus_alpha": 1.0,
    "sampling_risk_floor": 1e-05,
    "batch_size": 512
  }
}