{
  "label": "regionft-DecTree-Bank-age-1200",
  "repeat": 2,
  "method": "regionft",
  "model": "DecTree",
  "dataset": "Bank",
  "protected": "age",
  "runtime": 1200,
  "no_disc": 17350562,
  "no_test": 24918809,
  "prec": 0.6962837589870366,
  "cpu_time": 1200.0064365639998,
  "real_time": 1200.0903902053833,
  "partition": {
    "cpu_time": 92.90450258100009,
    "real_time": 92.91812109947205,
    "no_test": 1257241,
    "no_disc": 360802,
    "n_regions": 568
  },
  "generation": {
    "cpu_time": 1107.1019339829998,
    "real_time": 1107.1722691059113,
    "no_test": 23661568,
    "no_disc": 16989760
  },
  "config": {
    "max_depth": 10,
    "min_samples_per_region": 1000,
    "max_samples_per_region": 3000,
    "min_gain": 0.0,
    "gini_weight_mode": "sample",
    "max_split_ratio": 1.0,
    "sampling_risk_focus_alpha": 1.0,
    "sampling_risk_floor": 1e-05,
    "batch_size": 512
  }
}