{
  "label": "regionft-LogReg-Credit-sex-1200",
  "repeat": 0,
  "method": "regionft",
  "model": "LogReg",
  "dataset": "Credit",
  "protected": "sex",
  "runtime": 1200,
  "no_disc": 6513568,
  "no_test": 71715812,
  "prec": 0.09082471240791361,
  "cpu_time": 1200.00508956,
  "real_time": 1200.0103034973145,
  "partition": {
    "cpu_time": 97.32653542300001,
    "real_time": 97.32702827453613,
    "no_test": 2118628,
    "no_disc": 139556,
    "n_regions": 988
  },
  "generation": {
    "cpu_time": 1102.678554137,
    "real_time": 1102.6832752227783,
    "no_test": 69597184,
    "no_disc": 6374012
  },
  "config": {
    "max_depth": 10,
    "min_samples_per_region": 1000,
    "max_samples_per_region": 3000,
    "min_gain": 0.0,
    "gini_weight_mode": "sample",
    "max_split_ratio": 1.0,
    "sampling_risk_focus_alpha": 1.0,
    "sampling_risk_floor": 1e-05,
    "batch_size": 512
  }
}