{
  "label": "regionft-GBDT-Credit-age-1200",
  "repeat": 4,
  "method": "regionft",
  "model": "GBDT",
  "dataset": "Credit",
  "protected": "age",
  "runtime": 1200,
  "no_disc": 5948872,
  "no_test": 25538739,
  "prec": 0.23293522832117905,
  "cpu_time": 1200.00590812,
  "real_time": 1200.0112533569336,
  "partition": {
    "cpu_time": 176.113556672,
    "real_time": 176.11460709571838,
    "no_test": 2202291,
    "no_disc": 381060,
    "n_regions": 1017
  },
  "generation": {
    "cpu_time": 1023.892351448,
    "real_time": 1023.8966462612152,
    "no_test": 23336448,
    "no_disc": 5567812
  },
  "config": {
    "max_depth": 10,
    "min_samples_per_region": 1000,
    "max_samples_per_region": 3000,
    "min_gain": 0.0,
    "gini_weight_mode": "sample",
    "max_split_ratio": 1.0,
    "sampling_risk_focus_alpha": 1.0,
    "sampling_risk_floor": 1e-05,
    "batch_size": 512
  }
}