{
  "label": "regionft-GBDT-Lsac-race-1200",
  "repeat": 2,
  "method": "regionft",
  "model": "GBDT",
  "dataset": "Lsac",
  "protected": "race",
  "runtime": 1200,
  "no_disc": 15138753,
  "no_test": 48715126,
  "prec": 0.31076083021934503,
  "cpu_time": 1200.009160701,
  "real_time": 1200.0675854682922,
  "partition": {
    "cpu_time": 129.12949956700004,
    "real_time": 129.15062618255615,
    "no_test": 2048886,
    "no_disc": 272210,
    "n_regions": 952
  },
  "generation": {
    "cpu_time": 1070.879661134,
    "real_time": 1070.916959285736,
    "no_test": 46666240,
    "no_disc": 14866543
  },
  "config": {
    "max_depth": 10,
    "min_samples_per_region": 1000,
    "max_samples_per_region": 3000,
    "min_gain": 0.0,
    "gini_weight_mode": "sample",
    "max_split_ratio": 1.0,
    "sampling_risk_focus_alpha": 1.0,
    "sampling_risk_floor": 1e-05,
    "batch_size": 512
  }
}