{
  "label": "regionft_a0p25-MLP-Adult-sex-d5000000",
  "repeat": 4,
  "method": "regionft_a0p25",
  "model": "MLP",
  "dataset": "Adult",
  "protected": "sex",
  "runtime": 7200,
  "no_disc": 173395,
  "no_test": 7085931,
  "prec": 0.024470320131539526,
  "cpu_time": 191.77342285500026,
  "real_time": 191.77518916130066,
  "partition": {
    "cpu_time": 100.1375366960001,
    "real_time": 100.1385588645935,
    "no_test": 2085931,
    "no_disc": 78449,
    "n_regions": 990
  },
  "generation": {
    "cpu_time": 91.63588615900017,
    "real_time": 91.63663029670715,
    "no_test": 5000000,
    "no_disc": 94946
  },
  "config": {
    "max_depth": 10,
    "min_samples_per_region": 1000,
    "max_samples_per_region": 3000,
    "min_gain": 0.0,
    "gini_weight_mode": "sample",
    "max_split_ratio": 1.0,
    "sampling_risk_focus_alpha": 0.25,
    "sampling_risk_floor": 1e-05,
    "batch_size": 512,
    "disc_phase": "generation",
    "sample_draws": 5000000,
    "random_seed": 4
  }
}