{
  "label": "regionft_a0p25-LogReg-Lsac-race-d5000000",
  "repeat": 0,
  "method": "regionft_a0p25",
  "model": "LogReg",
  "dataset": "Lsac",
  "protected": "race",
  "runtime": 7200,
  "no_disc": 679702,
  "no_test": 7095987,
  "prec": 0.0957868158439411,
  "cpu_time": 209.87878510000002,
  "real_time": 209.88457465171814,
  "partition": {
    "cpu_time": 124.497868563,
    "real_time": 124.5010437965393,
    "no_test": 2095987,
    "no_disc": 198780,
    "n_regions": 980
  },
  "generation": {
    "cpu_time": 85.38091653700002,
    "real_time": 85.38353085517883,
    "no_test": 5000000,
    "no_disc": 480922
  },
  "config": {
    "max_depth": 10,
    "min_samples_per_region": 1000,
    "max_samples_per_region": 3000,
    "min_gain": 0.0,
    "gini_weight_mode": "sample",
    "max_split_ratio": 1.0,
    "sampling_risk_focus_alpha": 0.25,
    "sampling_risk_floor": 1e-05,
    "batch_size": 512,
    "disc_phase": "generation",
    "sample_draws": 5000000,
    "random_seed": 0
  }
}