{
  "label": "regionft_a0p25-GBDT-Adult-race-d5000000",
  "repeat": 2,
  "method": "regionft_a0p25",
  "model": "GBDT",
  "dataset": "Adult",
  "protected": "race",
  "runtime": 7200,
  "no_disc": 203037,
  "no_test": 6702112,
  "prec": 0.030294480307103192,
  "cpu_time": 257.5372874189999,
  "real_time": 257.538964509964,
  "partition": {
    "cpu_time": 108.60196790799989,
    "real_time": 108.6028106212616,
    "no_test": 1702112,
    "no_disc": 85231,
    "n_regions": 814
  },
  "generation": {
    "cpu_time": 148.935319511,
    "real_time": 148.9361538887024,
    "no_test": 5000000,
    "no_disc": 117806
  },
  "config": {
    "max_depth": 10,
    "min_samples_per_region": 1000,
    "max_samples_per_region": 3000,
    "min_gain": 0.0,
    "gini_weight_mode": "sample",
    "max_split_ratio": 1.0,
    "sampling_risk_focus_alpha": 0.25,
    "sampling_risk_floor": 1e-05,
    "batch_size": 512,
    "disc_phase": "generation",
    "sample_draws": 5000000,
    "random_seed": 2
  }
}