{
  "label": "regionft_a0p25-MLP-Credit-age-d5000000",
  "repeat": 0,
  "method": "regionft_a0p25",
  "model": "MLP",
  "dataset": "Credit",
  "protected": "age",
  "runtime": 7200,
  "no_disc": 1022035,
  "no_test": 7125052,
  "prec": 0.14344246189361146,
  "cpu_time": 350.38209133400005,
  "real_time": 350.3876938819885,
  "partition": {
    "cpu_time": 140.6034815160001,
    "real_time": 140.60723972320557,
    "no_test": 2125052,
    "no_disc": 223084,
    "n_regions": 988
  },
  "generation": {
    "cpu_time": 209.77860981799995,
    "real_time": 209.78045415878296,
    "no_test": 5000000,
    "no_disc": 798951
  },
  "config": {
    "max_depth": 10,
    "min_samples_per_region": 1000,
    "max_samples_per_region": 3000,
    "min_gain": 0.0,
    "gini_weight_mode": "sample",
    "max_split_ratio": 1.0,
    "sampling_risk_focus_alpha": 0.25,
    "sampling_risk_floor": 1e-05,
    "batch_size": 512,
    "disc_phase": "generation",
    "sample_draws": 5000000,
    "random_seed": 0
  }
}