{
  "label": "regionft_a0p25-DecTree-Credit-age-d5000000",
  "repeat": 2,
  "method": "regionft_a0p25",
  "model": "DecTree",
  "dataset": "Credit",
  "protected": "age",
  "runtime": 7200,
  "no_disc": 2939921,
  "no_test": 5258954,
  "prec": 0.5590315108289595,
  "cpu_time": 216.01916994600015,
  "real_time": 216.02821397781372,
  "partition": {
    "cpu_time": 18.651672413999677,
    "real_time": 18.652607440948486,
    "no_test": 258954,
    "no_disc": 146538,
    "n_regions": 120
  },
  "generation": {
    "cpu_time": 197.36749753200047,
    "real_time": 197.37560653686523,
    "no_test": 5000000,
    "no_disc": 2793383
  },
  "config": {
    "max_depth": 10,
    "min_samples_per_region": 1000,
    "max_samples_per_region": 3000,
    "min_gain": 0.0,
    "gini_weight_mode": "sample",
    "max_split_ratio": 1.0,
    "sampling_risk_focus_alpha": 0.25,
    "sampling_risk_floor": 1e-05,
    "batch_size": 512,
    "disc_phase": "generation",
    "sample_draws": 5000000,
    "random_seed": 2
  }
}