{
  "label": "regionft_a0p25-GBDT-Credit-sex-d5000000",
  "repeat": 3,
  "method": "regionft_a0p25",
  "model": "GBDT",
  "dataset": "Credit",
  "protected": "sex",
  "runtime": 7200,
  "no_disc": 295091,
  "no_test": 6729751,
  "prec": 0.0438487248636688,
  "cpu_time": 166.60658989299998,
  "real_time": 166.6193881034851,
  "partition": {
    "cpu_time": 74.83426926499999,
    "real_time": 74.84328746795654,
    "no_test": 1729751,
    "no_disc": 96528,
    "n_regions": 823
  },
  "generation": {
    "cpu_time": 91.77232062799999,
    "real_time": 91.77610063552856,
    "no_test": 5000000,
    "no_disc": 198563
  },
  "config": {
    "max_depth": 10,
    "min_samples_per_region": 1000,
    "max_samples_per_region": 3000,
    "min_gain": 0.0,
    "gini_weight_mode": "sample",
    "max_split_ratio": 1.0,
    "sampling_risk_focus_alpha": 0.25,
    "sampling_risk_floor": 1e-05,
    "batch_size": 512,
    "disc_phase": "generation",
    "sample_draws": 5000000,
    "random_seed": 3
  }
}