{
  "label": "regionft_a0p25-MLP-Adult-race-d5000000",
  "repeat": 0,
  "method": "regionft_a0p25",
  "model": "MLP",
  "dataset": "Adult",
  "protected": "race",
  "runtime": 7200,
  "no_disc": 371291,
  "no_test": 7167016,
  "prec": 0.051805521293659736,
  "cpu_time": 319.6354432170001,
  "real_time": 319.641238451004,
  "partition": {
    "cpu_time": 139.30985629299994,
    "real_time": 139.31443691253662,
    "no_test": 2167016,
    "no_disc": 156124,
    "n_regions": 1020
  },
  "generation": {
    "cpu_time": 180.32558692400016,
    "real_time": 180.3268015384674,
    "no_test": 5000000,
    "no_disc": 215167
  },
  "config": {
    "max_depth": 10,
    "min_samples_per_region": 1000,
    "max_samples_per_region": 3000,
    "min_gain": 0.0,
    "gini_weight_mode": "sample",
    "max_split_ratio": 1.0,
    "sampling_risk_focus_alpha": 0.25,
    "sampling_risk_floor": 1e-05,
    "batch_size": 512,
    "disc_phase": "generation",
    "sample_draws": 5000000,
    "random_seed": 0
  }
}