{
  "label": "regionft_a0p25-MLP-Adult-age-d5000000",
  "repeat": 1,
  "method": "regionft_a0p25",
  "model": "MLP",
  "dataset": "Adult",
  "protected": "age",
  "runtime": 7200,
  "no_disc": 2137860,
  "no_test": 7195808,
  "prec": 0.29709797704441254,
  "cpu_time": 516.478215375,
  "real_time": 516.487425327301,
  "partition": {
    "cpu_time": 198.38256715899996,
    "real_time": 198.38954186439514,
    "no_test": 2195808,
    "no_disc": 604947,
    "n_regions": 1023
  },
  "generation": {
    "cpu_time": 318.09564821600003,
    "real_time": 318.0978834629059,
    "no_test": 5000000,
    "no_disc": 1532913
  },
  "config": {
    "max_depth": 10,
    "min_samples_per_region": 1000,
    "max_samples_per_region": 3000,
    "min_gain": 0.0,
    "gini_weight_mode": "sample",
    "max_split_ratio": 1.0,
    "sampling_risk_focus_alpha": 0.25,
    "sampling_risk_floor": 1e-05,
    "batch_size": 512,
    "disc_phase": "generation",
    "sample_draws": 5000000,
    "random_seed": 1
  }
}