{
  "label": "regionft_a0p25-GBDT-Bank-age-d5000000",
  "repeat": 4,
  "method": "regionft_a0p25",
  "model": "GBDT",
  "dataset": "Bank",
  "protected": "age",
  "runtime": 7200,
  "no_disc": 2390355,
  "no_test": 6893761,
  "prec": 0.34674178579733184,
  "cpu_time": 441.55481629400003,
  "real_time": 441.5648784637451,
  "partition": {
    "cpu_time": 177.83547902400005,
    "real_time": 177.8463590145111,
    "no_test": 1893761,
    "no_disc": 496112,
    "n_regions": 878
  },
  "generation": {
    "cpu_time": 263.71933727,
    "real_time": 263.718519449234,
    "no_test": 5000000,
    "no_disc": 1894243
  },
  "config": {
    "max_depth": 10,
    "min_samples_per_region": 1000,
    "max_samples_per_region": 3000,
    "min_gain": 0.0,
    "gini_weight_mode": "sample",
    "max_split_ratio": 1.0,
    "sampling_risk_focus_alpha": 0.25,
    "sampling_risk_floor": 1e-05,
    "batch_size": 512,
    "disc_phase": "generation",
    "sample_draws": 5000000,
    "random_seed": 4
  }
}