{
  "label": "regionft_a0p25-DecTree-Lsac-sex-d5000000",
  "repeat": 4,
  "method": "regionft_a0p25",
  "model": "DecTree",
  "dataset": "Lsac",
  "protected": "sex",
  "runtime": 7200,
  "no_disc": 1903661,
  "no_test": 6473023,
  "prec": 0.29409149326365747,
  "cpu_time": 166.0659808209998,
  "real_time": 166.08183908462524,
  "partition": {
    "cpu_time": 89.69061885100018,
    "real_time": 89.70427942276001,
    "no_test": 1473023,
    "no_disc": 206987,
    "n_regions": 684
  },
  "generation": {
    "cpu_time": 76.37536196999963,
    "real_time": 76.37755966186523,
    "no_test": 5000000,
    "no_disc": 1696674
  },
  "config": {
    "max_depth": 10,
    "min_samples_per_region": 1000,
    "max_samples_per_region": 3000,
    "min_gain": 0.0,
    "gini_weight_mode": "sample",
    "max_split_ratio": 1.0,
    "sampling_risk_focus_alpha": 0.25,
    "sampling_risk_floor": 1e-05,
    "batch_size": 512,
    "disc_phase": "generation",
    "sample_draws": 5000000,
    "random_seed": 4
  }
}