{
  "label": "regionft_a0p25-LogReg-Bank-age-d5000000",
  "repeat": 2,
  "method": "regionft_a0p25",
  "model": "LogReg",
  "dataset": "Bank",
  "protected": "age",
  "runtime": 7200,
  "no_disc": 305994,
  "no_test": 6377327,
  "prec": 0.0479815446189289,
  "cpu_time": 312.68684692299985,
  "real_time": 312.6911725997925,
  "partition": {
    "cpu_time": 105.53781980599979,
    "real_time": 105.54174542427063,
    "no_test": 1377327,
    "no_disc": 71665,
    "n_regions": 650
  },
  "generation": {
    "cpu_time": 207.14902711700006,
    "real_time": 207.14942717552185,
    "no_test": 5000000,
    "no_disc": 234329
  },
  "config": {
    "max_depth": 10,
    "min_samples_per_region": 1000,
    "max_samples_per_region": 3000,
    "min_gain": 0.0,
    "gini_weight_mode": "sample",
    "max_split_ratio": 1.0,
    "sampling_risk_focus_alpha": 0.25,
    "sampling_risk_floor": 1e-05,
    "batch_size": 512,
    "disc_phase": "generation",
    "sample_draws": 5000000,
    "random_seed": 2
  }
}