{
  "label": "regionft_a0p25-GBDT-Adult-race-d5000000",
  "repeat": 3,
  "method": "regionft_a0p25",
  "model": "GBDT",
  "dataset": "Adult",
  "protected": "race",
  "runtime": 7200,
  "no_disc": 204569,
  "no_test": 6856022,
  "prec": 0.029837856412946166,
  "cpu_time": 270.786343118,
  "real_time": 270.79390501976013,
  "partition": {
    "cpu_time": 118.30686221200006,
    "real_time": 118.3144018650055,
    "no_test": 1856022,
    "no_disc": 100000,
    "n_regions": 897
  },
  "generation": {
    "cpu_time": 152.47948090599994,
    "real_time": 152.47950315475464,
    "no_test": 5000000,
    "no_disc": 104569
  },
  "config": {
    "max_depth": 10,
    "min_samples_per_region": 1000,
    "max_samples_per_region": 3000,
    "min_gain": 0.0,
    "gini_weight_mode": "sample",
    "max_split_ratio": 1.0,
    "sampling_risk_focus_alpha": 0.25,
    "sampling_risk_floor": 1e-05,
    "batch_size": 512,
    "disc_phase": "generation",
    "sample_draws": 5000000,
    "random_seed": 3
  }
}