{
  "label": "regionft_a0p25-MLP-Lsac-race-d5000000",
  "repeat": 2,
  "method": "regionft_a0p25",
  "model": "MLP",
  "dataset": "Lsac",
  "protected": "race",
  "runtime": 7200,
  "no_disc": 442608,
  "no_test": 7192328,
  "prec": 0.061538906456991394,
  "cpu_time": 220.28388014500024,
  "real_time": 220.2887306213379,
  "partition": {
    "cpu_time": 127.8571848370002,
    "real_time": 127.86173963546753,
    "no_test": 2192328,
    "no_disc": 144238,
    "n_regions": 1022
  },
  "generation": {
    "cpu_time": 92.42669530800003,
    "real_time": 92.42699098587036,
    "no_test": 5000000,
    "no_disc": 298370
  },
  "config": {
    "max_depth": 10,
    "min_samples_per_region": 1000,
    "max_samples_per_region": 3000,
    "min_gain": 0.0,
    "gini_weight_mode": "sample",
    "max_split_ratio": 1.0,
    "sampling_risk_focus_alpha": 0.25,
    "sampling_risk_floor": 1e-05,
    "batch_size": 512,
    "disc_phase": "generation",
    "sample_draws": 5000000,
    "random_seed": 2
  }
}