{
  "label": "regionft_a0p25-LogReg-Adult-sex-d5000000",
  "repeat": 2,
  "method": "regionft_a0p25",
  "model": "LogReg",
  "dataset": "Adult",
  "protected": "sex",
  "runtime": 7200,
  "no_disc": 217139,
  "no_test": 6816861,
  "prec": 0.03185322393987496,
  "cpu_time": 146.61251471499963,
  "real_time": 146.61526226997375,
  "partition": {
    "cpu_time": 79.96048505499994,
    "real_time": 79.96236944198608,
    "no_test": 1816861,
    "no_disc": 88977,
    "n_regions": 876
  },
  "generation": {
    "cpu_time": 66.6520296599997,
    "real_time": 66.65289282798767,
    "no_test": 5000000,
    "no_disc": 128162
  },
  "config": {
    "max_depth": 10,
    "min_samples_per_region": 1000,
    "max_samples_per_region": 3000,
    "min_gain": 0.0,
    "gini_weight_mode": "sample",
    "max_split_ratio": 1.0,
    "sampling_risk_focus_alpha": 0.25,
    "sampling_risk_floor": 1e-05,
    "batch_size": 512,
    "disc_phase": "generation",
    "sample_draws": 5000000,
    "random_seed": 2
  }
}