{
  "label": "regionft_a0p25-LogReg-Lsac-race-d5000000",
  "repeat": 4,
  "method": "regionft_a0p25",
  "model": "LogReg",
  "dataset": "Lsac",
  "protected": "race",
  "runtime": 7200,
  "no_disc": 686924,
  "no_test": 7040396,
  "prec": 0.09756894356510629,
  "cpu_time": 197.24549068999994,
  "real_time": 197.26882648468018,
  "partition": {
    "cpu_time": 116.12484474499996,
    "real_time": 116.14609551429749,
    "no_test": 2040396,
    "no_disc": 211902,
    "n_regions": 958
  },
  "generation": {
    "cpu_time": 81.12064594499998,
    "real_time": 81.12273097038269,
    "no_test": 5000000,
    "no_disc": 475022
  },
  "config": {
    "max_depth": 10,
    "min_samples_per_region": 1000,
    "max_samples_per_region": 3000,
    "min_gain": 0.0,
    "gini_weight_mode": "sample",
    "max_split_ratio": 1.0,
    "sampling_risk_focus_alpha": 0.25,
    "sampling_risk_floor": 1e-05,
    "batch_size": 512,
    "disc_phase": "generation",
    "sample_draws": 5000000,
    "random_seed": 4
  }
}