{
  "label": "regionft_a0p25-MLP-Lsac-sex-d5000000",
  "repeat": 3,
  "method": "regionft_a0p25",
  "model": "MLP",
  "dataset": "Lsac",
  "protected": "sex",
  "runtime": 7200,
  "no_disc": 188399,
  "no_test": 7089251,
  "prec": 0.026575303935493327,
  "cpu_time": 184.23449563500026,
  "real_time": 184.23572182655334,
  "partition": {
    "cpu_time": 111.72373870899992,
    "real_time": 111.724769115448,
    "no_test": 2089251,
    "no_disc": 69876,
    "n_regions": 981
  },
  "generation": {
    "cpu_time": 72.51075692600034,
    "real_time": 72.51095271110535,
    "no_test": 5000000,
    "no_disc": 118523
  },
  "config": {
    "max_depth": 10,
    "min_samples_per_region": 1000,
    "max_samples_per_region": 3000,
    "min_gain": 0.0,
    "gini_weight_mode": "sample",
    "max_split_ratio": 1.0,
    "sampling_risk_focus_alpha": 0.25,
    "sampling_risk_floor": 1e-05,
    "batch_size": 512,
    "disc_phase": "generation",
    "sample_draws": 5000000,
    "random_seed": 3
  }
}