{
  "label": "regionft_a0p25-DecTree-Credit-sex-d5000000",
  "repeat": 3,
  "method": "regionft_a0p25",
  "model": "DecTree",
  "dataset": "Credit",
  "protected": "sex",
  "runtime": 7200,
  "no_disc": 1134799,
  "no_test": 5096529,
  "prec": 0.2226611484011962,
  "cpu_time": 85.09908374099996,
  "real_time": 85.10049200057983,
  "partition": {
    "cpu_time": 6.896227572999578,
    "real_time": 6.896680116653442,
    "no_test": 96529,
    "no_disc": 23506,
    "n_regions": 39
  },
  "generation": {
    "cpu_time": 78.20285616800038,
    "real_time": 78.20381188392639,
    "no_test": 5000000,
    "no_disc": 1111293
  },
  "config": {
    "max_depth": 10,
    "min_samples_per_region": 1000,
    "max_samples_per_region": 3000,
    "min_gain": 0.0,
    "gini_weight_mode": "sample",
    "max_split_ratio": 1.0,
    "sampling_risk_focus_alpha": 0.25,
    "sampling_risk_floor": 1e-05,
    "batch_size": 512,
    "disc_phase": "generation",
    "sample_draws": 5000000,
    "random_seed": 3
  }
}