{
  "label": "regionft_a0p25-LogReg-Adult-race-d5000000",
  "repeat": 2,
  "method": "regionft_a0p25",
  "model": "LogReg",
  "dataset": "Adult",
  "protected": "race",
  "runtime": 7200,
  "no_disc": 218595,
  "no_test": 6035149,
  "prec": 0.036220315355925764,
  "cpu_time": 172.41038627700027,
  "real_time": 172.4123661518097,
  "partition": {
    "cpu_time": 54.927033048999874,
    "real_time": 54.9286789894104,
    "no_test": 1035149,
    "no_disc": 63192,
    "n_regions": 495
  },
  "generation": {
    "cpu_time": 117.4833532280004,
    "real_time": 117.48368716239929,
    "no_test": 5000000,
    "no_disc": 155403
  },
  "config": {
    "max_depth": 10,
    "min_samples_per_region": 1000,
    "max_samples_per_region": 3000,
    "min_gain": 0.0,
    "gini_weight_mode": "sample",
    "max_split_ratio": 1.0,
    "sampling_risk_focus_alpha": 0.25,
    "sampling_risk_floor": 1e-05,
    "batch_size": 512,
    "disc_phase": "generation",
    "sample_draws": 5000000,
    "random_seed": 2
  }
}