{
  "label": "regionft_a0p25-GBDT-Lsac-race-d5000000",
  "repeat": 0,
  "method": "regionft_a0p25",
  "model": "GBDT",
  "dataset": "Lsac",
  "protected": "race",
  "runtime": 7200,
  "no_disc": 991633,
  "no_test": 7129263,
  "prec": 0.13909333966217827,
  "cpu_time": 249.14136533700002,
  "real_time": 249.14799809455872,
  "partition": {
    "cpu_time": 141.34284527199998,
    "real_time": 141.34882879257202,
    "no_test": 2129263,
    "no_disc": 328571,
    "n_regions": 993
  },
  "generation": {
    "cpu_time": 107.79852006500005,
    "real_time": 107.7991693019867,
    "no_test": 5000000,
    "no_disc": 663062
  },
  "config": {
    "max_depth": 10,
    "min_samples_per_region": 1000,
    "max_samples_per_region": 3000,
    "min_gain": 0.0,
    "gini_weight_mode": "sample",
    "max_split_ratio": 1.0,
    "sampling_risk_focus_alpha": 0.25,
    "sampling_risk_floor": 1e-05,
    "batch_size": 512,
    "disc_phase": "generation",
    "sample_draws": 5000000,
    "random_seed": 0
  }
}