{
  "label": "regionft_a0p25-GBDT-Credit-age-d5000000",
  "repeat": 3,
  "method": "regionft_a0p25",
  "model": "GBDT",
  "dataset": "Credit",
  "protected": "age",
  "runtime": 7200,
  "no_disc": 1188954,
  "no_test": 7124523,
  "prec": 0.1668819091467597,
  "cpu_time": 384.0967178820001,
  "real_time": 384.10314893722534,
  "partition": {
    "cpu_time": 168.60357920800016,
    "real_time": 168.608731508255,
    "no_test": 2124523,
    "no_disc": 321589,
    "n_regions": 977
  },
  "generation": {
    "cpu_time": 215.49313867399997,
    "real_time": 215.49441742897034,
    "no_test": 5000000,
    "no_disc": 867365
  },
  "config": {
    "max_depth": 10,
    "min_samples_per_region": 1000,
    "max_samples_per_region": 3000,
    "min_gain": 0.0,
    "gini_weight_mode": "sample",
    "max_split_ratio": 1.0,
    "sampling_risk_focus_alpha": 0.25,
    "sampling_risk_floor": 1e-05,
    "batch_size": 512,
    "disc_phase": "generation",
    "sample_draws": 5000000,
    "random_seed": 3
  }
}