{
  "label": "regionft_a0p25-DecTree-Bank-age-d5000000",
  "repeat": 2,
  "method": "regionft_a0p25",
  "model": "DecTree",
  "dataset": "Bank",
  "protected": "age",
  "runtime": 7200,
  "no_disc": 2866098,
  "no_test": 6418319,
  "prec": 0.4465496339462093,
  "cpu_time": 350.6324137399997,
  "real_time": 350.6349847316742,
  "partition": {
    "cpu_time": 120.63557465999975,
    "real_time": 120.63710618019104,
    "no_test": 1418319,
    "no_disc": 401277,
    "n_regions": 646
  },
  "generation": {
    "cpu_time": 229.99683907999997,
    "real_time": 229.99787855148315,
    "no_test": 5000000,
    "no_disc": 2464821
  },
  "config": {
    "max_depth": 10,
    "min_samples_per_region": 1000,
    "max_samples_per_region": 3000,
    "min_gain": 0.0,
    "gini_weight_mode": "sample",
    "max_split_ratio": 1.0,
    "sampling_risk_focus_alpha": 0.25,
    "sampling_risk_floor": 1e-05,
    "batch_size": 512,
    "disc_phase": "generation",
    "sample_draws": 5000000,
    "random_seed": 2
  }
}