{
  "label": "regionft_a0p25-GBDT-Bank-age-d5000000",
  "repeat": 1,
  "method": "regionft_a0p25",
  "model": "GBDT",
  "dataset": "Bank",
  "protected": "age",
  "runtime": 7200,
  "no_disc": 2402541,
  "no_test": 7056941,
  "prec": 0.3404507703833715,
  "cpu_time": 458.0853891470001,
  "real_time": 458.086373090744,
  "partition": {
    "cpu_time": 193.78869593100012,
    "real_time": 193.79137563705444,
    "no_test": 2056941,
    "no_disc": 511718,
    "n_regions": 952
  },
  "generation": {
    "cpu_time": 264.296693216,
    "real_time": 264.2949974536896,
    "no_test": 5000000,
    "no_disc": 1890823
  },
  "config": {
    "max_depth": 10,
    "min_samples_per_region": 1000,
    "max_samples_per_region": 3000,
    "min_gain": 0.0,
    "gini_weight_mode": "sample",
    "max_split_ratio": 1.0,
    "sampling_risk_focus_alpha": 0.25,
    "sampling_risk_floor": 1e-05,
    "batch_size": 512,
    "disc_phase": "generation",
    "sample_draws": 5000000,
    "random_seed": 1
  }
}