{
  "label": "regionft_a0p25-MLP-Bank-age-d5000000",
  "repeat": 4,
  "method": "regionft_a0p25",
  "model": "MLP",
  "dataset": "Bank",
  "protected": "age",
  "runtime": 7200,
  "no_disc": 1426614,
  "no_test": 7138959,
  "prec": 0.19983501796270298,
  "cpu_time": 491.5193932480006,
  "real_time": 491.5234990119934,
  "partition": {
    "cpu_time": 192.06951570799993,
    "real_time": 192.07198762893677,
    "no_test": 2138959,
    "no_disc": 349804,
    "n_regions": 992
  },
  "generation": {
    "cpu_time": 299.44987754000067,
    "real_time": 299.45151138305664,
    "no_test": 5000000,
    "no_disc": 1076810
  },
  "config": {
    "max_depth": 10,
    "min_samples_per_region": 1000,
    "max_samples_per_region": 3000,
    "min_gain": 0.0,
    "gini_weight_mode": "sample",
    "max_split_ratio": 1.0,
    "sampling_risk_focus_alpha": 0.25,
    "sampling_risk_floor": 1e-05,
    "batch_size": 512,
    "disc_phase": "generation",
    "sample_draws": 5000000,
    "random_seed": 4
  }
}