{
  "label": "regionft_a0p25-MLP-Credit-age-d5000000",
  "repeat": 3,
  "method": "regionft_a0p25",
  "model": "MLP",
  "dataset": "Credit",
  "protected": "age",
  "runtime": 7200,
  "no_disc": 1086347,
  "no_test": 7135307,
  "prec": 0.15224951077788243,
  "cpu_time": 348.59024783199993,
  "real_time": 348.59456968307495,
  "partition": {
    "cpu_time": 144.44789662599987,
    "real_time": 144.44962286949158,
    "no_test": 2135307,
    "no_disc": 281646,
    "n_regions": 990
  },
  "generation": {
    "cpu_time": 204.14235120600006,
    "real_time": 204.14494681358337,
    "no_test": 5000000,
    "no_disc": 804701
  },
  "config": {
    "max_depth": 10,
    "min_samples_per_region": 1000,
    "max_samples_per_region": 3000,
    "min_gain": 0.0,
    "gini_weight_mode": "sample",
    "max_split_ratio": 1.0,
    "sampling_risk_focus_alpha": 0.25,
    "sampling_risk_floor": 1e-05,
    "batch_size": 512,
    "disc_phase": "generation",
    "sample_draws": 5000000,
    "random_seed": 3
  }
}