{
  "label": "regionft_a0p25-GBDT-Credit-sex-d5000000",
  "repeat": 0,
  "method": "regionft_a0p25",
  "model": "GBDT",
  "dataset": "Credit",
  "protected": "sex",
  "runtime": 7200,
  "no_disc": 247007,
  "no_test": 6469429,
  "prec": 0.03818064932778457,
  "cpu_time": 150.70894734299998,
  "real_time": 150.72562098503113,
  "partition": {
    "cpu_time": 60.224186540999995,
    "real_time": 60.23610782623291,
    "no_test": 1469429,
    "no_disc": 59456,
    "n_regions": 696
  },
  "generation": {
    "cpu_time": 90.48476080199998,
    "real_time": 90.48951315879822,
    "no_test": 5000000,
    "no_disc": 187551
  },
  "config": {
    "max_depth": 10,
    "min_samples_per_region": 1000,
    "max_samples_per_region": 3000,
    "min_gain": 0.0,
    "gini_weight_mode": "sample",
    "max_split_ratio": 1.0,
    "sampling_risk_focus_alpha": 0.25,
    "sampling_risk_floor": 1e-05,
    "batch_size": 512,
    "disc_phase": "generation",
    "sample_draws": 5000000,
    "random_seed": 0
  }
}