{
  "label": "regionft_a0p25-LogReg-Adult-race-d5000000",
  "repeat": 0,
  "method": "regionft_a0p25",
  "model": "LogReg",
  "dataset": "Adult",
  "protected": "race",
  "runtime": 7200,
  "no_disc": 246895,
  "no_test": 6537661,
  "prec": 0.037765035537939334,
  "cpu_time": 201.31135159800033,
  "real_time": 201.3185112476349,
  "partition": {
    "cpu_time": 79.9117053050004,
    "real_time": 79.91579627990723,
    "no_test": 1537661,
    "no_disc": 79989,
    "n_regions": 739
  },
  "generation": {
    "cpu_time": 121.39964629299993,
    "real_time": 121.40271496772766,
    "no_test": 5000000,
    "no_disc": 166906
  },
  "config": {
    "max_depth": 10,
    "min_samples_per_region": 1000,
    "max_samples_per_region": 3000,
    "min_gain": 0.0,
    "gini_weight_mode": "sample",
    "max_split_ratio": 1.0,
    "sampling_risk_focus_alpha": 0.25,
    "sampling_risk_floor": 1e-05,
    "batch_size": 512,
    "disc_phase": "generation",
    "sample_draws": 5000000,
    "random_seed": 0
  }
}