{
  "label": "regionft_a0p25-GBDT-Lsac-race-d5000000",
  "repeat": 3,
  "method": "regionft_a0p25",
  "model": "GBDT",
  "dataset": "Lsac",
  "protected": "race",
  "runtime": 7200,
  "no_disc": 1008798,
  "no_test": 7018879,
  "prec": 0.1437263699801635,
  "cpu_time": 243.5863991039996,
  "real_time": 243.58838725090027,
  "partition": {
    "cpu_time": 135.5604742939995,
    "real_time": 135.56163668632507,
    "no_test": 2018879,
    "no_disc": 317365,
    "n_regions": 939
  },
  "generation": {
    "cpu_time": 108.0259248100001,
    "real_time": 108.0267505645752,
    "no_test": 5000000,
    "no_disc": 691433
  },
  "config": {
    "max_depth": 10,
    "min_samples_per_region": 1000,
    "max_samples_per_region": 3000,
    "min_gain": 0.0,
    "gini_weight_mode": "sample",
    "max_split_ratio": 1.0,
    "sampling_risk_focus_alpha": 0.25,
    "sampling_risk_floor": 1e-05,
    "batch_size": 512,
    "disc_phase": "generation",
    "sample_draws": 5000000,
    "random_seed": 3
  }
}