{
  "label": "regionft_a0p25-DecTree-Lsac-sex-d5000000",
  "repeat": 2,
  "method": "regionft_a0p25",
  "model": "DecTree",
  "dataset": "Lsac",
  "protected": "sex",
  "runtime": 7200,
  "no_disc": 1742435,
  "no_test": 6316054,
  "prec": 0.2758739871445051,
  "cpu_time": 160.5940336220001,
  "real_time": 160.59913516044617,
  "partition": {
    "cpu_time": 84.31103811000003,
    "real_time": 84.31481218338013,
    "no_test": 1316054,
    "no_disc": 177803,
    "n_regions": 609
  },
  "generation": {
    "cpu_time": 76.28299551200007,
    "real_time": 76.28432297706604,
    "no_test": 5000000,
    "no_disc": 1564632
  },
  "config": {
    "max_depth": 10,
    "min_samples_per_region": 1000,
    "max_samples_per_region": 3000,
    "min_gain": 0.0,
    "gini_weight_mode": "sample",
    "max_split_ratio": 1.0,
    "sampling_risk_focus_alpha": 0.25,
    "sampling_risk_floor": 1e-05,
    "batch_size": 512,
    "disc_phase": "generation",
    "sample_draws": 5000000,
    "random_seed": 2
  }
}