{
  "label": "regionft_a0p25-MLP-Lsac-race-d5000000",
  "repeat": 3,
  "method": "regionft_a0p25",
  "model": "MLP",
  "dataset": "Lsac",
  "protected": "race",
  "runtime": 7200,
  "no_disc": 459104,
  "no_test": 7176170,
  "prec": 0.06397618785508147,
  "cpu_time": 219.60595226700025,
  "real_time": 219.61399960517883,
  "partition": {
    "cpu_time": 126.73838920900016,
    "real_time": 126.74538779258728,
    "no_test": 2176170,
    "no_disc": 148442,
    "n_regions": 1014
  },
  "generation": {
    "cpu_time": 92.86756305800009,
    "real_time": 92.86861181259155,
    "no_test": 5000000,
    "no_disc": 310662
  },
  "config": {
    "max_depth": 10,
    "min_samples_per_region": 1000,
    "max_samples_per_region": 3000,
    "min_gain": 0.0,
    "gini_weight_mode": "sample",
    "max_split_ratio": 1.0,
    "sampling_risk_focus_alpha": 0.25,
    "sampling_risk_floor": 1e-05,
    "batch_size": 512,
    "disc_phase": "generation",
    "sample_draws": 5000000,
    "random_seed": 3
  }
}