{
  "label": "regionft_a0p25-MLP-Bank-age-d5000000",
  "repeat": 3,
  "method": "regionft_a0p25",
  "model": "MLP",
  "dataset": "Bank",
  "protected": "age",
  "runtime": 7200,
  "no_disc": 1459081,
  "no_test": 7191719,
  "prec": 0.202883483072684,
  "cpu_time": 494.17472830099996,
  "real_time": 494.17974877357483,
  "partition": {
    "cpu_time": 195.1002605900003,
    "real_time": 195.10339951515198,
    "no_test": 2191719,
    "no_disc": 380194,
    "n_regions": 1016
  },
  "generation": {
    "cpu_time": 299.07446771099967,
    "real_time": 299.07634925842285,
    "no_test": 5000000,
    "no_disc": 1078887
  },
  "config": {
    "max_depth": 10,
    "min_samples_per_region": 1000,
    "max_samples_per_region": 3000,
    "min_gain": 0.0,
    "gini_weight_mode": "sample",
    "max_split_ratio": 1.0,
    "sampling_risk_focus_alpha": 0.25,
    "sampling_risk_floor": 1e-05,
    "batch_size": 512,
    "disc_phase": "generation",
    "sample_draws": 5000000,
    "random_seed": 3
  }
}