{
  "label": "regionft_a0p25-MLP-Adult-race-d5000000",
  "repeat": 4,
  "method": "regionft_a0p25",
  "model": "MLP",
  "dataset": "Adult",
  "protected": "race",
  "runtime": 7200,
  "no_disc": 448436,
  "no_test": 7121526,
  "prec": 0.06296908836673488,
  "cpu_time": 319.52860030600004,
  "real_time": 319.53794503211975,
  "partition": {
    "cpu_time": 135.90619815800028,
    "real_time": 135.91109943389893,
    "no_test": 2121526,
    "no_disc": 199872,
    "n_regions": 1005
  },
  "generation": {
    "cpu_time": 183.62240214799976,
    "real_time": 183.62684559822083,
    "no_test": 5000000,
    "no_disc": 248564
  },
  "config": {
    "max_depth": 10,
    "min_samples_per_region": 1000,
    "max_samples_per_region": 3000,
    "min_gain": 0.0,
    "gini_weight_mode": "sample",
    "max_split_ratio": 1.0,
    "sampling_risk_focus_alpha": 0.25,
    "sampling_risk_floor": 1e-05,
    "batch_size": 512,
    "disc_phase": "generation",
    "sample_draws": 5000000,
    "random_seed": 4
  }
}