{
  "label": "regionft_a0p25-GBDT-Lsac-race-d5000000",
  "repeat": 1,
  "method": "regionft_a0p25",
  "model": "GBDT",
  "dataset": "Lsac",
  "protected": "race",
  "runtime": 7200,
  "no_disc": 998615,
  "no_test": 7135292,
  "prec": 0.139954328428325,
  "cpu_time": 251.90037398200002,
  "real_time": 251.90324211120605,
  "partition": {
    "cpu_time": 140.95751782300022,
    "real_time": 140.95991897583008,
    "no_test": 2135292,
    "no_disc": 317560,
    "n_regions": 994
  },
  "generation": {
    "cpu_time": 110.9428561589998,
    "real_time": 110.94332313537598,
    "no_test": 5000000,
    "no_disc": 681055
  },
  "config": {
    "max_depth": 10,
    "min_samples_per_region": 1000,
    "max_samples_per_region": 3000,
    "min_gain": 0.0,
    "gini_weight_mode": "sample",
    "max_split_ratio": 1.0,
    "sampling_risk_focus_alpha": 0.25,
    "sampling_risk_floor": 1e-05,
    "batch_size": 512,
    "disc_phase": "generation",
    "sample_draws": 5000000,
    "random_seed": 1
  }
}