{
  "label": "regionft_a0p25-DecTree-Lsac-sex-d5000000",
  "repeat": 1,
  "method": "regionft_a0p25",
  "model": "DecTree",
  "dataset": "Lsac",
  "protected": "sex",
  "runtime": 7200,
  "no_disc": 1704152,
  "no_test": 6307926,
  "prec": 0.270160429909926,
  "cpu_time": 152.0526800519997,
  "real_time": 152.05677890777588,
  "partition": {
    "cpu_time": 79.3164161349996,
    "real_time": 79.3201653957367,
    "no_test": 1307926,
    "no_disc": 193728,
    "n_regions": 606
  },
  "generation": {
    "cpu_time": 72.73626391700009,
    "real_time": 72.73661351203918,
    "no_test": 5000000,
    "no_disc": 1510424
  },
  "config": {
    "max_depth": 10,
    "min_samples_per_region": 1000,
    "max_samples_per_region": 3000,
    "min_gain": 0.0,
    "gini_weight_mode": "sample",
    "max_split_ratio": 1.0,
    "sampling_risk_focus_alpha": 0.25,
    "sampling_risk_floor": 1e-05,
    "batch_size": 512,
    "disc_phase": "generation",
    "sample_draws": 5000000,
    "random_seed": 1
  }
}