{
  "label": "regionft_a0p25-DecTree-Adult-race-d5000000",
  "repeat": 4,
  "method": "regionft_a0p25",
  "model": "DecTree",
  "dataset": "Adult",
  "protected": "race",
  "runtime": 7200,
  "no_disc": 327527,
  "no_test": 5467139,
  "prec": 0.059908299386571294,
  "cpu_time": 147.995444594,
  "real_time": 147.99440479278564,
  "partition": {
    "cpu_time": 26.63629050999998,
    "real_time": 26.636087656021118,
    "no_test": 467139,
    "no_disc": 43928,
    "n_regions": 223
  },
  "generation": {
    "cpu_time": 121.35915408400001,
    "real_time": 121.35831713676453,
    "no_test": 5000000,
    "no_disc": 283599
  },
  "config": {
    "max_depth": 10,
    "min_samples_per_region": 1000,
    "max_samples_per_region": 3000,
    "min_gain": 0.0,
    "gini_weight_mode": "sample",
    "max_split_ratio": 1.0,
    "sampling_risk_focus_alpha": 0.25,
    "sampling_risk_floor": 1e-05,
    "batch_size": 512,
    "disc_phase": "generation",
    "sample_draws": 5000000,
    "random_seed": 4
  }
}