{
  "label": "regionft_a0p25-DecTree-Lsac-sex-d5000000",
  "repeat": 3,
  "method": "regionft_a0p25",
  "model": "DecTree",
  "dataset": "Lsac",
  "protected": "sex",
  "runtime": 7200,
  "no_disc": 1684941,
  "no_test": 6136775,
  "prec": 0.2745645717824101,
  "cpu_time": 148.44140915200023,
  "real_time": 148.4485433101654,
  "partition": {
    "cpu_time": 71.4902200900001,
    "real_time": 71.4955403804779,
    "no_test": 1136775,
    "no_disc": 146286,
    "n_regions": 527
  },
  "generation": {
    "cpu_time": 76.95118906200014,
    "real_time": 76.9530029296875,
    "no_test": 5000000,
    "no_disc": 1538655
  },
  "config": {
    "max_depth": 10,
    "min_samples_per_region": 1000,
    "max_samples_per_region": 3000,
    "min_gain": 0.0,
    "gini_weight_mode": "sample",
    "max_split_ratio": 1.0,
    "sampling_risk_focus_alpha": 0.25,
    "sampling_risk_floor": 1e-05,
    "batch_size": 512,
    "disc_phase": "generation",
    "sample_draws": 5000000,
    "random_seed": 3
  }
}