{
  "label": "regionft_a0p25-GBDT-Adult-age-d5000000",
  "repeat": 3,
  "method": "regionft_a0p25",
  "model": "GBDT",
  "dataset": "Adult",
  "protected": "age",
  "runtime": 7200,
  "no_disc": 3621546,
  "no_test": 6964488,
  "prec": 0.5200017574874133,
  "cpu_time": 443.7003500750001,
  "real_time": 443.72025203704834,
  "partition": {
    "cpu_time": 170.71442930599994,
    "real_time": 170.73497128486633,
    "no_test": 1964488,
    "no_disc": 728203,
    "n_regions": 924
  },
  "generation": {
    "cpu_time": 272.98592076900013,
    "real_time": 272.985280752182,
    "no_test": 5000000,
    "no_disc": 2893343
  },
  "config": {
    "max_depth": 10,
    "min_samples_per_region": 1000,
    "max_samples_per_region": 3000,
    "min_gain": 0.0,
    "gini_weight_mode": "sample",
    "max_split_ratio": 1.0,
    "sampling_risk_focus_alpha": 0.25,
    "sampling_risk_floor": 1e-05,
    "batch_size": 512,
    "disc_phase": "generation",
    "sample_draws": 5000000,
    "random_seed": 3
  }
}