{
  "label": "regionft_a0p25-GBDT-Lsac-race-d5000000",
  "repeat": 2,
  "method": "regionft_a0p25",
  "model": "GBDT",
  "dataset": "Lsac",
  "protected": "race",
  "runtime": 7200,
  "no_disc": 995752,
  "no_test": 7065098,
  "prec": 0.14093958781605012,
  "cpu_time": 248.06425411300006,
  "real_time": 248.0697557926178,
  "partition": {
    "cpu_time": 137.53352326100003,
    "real_time": 137.53824973106384,
    "no_test": 2065098,
    "no_disc": 319048,
    "n_regions": 963
  },
  "generation": {
    "cpu_time": 110.53073085200003,
    "real_time": 110.53150606155396,
    "no_test": 5000000,
    "no_disc": 676704
  },
  "config": {
    "max_depth": 10,
    "min_samples_per_region": 1000,
    "max_samples_per_region": 3000,
    "min_gain": 0.0,
    "gini_weight_mode": "sample",
    "max_split_ratio": 1.0,
    "sampling_risk_focus_alpha": 0.25,
    "sampling_risk_floor": 1e-05,
    "batch_size": 512,
    "disc_phase": "generation",
    "sample_draws": 5000000,
    "random_seed": 2
  }
}