{
  "label": "regionft_a0p25-MLP-Lsac-sex-d5000000",
  "repeat": 2,
  "method": "regionft_a0p25",
  "model": "MLP",
  "dataset": "Lsac",
  "protected": "sex",
  "runtime": 7200,
  "no_disc": 158320,
  "no_test": 6915556,
  "prec": 0.02289331472408003,
  "cpu_time": 173.0973792679997,
  "real_time": 173.09914684295654,
  "partition": {
    "cpu_time": 101.24364369399973,
    "real_time": 101.24511408805847,
    "no_test": 1915556,
    "no_disc": 46867,
    "n_regions": 907
  },
  "generation": {
    "cpu_time": 71.85373557399998,
    "real_time": 71.85403275489807,
    "no_test": 5000000,
    "no_disc": 111453
  },
  "config": {
    "max_depth": 10,
    "min_samples_per_region": 1000,
    "max_samples_per_region": 3000,
    "min_gain": 0.0,
    "gini_weight_mode": "sample",
    "max_split_ratio": 1.0,
    "sampling_risk_focus_alpha": 0.25,
    "sampling_risk_floor": 1e-05,
    "batch_size": 512,
    "disc_phase": "generation",
    "sample_draws": 5000000,
    "random_seed": 2
  }
}