{
  "label": "regionft_a0p25-MLP-Credit-sex-d5000000",
  "repeat": 3,
  "method": "regionft_a0p25",
  "model": "MLP",
  "dataset": "Credit",
  "protected": "sex",
  "runtime": 7200,
  "no_disc": 530814,
  "no_test": 6998426,
  "prec": 0.07584762630911579,
  "cpu_time": 174.44257076600024,
  "real_time": 174.4463186264038,
  "partition": {
    "cpu_time": 89.42272914700015,
    "real_time": 89.42586731910706,
    "no_test": 1998426,
    "no_disc": 131026,
    "n_regions": 932
  },
  "generation": {
    "cpu_time": 85.01984161900009,
    "real_time": 85.02045130729675,
    "no_test": 5000000,
    "no_disc": 399788
  },
  "config": {
    "max_depth": 10,
    "min_samples_per_region": 1000,
    "max_samples_per_region": 3000,
    "min_gain": 0.0,
    "gini_weight_mode": "sample",
    "max_split_ratio": 1.0,
    "sampling_risk_focus_alpha": 0.25,
    "sampling_risk_floor": 1e-05,
    "batch_size": 512,
    "disc_phase": "generation",
    "sample_draws": 5000000,
    "random_seed": 3
  }
}