{
  "label": "regionft_a0p25-DecTree-Bank-age-d5000000",
  "repeat": 3,
  "method": "regionft_a0p25",
  "model": "DecTree",
  "dataset": "Bank",
  "protected": "age",
  "runtime": 7200,
  "no_disc": 2785609,
  "no_test": 6297890,
  "prec": 0.4423082969057891,
  "cpu_time": 344.2147073169999,
  "real_time": 344.2218596935272,
  "partition": {
    "cpu_time": 112.81741171300018,
    "real_time": 112.82113265991211,
    "no_test": 1297890,
    "no_disc": 357783,
    "n_regions": 587
  },
  "generation": {
    "cpu_time": 231.39729560399974,
    "real_time": 231.4007270336151,
    "no_test": 5000000,
    "no_disc": 2427826
  },
  "config": {
    "max_depth": 10,
    "min_samples_per_region": 1000,
    "max_samples_per_region": 3000,
    "min_gain": 0.0,
    "gini_weight_mode": "sample",
    "max_split_ratio": 1.0,
    "sampling_risk_focus_alpha": 0.25,
    "sampling_risk_floor": 1e-05,
    "batch_size": 512,
    "disc_phase": "generation",
    "sample_draws": 5000000,
    "random_seed": 3
  }
}