{
  "label": "regionft_a0p25-MLP-Bank-age-d5000000",
  "repeat": 2,
  "method": "regionft_a0p25",
  "model": "MLP",
  "dataset": "Bank",
  "protected": "age",
  "runtime": 7200,
  "no_disc": 1437990,
  "no_test": 7113917,
  "prec": 0.2021375846808446,
  "cpu_time": 489.70673500199973,
  "real_time": 489.7148835659027,
  "partition": {
    "cpu_time": 189.13811841200004,
    "real_time": 189.1408200263977,
    "no_test": 2113917,
    "no_disc": 345316,
    "n_regions": 980
  },
  "generation": {
    "cpu_time": 300.5686165899997,
    "real_time": 300.574063539505,
    "no_test": 5000000,
    "no_disc": 1092674
  },
  "config": {
    "max_depth": 10,
    "min_samples_per_region": 1000,
    "max_samples_per_region": 3000,
    "min_gain": 0.0,
    "gini_weight_mode": "sample",
    "max_split_ratio": 1.0,
    "sampling_risk_focus_alpha": 0.25,
    "sampling_risk_floor": 1e-05,
    "batch_size": 512,
    "disc_phase": "generation",
    "sample_draws": 5000000,
    "random_seed": 2
  }
}