{
  "label": "regionft_a0p25-DecTree-Lsac-race-d5000000",
  "repeat": 0,
  "method": "regionft_a0p25",
  "model": "DecTree",
  "dataset": "Lsac",
  "protected": "race",
  "runtime": 7200,
  "no_disc": 1606854,
  "no_test": 5764248,
  "prec": 0.27876212126889754,
  "cpu_time": 143.15442795399986,
  "real_time": 143.1598722934723,
  "partition": {
    "cpu_time": 53.97125441799972,
    "real_time": 53.97421193122864,
    "no_test": 764248,
    "no_disc": 112578,
    "n_regions": 348
  },
  "generation": {
    "cpu_time": 89.18317353600014,
    "real_time": 89.18566036224365,
    "no_test": 5000000,
    "no_disc": 1494276
  },
  "config": {
    "max_depth": 10,
    "min_samples_per_region": 1000,
    "max_samples_per_region": 3000,
    "min_gain": 0.0,
    "gini_weight_mode": "sample",
    "max_split_ratio": 1.0,
    "sampling_risk_focus_alpha": 0.25,
    "sampling_risk_floor": 1e-05,
    "batch_size": 512,
    "disc_phase": "generation",
    "sample_draws": 5000000,
    "random_seed": 0
  }
}