{
  "label": "regionft_a0p25-DecTree-Bank-age-d5000000",
  "repeat": 4,
  "method": "regionft_a0p25",
  "model": "DecTree",
  "dataset": "Bank",
  "protected": "age",
  "runtime": 7200,
  "no_disc": 2788251,
  "no_test": 6374657,
  "prec": 0.43739623951531825,
  "cpu_time": 348.9587877240001,
  "real_time": 348.96621441841125,
  "partition": {
    "cpu_time": 118.44344148100026,
    "real_time": 118.44844913482666,
    "no_test": 1374657,
    "no_disc": 360363,
    "n_regions": 627
  },
  "generation": {
    "cpu_time": 230.51534624299984,
    "real_time": 230.5177652835846,
    "no_test": 5000000,
    "no_disc": 2427888
  },
  "config": {
    "max_depth": 10,
    "min_samples_per_region": 1000,
    "max_samples_per_region": 3000,
    "min_gain": 0.0,
    "gini_weight_mode": "sample",
    "max_split_ratio": 1.0,
    "sampling_risk_focus_alpha": 0.25,
    "sampling_risk_floor": 1e-05,
    "batch_size": 512,
    "disc_phase": "generation",
    "sample_draws": 5000000,
    "random_seed": 4
  }
}