{
  "label": "regionft_a0p25-GBDT-Lsac-sex-d5000000",
  "repeat": 1,
  "method": "regionft_a0p25",
  "model": "GBDT",
  "dataset": "Lsac",
  "protected": "sex",
  "runtime": 7200,
  "no_disc": 193146,
  "no_test": 7019527,
  "prec": 0.027515529180242488,
  "cpu_time": 194.11985942899992,
  "real_time": 194.12452793121338,
  "partition": {
    "cpu_time": 112.87584653399972,
    "real_time": 112.87985754013062,
    "no_test": 2019527,
    "no_disc": 113154,
    "n_regions": 966
  },
  "generation": {
    "cpu_time": 81.2440128950002,
    "real_time": 81.24467039108276,
    "no_test": 5000000,
    "no_disc": 79992
  },
  "config": {
    "max_depth": 10,
    "min_samples_per_region": 1000,
    "max_samples_per_region": 3000,
    "min_gain": 0.0,
    "gini_weight_mode": "sample",
    "max_split_ratio": 1.0,
    "sampling_risk_focus_alpha": 0.25,
    "sampling_risk_floor": 1e-05,
    "batch_size": 512,
    "disc_phase": "generation",
    "sample_draws": 5000000,
    "random_seed": 1
  }
}