{
  "label": "regionft_a0p25-MLP-Lsac-sex-d5000000",
  "repeat": 0,
  "method": "regionft_a0p25",
  "model": "MLP",
  "dataset": "Lsac",
  "protected": "sex",
  "runtime": 7200,
  "no_disc": 175134,
  "no_test": 7102411,
  "prec": 0.024658387130792627,
  "cpu_time": 183.1184595079999,
  "real_time": 183.12279176712036,
  "partition": {
    "cpu_time": 111.44767674599962,
    "real_time": 111.4520173072815,
    "no_test": 2102411,
    "no_disc": 63248,
    "n_regions": 992
  },
  "generation": {
    "cpu_time": 71.67078276200027,
    "real_time": 71.67077445983887,
    "no_test": 5000000,
    "no_disc": 111886
  },
  "config": {
    "max_depth": 10,
    "min_samples_per_region": 1000,
    "max_samples_per_region": 3000,
    "min_gain": 0.0,
    "gini_weight_mode": "sample",
    "max_split_ratio": 1.0,
    "sampling_risk_focus_alpha": 0.25,
    "sampling_risk_floor": 1e-05,
    "batch_size": 512,
    "disc_phase": "generation",
    "sample_draws": 5000000,
    "random_seed": 0
  }
}