{
  "label": "regionft_a0p25-GBDT-Adult-age-d5000000",
  "repeat": 4,
  "method": "regionft_a0p25",
  "model": "GBDT",
  "dataset": "Adult",
  "protected": "age",
  "runtime": 7200,
  "no_disc": 3526009,
  "no_test": 6955252,
  "prec": 0.5069563259533947,
  "cpu_time": 445.36216469199985,
  "real_time": 445.37892293930054,
  "partition": {
    "cpu_time": 167.61314279299995,
    "real_time": 167.63062024116516,
    "no_test": 1955252,
    "no_disc": 634113,
    "n_regions": 918
  },
  "generation": {
    "cpu_time": 277.7490218989999,
    "real_time": 277.7483026981354,
    "no_test": 5000000,
    "no_disc": 2891896
  },
  "config": {
    "max_depth": 10,
    "min_samples_per_region": 1000,
    "max_samples_per_region": 3000,
    "min_gain": 0.0,
    "gini_weight_mode": "sample",
    "max_split_ratio": 1.0,
    "sampling_risk_focus_alpha": 0.25,
    "sampling_risk_floor": 1e-05,
    "batch_size": 512,
    "disc_phase": "generation",
    "sample_draws": 5000000,
    "random_seed": 4
  }
}