{
  "label": "regionft_a0p25-LogReg-Credit-sex-d5000000",
  "repeat": 2,
  "method": "regionft_a0p25",
  "model": "LogReg",
  "dataset": "Credit",
  "protected": "sex",
  "runtime": 7200,
  "no_disc": 481353,
  "no_test": 7193699,
  "prec": 0.06691314162574775,
  "cpu_time": 174.91932607200033,
  "real_time": 174.9224078655243,
  "partition": {
    "cpu_time": 96.77153342600013,
    "real_time": 96.77427268028259,
    "no_test": 2193699,
    "no_disc": 140467,
    "n_regions": 1013
  },
  "generation": {
    "cpu_time": 78.1477926460002,
    "real_time": 78.1481351852417,
    "no_test": 5000000,
    "no_disc": 340886
  },
  "config": {
    "max_depth": 10,
    "min_samples_per_region": 1000,
    "max_samples_per_region": 3000,
    "min_gain": 0.0,
    "gini_weight_mode": "sample",
    "max_split_ratio": 1.0,
    "sampling_risk_focus_alpha": 0.25,
    "sampling_risk_floor": 1e-05,
    "batch_size": 512,
    "disc_phase": "generation",
    "sample_draws": 5000000,
    "random_seed": 2
  }
}