{
  "label": "regionft_a0p25-MLP-Lsac-sex-d5000000",
  "repeat": 1,
  "method": "regionft_a0p25",
  "model": "MLP",
  "dataset": "Lsac",
  "protected": "sex",
  "runtime": 7200,
  "no_disc": 182189,
  "no_test": 7153056,
  "prec": 0.02547009278272112,
  "cpu_time": 187.7347226820002,
  "real_time": 187.73902797698975,
  "partition": {
    "cpu_time": 115.45660424800008,
    "real_time": 115.46078300476074,
    "no_test": 2153056,
    "no_disc": 71491,
    "n_regions": 1016
  },
  "generation": {
    "cpu_time": 72.27811843400013,
    "real_time": 72.278244972229,
    "no_test": 5000000,
    "no_disc": 110698
  },
  "config": {
    "max_depth": 10,
    "min_samples_per_region": 1000,
    "max_samples_per_region": 3000,
    "min_gain": 0.0,
    "gini_weight_mode": "sample",
    "max_split_ratio": 1.0,
    "sampling_risk_focus_alpha": 0.25,
    "sampling_risk_floor": 1e-05,
    "batch_size": 512,
    "disc_phase": "generation",
    "sample_draws": 5000000,
    "random_seed": 1
  }
}