{
  "label": "regionft_a0p25-LogReg-Adult-sex-d5000000",
  "repeat": 0,
  "method": "regionft_a0p25",
  "model": "LogReg",
  "dataset": "Adult",
  "protected": "sex",
  "runtime": 7200,
  "no_disc": 211437,
  "no_test": 6491017,
  "prec": 0.032573786203302195,
  "cpu_time": 131.0813026220003,
  "real_time": 131.08562707901,
  "partition": {
    "cpu_time": 64.88526652000019,
    "real_time": 64.88860321044922,
    "no_test": 1491017,
    "no_disc": 74925,
    "n_regions": 716
  },
  "generation": {
    "cpu_time": 66.19603610200011,
    "real_time": 66.19702386856079,
    "no_test": 5000000,
    "no_disc": 136512
  },
  "config": {
    "max_depth": 10,
    "min_samples_per_region": 1000,
    "max_samples_per_region": 3000,
    "min_gain": 0.0,
    "gini_weight_mode": "sample",
    "max_split_ratio": 1.0,
    "sampling_risk_focus_alpha": 0.25,
    "sampling_risk_floor": 1e-05,
    "batch_size": 512,
    "disc_phase": "generation",
    "sample_draws": 5000000,
    "random_seed": 0
  }
}