{
  "label": "regionft_a0p25-GBDT-Lsac-sex-d5000000",
  "repeat": 4,
  "method": "regionft_a0p25",
  "model": "GBDT",
  "dataset": "Lsac",
  "protected": "sex",
  "runtime": 7200,
  "no_disc": 218834,
  "no_test": 7067558,
  "prec": 0.030963170022799955,
  "cpu_time": 201.47837920499978,
  "real_time": 201.47939491271973,
  "partition": {
    "cpu_time": 120.07257489499989,
    "real_time": 120.07347798347473,
    "no_test": 2067558,
    "no_disc": 132887,
    "n_regions": 985
  },
  "generation": {
    "cpu_time": 81.4058043099999,
    "real_time": 81.405916929245,
    "no_test": 5000000,
    "no_disc": 85947
  },
  "config": {
    "max_depth": 10,
    "min_samples_per_region": 1000,
    "max_samples_per_region": 3000,
    "min_gain": 0.0,
    "gini_weight_mode": "sample",
    "max_split_ratio": 1.0,
    "sampling_risk_focus_alpha": 0.25,
    "sampling_risk_floor": 1e-05,
    "batch_size": 512,
    "disc_phase": "generation",
    "sample_draws": 5000000,
    "random_seed": 4
  }
}