{
  "label": "regionft_a0p25-GBDT-Adult-age-d5000000",
  "repeat": 0,
  "method": "regionft_a0p25",
  "model": "GBDT",
  "dataset": "Adult",
  "protected": "age",
  "runtime": 7200,
  "no_disc": 3519243,
  "no_test": 7037248,
  "prec": 0.500087960520931,
  "cpu_time": 459.70331279100003,
  "real_time": 459.7300410270691,
  "partition": {
    "cpu_time": 180.61450195100008,
    "real_time": 180.642192363739,
    "no_test": 2037248,
    "no_disc": 693129,
    "n_regions": 958
  },
  "generation": {
    "cpu_time": 279.08881083999995,
    "real_time": 279.0878486633301,
    "no_test": 5000000,
    "no_disc": 2826114
  },
  "config": {
    "max_depth": 10,
    "min_samples_per_region": 1000,
    "max_samples_per_region": 3000,
    "min_gain": 0.0,
    "gini_weight_mode": "sample",
    "max_split_ratio": 1.0,
    "sampling_risk_focus_alpha": 0.25,
    "sampling_risk_floor": 1e-05,
    "batch_size": 512,
    "disc_phase": "generation",
    "sample_draws": 5000000,
    "random_seed": 0
  }
}