{
  "label": "regionft_a0p25-GBDT-Credit-sex-d5000000",
  "repeat": 2,
  "method": "regionft_a0p25",
  "model": "GBDT",
  "dataset": "Credit",
  "protected": "sex",
  "runtime": 7200,
  "no_disc": 265676,
  "no_test": 6797065,
  "prec": 0.03908687058311198,
  "cpu_time": 167.71372730899998,
  "real_time": 167.7168481349945,
  "partition": {
    "cpu_time": 76.90274402399996,
    "real_time": 76.90501880645752,
    "no_test": 1797065,
    "no_disc": 74189,
    "n_regions": 856
  },
  "generation": {
    "cpu_time": 90.81098328500002,
    "real_time": 90.81182932853699,
    "no_test": 5000000,
    "no_disc": 191487
  },
  "config": {
    "max_depth": 10,
    "min_samples_per_region": 1000,
    "max_samples_per_region": 3000,
    "min_gain": 0.0,
    "gini_weight_mode": "sample",
    "max_split_ratio": 1.0,
    "sampling_risk_focus_alpha": 0.25,
    "sampling_risk_floor": 1e-05,
    "batch_size": 512,
    "disc_phase": "generation",
    "sample_draws": 5000000,
    "random_seed": 2
  }
}