{
  "label": "regionft_a0p25-LogReg-Adult-race-d5000000",
  "repeat": 3,
  "method": "regionft_a0p25",
  "model": "LogReg",
  "dataset": "Adult",
  "protected": "race",
  "runtime": 7200,
  "no_disc": 261302,
  "no_test": 6567836,
  "prec": 0.03978509816627577,
  "cpu_time": 202.96688755500008,
  "real_time": 202.97048115730286,
  "partition": {
    "cpu_time": 82.94673847800004,
    "real_time": 82.94999551773071,
    "no_test": 1567836,
    "no_disc": 93802,
    "n_regions": 755
  },
  "generation": {
    "cpu_time": 120.02014907700004,
    "real_time": 120.02048563957214,
    "no_test": 5000000,
    "no_disc": 167500
  },
  "config": {
    "max_depth": 10,
    "min_samples_per_region": 1000,
    "max_samples_per_region": 3000,
    "min_gain": 0.0,
    "gini_weight_mode": "sample",
    "max_split_ratio": 1.0,
    "sampling_risk_focus_alpha": 0.25,
    "sampling_risk_floor": 1e-05,
    "batch_size": 512,
    "disc_phase": "generation",
    "sample_draws": 5000000,
    "random_seed": 3
  }
}