{
  "label": "regionft_a0p25-LogReg-Credit-age-d5000000",
  "repeat": 2,
  "method": "regionft_a0p25",
  "model": "LogReg",
  "dataset": "Credit",
  "protected": "age",
  "runtime": 7200,
  "no_disc": 1140504,
  "no_test": 7216904,
  "prec": 0.15803230859105233,
  "cpu_time": 331.1377321969999,
  "real_time": 331.1395161151886,
  "partition": {
    "cpu_time": 146.8481311989999,
    "real_time": 146.8495512008667,
    "no_test": 2216904,
    "no_disc": 307193,
    "n_regions": 1022
  },
  "generation": {
    "cpu_time": 184.28960099799997,
    "real_time": 184.2899649143219,
    "no_test": 5000000,
    "no_disc": 833311
  },
  "config": {
    "max_depth": 10,
    "min_samples_per_region": 1000,
    "max_samples_per_region": 3000,
    "min_gain": 0.0,
    "gini_weight_mode": "sample",
    "max_split_ratio": 1.0,
    "sampling_risk_focus_alpha": 0.25,
    "sampling_risk_floor": 1e-05,
    "batch_size": 512,
    "disc_phase": "generation",
    "sample_draws": 5000000,
    "random_seed": 2
  }
}