{
  "label": "regionft_a0p25-LogReg-Bank-age-d5000000",
  "repeat": 4,
  "method": "regionft_a0p25",
  "model": "LogReg",
  "dataset": "Bank",
  "protected": "age",
  "runtime": 7200,
  "no_disc": 342104,
  "no_test": 6696641,
  "prec": 0.05108591008536967,
  "cpu_time": 339.82600457200033,
  "real_time": 339.83679842948914,
  "partition": {
    "cpu_time": 130.390890228,
    "real_time": 130.39550709724426,
    "no_test": 1696641,
    "no_disc": 108061,
    "n_regions": 805
  },
  "generation": {
    "cpu_time": 209.43511434400034,
    "real_time": 209.44129133224487,
    "no_test": 5000000,
    "no_disc": 234043
  },
  "config": {
    "max_depth": 10,
    "min_samples_per_region": 1000,
    "max_samples_per_region": 3000,
    "min_gain": 0.0,
    "gini_weight_mode": "sample",
    "max_split_ratio": 1.0,
    "sampling_risk_focus_alpha": 0.25,
    "sampling_risk_floor": 1e-05,
    "batch_size": 512,
    "disc_phase": "generation",
    "sample_draws": 5000000,
    "random_seed": 4
  }
}