{
  "label": "regionft_a0p25-LogReg-Adult-race-d5000000",
  "repeat": 1,
  "method": "regionft_a0p25",
  "model": "LogReg",
  "dataset": "Adult",
  "protected": "race",
  "runtime": 7200,
  "no_disc": 252534,
  "no_test": 6537788,
  "prec": 0.038626826076342644,
  "cpu_time": 198.4463018949998,
  "real_time": 198.45275020599365,
  "partition": {
    "cpu_time": 80.10214195799995,
    "real_time": 80.10733532905579,
    "no_test": 1537788,
    "no_disc": 85991,
    "n_regions": 740
  },
  "generation": {
    "cpu_time": 118.34415993699986,
    "real_time": 118.34541487693787,
    "no_test": 5000000,
    "no_disc": 166543
  },
  "config": {
    "max_depth": 10,
    "min_samples_per_region": 1000,
    "max_samples_per_region": 3000,
    "min_gain": 0.0,
    "gini_weight_mode": "sample",
    "max_split_ratio": 1.0,
    "sampling_risk_focus_alpha": 0.25,
    "sampling_risk_floor": 1e-05,
    "batch_size": 512,
    "disc_phase": "generation",
    "sample_draws": 5000000,
    "random_seed": 1
  }
}