{
  "label": "regionft_a0p25-DecTree-Adult-race-d5000000",
  "repeat": 1,
  "method": "regionft_a0p25",
  "model": "DecTree",
  "dataset": "Adult",
  "protected": "race",
  "runtime": 7200,
  "no_disc": 353363,
  "no_test": 5794989,
  "prec": 0.06097733748933777,
  "cpu_time": 169.84184446300003,
  "real_time": 169.84663486480713,
  "partition": {
    "cpu_time": 46.14000764899993,
    "real_time": 46.14418935775757,
    "no_test": 794989,
    "no_disc": 72178,
    "n_regions": 383
  },
  "generation": {
    "cpu_time": 123.7018368140001,
    "real_time": 123.70244550704956,
    "no_test": 5000000,
    "no_disc": 281185
  },
  "config": {
    "max_depth": 10,
    "min_samples_per_region": 1000,
    "max_samples_per_region": 3000,
    "min_gain": 0.0,
    "gini_weight_mode": "sample",
    "max_split_ratio": 1.0,
    "sampling_risk_focus_alpha": 0.25,
    "sampling_risk_floor": 1e-05,
    "batch_size": 512,
    "disc_phase": "generation",
    "sample_draws": 5000000,
    "random_seed": 1
  }
}