{
  "label": "regionft_a0p25-LogReg-Bank-age-d5000000",
  "repeat": 0,
  "method": "regionft_a0p25",
  "model": "LogReg",
  "dataset": "Bank",
  "protected": "age",
  "runtime": 7200,
  "no_disc": 325666,
  "no_test": 6868687,
  "prec": 0.04741313732886649,
  "cpu_time": 351.8755737829997,
  "real_time": 351.89116954803467,
  "partition": {
    "cpu_time": 145.21403804400006,
    "real_time": 145.22038102149963,
    "no_test": 1868687,
    "no_disc": 102254,
    "n_regions": 889
  },
  "generation": {
    "cpu_time": 206.66153573899965,
    "real_time": 206.67078852653503,
    "no_test": 5000000,
    "no_disc": 223412
  },
  "config": {
    "max_depth": 10,
    "min_samples_per_region": 1000,
    "max_samples_per_region": 3000,
    "min_gain": 0.0,
    "gini_weight_mode": "sample",
    "max_split_ratio": 1.0,
    "sampling_risk_focus_alpha": 0.25,
    "sampling_risk_floor": 1e-05,
    "batch_size": 512,
    "disc_phase": "generation",
    "sample_draws": 5000000,
    "random_seed": 0
  }
}