{
  "label": "regionft_a0p25-DecTree-Adult-race-d5000000",
  "repeat": 2,
  "method": "regionft_a0p25",
  "model": "DecTree",
  "dataset": "Adult",
  "protected": "race",
  "runtime": 7200,
  "no_disc": 347077,
  "no_test": 5583069,
  "prec": 0.06216598791811457,
  "cpu_time": 156.55707090400006,
  "real_time": 156.55575442314148,
  "partition": {
    "cpu_time": 33.220290785999964,
    "real_time": 33.22048759460449,
    "no_test": 583069,
    "no_disc": 57546,
    "n_regions": 281
  },
  "generation": {
    "cpu_time": 123.33678011800009,
    "real_time": 123.33526682853699,
    "no_test": 5000000,
    "no_disc": 289531
  },
  "config": {
    "max_depth": 10,
    "min_samples_per_region": 1000,
    "max_samples_per_region": 3000,
    "min_gain": 0.0,
    "gini_weight_mode": "sample",
    "max_split_ratio": 1.0,
    "sampling_risk_focus_alpha": 0.25,
    "sampling_risk_floor": 1e-05,
    "batch_size": 512,
    "disc_phase": "generation",
    "sample_draws": 5000000,
    "random_seed": 2
  }
}