{
  "label": "regionft_a0p25-LogReg-Lsac-sex-d5000000",
  "repeat": 1,
  "method": "regionft_a0p25",
  "model": "LogReg",
  "dataset": "Lsac",
  "protected": "sex",
  "runtime": 7200,
  "no_disc": 171580,
  "no_test": 6757456,
  "prec": 0.025391212314220025,
  "cpu_time": 156.48128717200007,
  "real_time": 156.48422408103943,
  "partition": {
    "cpu_time": 92.85230771500028,
    "real_time": 92.85489869117737,
    "no_test": 1757456,
    "no_disc": 53613,
    "n_regions": 835
  },
  "generation": {
    "cpu_time": 63.62897945699979,
    "real_time": 63.62932538986206,
    "no_test": 5000000,
    "no_disc": 117967
  },
  "config": {
    "max_depth": 10,
    "min_samples_per_region": 1000,
    "max_samples_per_region": 3000,
    "min_gain": 0.0,
    "gini_weight_mode": "sample",
    "max_split_ratio": 1.0,
    "sampling_risk_focus_alpha": 0.25,
    "sampling_risk_floor": 1e-05,
    "batch_size": 512,
    "disc_phase": "generation",
    "sample_draws": 5000000,
    "random_seed": 1
  }
}