{
  "label": "regionft_a0p25-LogReg-Credit-sex-d5000000",
  "repeat": 3,
  "method": "regionft_a0p25",
  "model": "LogReg",
  "dataset": "Credit",
  "protected": "sex",
  "runtime": 7200,
  "no_disc": 481393,
  "no_test": 7144930,
  "prec": 0.06737546763929107,
  "cpu_time": 172.6714146879999,
  "real_time": 172.67579913139343,
  "partition": {
    "cpu_time": 95.51688004000016,
    "real_time": 95.52100658416748,
    "no_test": 2144930,
    "no_disc": 128348,
    "n_regions": 994
  },
  "generation": {
    "cpu_time": 77.15453464799975,
    "real_time": 77.15479254722595,
    "no_test": 5000000,
    "no_disc": 353045
  },
  "config": {
    "max_depth": 10,
    "min_samples_per_region": 1000,
    "max_samples_per_region": 3000,
    "min_gain": 0.0,
    "gini_weight_mode": "sample",
    "max_split_ratio": 1.0,
    "sampling_risk_focus_alpha": 0.25,
    "sampling_risk_floor": 1e-05,
    "batch_size": 512,
    "disc_phase": "generation",
    "sample_draws": 5000000,
    "random_seed": 3
  }
}