{
  "label": "regionft_a0p25-LogReg-Lsac-race-d5000000",
  "repeat": 2,
  "method": "regionft_a0p25",
  "model": "LogReg",
  "dataset": "Lsac",
  "protected": "race",
  "runtime": 7200,
  "no_disc": 678079,
  "no_test": 7036554,
  "prec": 0.09636520944769272,
  "cpu_time": 207.276771311,
  "real_time": 207.29476356506348,
  "partition": {
    "cpu_time": 121.49135789500002,
    "real_time": 121.50769019126892,
    "no_test": 2036554,
    "no_disc": 209206,
    "n_regions": 953
  },
  "generation": {
    "cpu_time": 85.78541341599998,
    "real_time": 85.78707337379456,
    "no_test": 5000000,
    "no_disc": 468873
  },
  "config": {
    "max_depth": 10,
    "min_samples_per_region": 1000,
    "max_samples_per_region": 3000,
    "min_gain": 0.0,
    "gini_weight_mode": "sample",
    "max_split_ratio": 1.0,
    "sampling_risk_focus_alpha": 0.25,
    "sampling_risk_floor": 1e-05,
    "batch_size": 512,
    "disc_phase": "generation",
    "sample_draws": 5000000,
    "random_seed": 2
  }
}