{
  "label": "regionft_a0p25-MLP-Credit-age-d5000000",
  "repeat": 4,
  "method": "regionft_a0p25",
  "model": "MLP",
  "dataset": "Credit",
  "protected": "age",
  "runtime": 7200,
  "no_disc": 1073352,
  "no_test": 7193464,
  "prec": 0.1492121181116636,
  "cpu_time": 366.78837550900016,
  "real_time": 366.79481267929077,
  "partition": {
    "cpu_time": 151.14999380699965,
    "real_time": 151.15310859680176,
    "no_test": 2193464,
    "no_disc": 279041,
    "n_regions": 1020
  },
  "generation": {
    "cpu_time": 215.63838170200052,
    "real_time": 215.641704082489,
    "no_test": 5000000,
    "no_disc": 794311
  },
  "config": {
    "max_depth": 10,
    "min_samples_per_region": 1000,
    "max_samples_per_region": 3000,
    "min_gain": 0.0,
    "gini_weight_mode": "sample",
    "max_split_ratio": 1.0,
    "sampling_risk_focus_alpha": 0.25,
    "sampling_risk_floor": 1e-05,
    "batch_size": 512,
    "disc_phase": "generation",
    "sample_draws": 5000000,
    "random_seed": 4
  }
}