{
  "label": "regionft_a0p25-GBDT-Lsac-sex-d5000000",
  "repeat": 0,
  "method": "regionft_a0p25",
  "model": "GBDT",
  "dataset": "Lsac",
  "protected": "sex",
  "runtime": 7200,
  "no_disc": 183762,
  "no_test": 6972176,
  "prec": 0.026356477518639804,
  "cpu_time": 195.20610923599997,
  "real_time": 195.21942949295044,
  "partition": {
    "cpu_time": 113.21156976200018,
    "real_time": 113.22474598884583,
    "no_test": 1972176,
    "no_disc": 104419,
    "n_regions": 945
  },
  "generation": {
    "cpu_time": 81.9945394739998,
    "real_time": 81.99468350410461,
    "no_test": 5000000,
    "no_disc": 79343
  },
  "config": {
    "max_depth": 10,
    "min_samples_per_region": 1000,
    "max_samples_per_region": 3000,
    "min_gain": 0.0,
    "gini_weight_mode": "sample",
    "max_split_ratio": 1.0,
    "sampling_risk_focus_alpha": 0.25,
    "sampling_risk_floor": 1e-05,
    "batch_size": 512,
    "disc_phase": "generation",
    "sample_draws": 5000000,
    "random_seed": 0
  }
}