{
  "label": "regionft_a0p25-GBDT-Adult-race-d5000000",
  "repeat": 4,
  "method": "regionft_a0p25",
  "model": "GBDT",
  "dataset": "Adult",
  "protected": "race",
  "runtime": 7200,
  "no_disc": 196427,
  "no_test": 6733561,
  "prec": 0.029171340394777742,
  "cpu_time": 262.78896912000005,
  "real_time": 262.7897446155548,
  "partition": {
    "cpu_time": 110.58672809299992,
    "real_time": 110.58806037902832,
    "no_test": 1733561,
    "no_disc": 85759,
    "n_regions": 833
  },
  "generation": {
    "cpu_time": 152.20224102700013,
    "real_time": 152.2016842365265,
    "no_test": 5000000,
    "no_disc": 110668
  },
  "config": {
    "max_depth": 10,
    "min_samples_per_region": 1000,
    "max_samples_per_region": 3000,
    "min_gain": 0.0,
    "gini_weight_mode": "sample",
    "max_split_ratio": 1.0,
    "sampling_risk_focus_alpha": 0.25,
    "sampling_risk_floor": 1e-05,
    "batch_size": 512,
    "disc_phase": "generation",
    "sample_draws": 5000000,
    "random_seed": 4
  }
}