{
  "label": "regionft_a0p25-GBDT-Adult-sex-d5000000",
  "repeat": 2,
  "method": "regionft_a0p25",
  "model": "GBDT",
  "dataset": "Adult",
  "protected": "sex",
  "runtime": 7200,
  "no_disc": 433504,
  "no_test": 6833770,
  "prec": 0.06343555606934387,
  "cpu_time": 181.25552951099996,
  "real_time": 181.26796174049377,
  "partition": {
    "cpu_time": 96.15907998699998,
    "real_time": 96.17097806930542,
    "no_test": 1833770,
    "no_disc": 153798,
    "n_regions": 880
  },
  "generation": {
    "cpu_time": 85.09644952399998,
    "real_time": 85.09698367118835,
    "no_test": 5000000,
    "no_disc": 279706
  },
  "config": {
    "max_depth": 10,
    "min_samples_per_region": 1000,
    "max_samples_per_region": 3000,
    "min_gain": 0.0,
    "gini_weight_mode": "sample",
    "max_split_ratio": 1.0,
    "sampling_risk_focus_alpha": 0.25,
    "sampling_risk_floor": 1e-05,
    "batch_size": 512,
    "disc_phase": "generation",
    "sample_draws": 5000000,
    "random_seed": 2
  }
}