{
  "label": "regionft_a0p25-LogReg-Lsac-race-d5000000",
  "repeat": 1,
  "method": "regionft_a0p25",
  "model": "LogReg",
  "dataset": "Lsac",
  "protected": "race",
  "runtime": 7200,
  "no_disc": 646479,
  "no_test": 7081041,
  "prec": 0.09129716944161176,
  "cpu_time": 204.09270017200004,
  "real_time": 204.10662364959717,
  "partition": {
    "cpu_time": 119.94400358300004,
    "real_time": 119.95314717292786,
    "no_test": 2081041,
    "no_disc": 225281,
    "n_regions": 983
  },
  "generation": {
    "cpu_time": 84.148696589,
    "real_time": 84.15347647666931,
    "no_test": 5000000,
    "no_disc": 421198
  },
  "config": {
    "max_depth": 10,
    "min_samples_per_region": 1000,
    "max_samples_per_region": 3000,
    "min_gain": 0.0,
    "gini_weight_mode": "sample",
    "max_split_ratio": 1.0,
    "sampling_risk_focus_alpha": 0.25,
    "sampling_risk_floor": 1e-05,
    "batch_size": 512,
    "disc_phase": "generation",
    "sample_draws": 5000000,
    "random_seed": 1
  }
}