{
  "label": "regionft_a0p25-LogReg-Credit-age-d5000000",
  "repeat": 0,
  "method": "regionft_a0p25",
  "model": "LogReg",
  "dataset": "Credit",
  "protected": "age",
  "runtime": 7200,
  "no_disc": 1097008,
  "no_test": 7170852,
  "prec": 0.15298154250011017,
  "cpu_time": 337.6198086160002,
  "real_time": 337.62600660324097,
  "partition": {
    "cpu_time": 142.37392877000002,
    "real_time": 142.3766438961029,
    "no_test": 2170852,
    "no_disc": 264065,
    "n_regions": 1008
  },
  "generation": {
    "cpu_time": 195.2458798460002,
    "real_time": 195.24936270713806,
    "no_test": 5000000,
    "no_disc": 832943
  },
  "config": {
    "max_depth": 10,
    "min_samples_per_region": 1000,
    "max_samples_per_region": 3000,
    "min_gain": 0.0,
    "gini_weight_mode": "sample",
    "max_split_ratio": 1.0,
    "sampling_risk_focus_alpha": 0.25,
    "sampling_risk_floor": 1e-05,
    "batch_size": 512,
    "disc_phase": "generation",
    "sample_draws": 5000000,
    "random_seed": 0
  }
}