{
  "label": "regionft_a0p25-MLP-Lsac-race-d5000000",
  "repeat": 4,
  "method": "regionft_a0p25",
  "model": "MLP",
  "dataset": "Lsac",
  "protected": "race",
  "runtime": 7200,
  "no_disc": 441733,
  "no_test": 7161918,
  "prec": 0.06167803094087366,
  "cpu_time": 218.1915150760001,
  "real_time": 218.20836901664734,
  "partition": {
    "cpu_time": 124.86296122500016,
    "real_time": 124.87957239151001,
    "no_test": 2161918,
    "no_disc": 130198,
    "n_regions": 1006
  },
  "generation": {
    "cpu_time": 93.32855385099992,
    "real_time": 93.32879662513733,
    "no_test": 5000000,
    "no_disc": 311535
  },
  "config": {
    "max_depth": 10,
    "min_samples_per_region": 1000,
    "max_samples_per_region": 3000,
    "min_gain": 0.0,
    "gini_weight_mode": "sample",
    "max_split_ratio": 1.0,
    "sampling_risk_focus_alpha": 0.25,
    "sampling_risk_floor": 1e-05,
    "batch_size": 512,
    "disc_phase": "generation",
    "sample_draws": 5000000,
    "random_seed": 4
  }
}