{
  "label": "regionft_a0p25-MLP-Credit-age-d5000000",
  "repeat": 2,
  "method": "regionft_a0p25",
  "model": "MLP",
  "dataset": "Credit",
  "protected": "age",
  "runtime": 7200,
  "no_disc": 1052168,
  "no_test": 7007636,
  "prec": 0.1501459265292889,
  "cpu_time": 345.0794785899998,
  "real_time": 345.08316683769226,
  "partition": {
    "cpu_time": 135.45376715700013,
    "real_time": 135.4558732509613,
    "no_test": 2007636,
    "no_disc": 250127,
    "n_regions": 931
  },
  "generation": {
    "cpu_time": 209.62571143299965,
    "real_time": 209.62729358673096,
    "no_test": 5000000,
    "no_disc": 802041
  },
  "config": {
    "max_depth": 10,
    "min_samples_per_region": 1000,
    "max_samples_per_region": 3000,
    "min_gain": 0.0,
    "gini_weight_mode": "sample",
    "max_split_ratio": 1.0,
    "sampling_risk_focus_alpha": 0.25,
    "sampling_risk_floor": 1e-05,
    "batch_size": 512,
    "disc_phase": "generation",
    "sample_draws": 5000000,
    "random_seed": 2
  }
}