{
  "label": "regionft_a0p25-GBDT-Credit-age-d5000000",
  "repeat": 1,
  "method": "regionft_a0p25",
  "model": "GBDT",
  "dataset": "Credit",
  "protected": "age",
  "runtime": 7200,
  "no_disc": 1257233,
  "no_test": 7199870,
  "prec": 0.17461884728474264,
  "cpu_time": 389.2172707100003,
  "real_time": 389.22302651405334,
  "partition": {
    "cpu_time": 168.75770626400026,
    "real_time": 168.76212334632874,
    "no_test": 2199870,
    "no_disc": 393373,
    "n_regions": 1016
  },
  "generation": {
    "cpu_time": 220.45956444600006,
    "real_time": 220.4609031677246,
    "no_test": 5000000,
    "no_disc": 863860
  },
  "config": {
    "max_depth": 10,
    "min_samples_per_region": 1000,
    "max_samples_per_region": 3000,
    "min_gain": 0.0,
    "gini_weight_mode": "sample",
    "max_split_ratio": 1.0,
    "sampling_risk_focus_alpha": 0.25,
    "sampling_risk_floor": 1e-05,
    "batch_size": 512,
    "disc_phase": "generation",
    "sample_draws": 5000000,
    "random_seed": 1
  }
}