{
  "label": "regionft_a0p25-DecTree-Adult-age-d5000000",
  "repeat": 1,
  "method": "regionft_a0p25",
  "model": "DecTree",
  "dataset": "Adult",
  "protected": "age",
  "runtime": 7200,
  "no_disc": 4806834,
  "no_test": 5329014,
  "prec": 0.9020118918809371,
  "cpu_time": 264.68007056500005,
  "real_time": 264.69686222076416,
  "partition": {
    "cpu_time": 27.203013906000024,
    "real_time": 27.21026873588562,
    "no_test": 329014,
    "no_disc": 132942,
    "n_regions": 147
  },
  "generation": {
    "cpu_time": 237.47705665900003,
    "real_time": 237.48659348487854,
    "no_test": 5000000,
    "no_disc": 4673892
  },
  "config": {
    "max_depth": 10,
    "min_samples_per_region": 1000,
    "max_samples_per_region": 3000,
    "min_gain": 0.0,
    "gini_weight_mode": "sample",
    "max_split_ratio": 1.0,
    "sampling_risk_focus_alpha": 0.25,
    "sampling_risk_floor": 1e-05,
    "batch_size": 512,
    "disc_phase": "generation",
    "sample_draws": 5000000,
    "random_seed": 1
  }
}