{
  "label": "regionft_a0p25-LogReg-Credit-age-d5000000",
  "repeat": 4,
  "method": "regionft_a0p25",
  "model": "LogReg",
  "dataset": "Credit",
  "protected": "age",
  "runtime": 7200,
  "no_disc": 1152683,
  "no_test": 7194141,
  "prec": 0.16022524440374467,
  "cpu_time": 330.44518432700033,
  "real_time": 330.4542646408081,
  "partition": {
    "cpu_time": 142.77117546700038,
    "real_time": 142.77659940719604,
    "no_test": 2194141,
    "no_disc": 315650,
    "n_regions": 1012
  },
  "generation": {
    "cpu_time": 187.67400885999996,
    "real_time": 187.67766523361206,
    "no_test": 5000000,
    "no_disc": 837033
  },
  "config": {
    "max_depth": 10,
    "min_samples_per_region": 1000,
    "max_samples_per_region": 3000,
    "min_gain": 0.0,
    "gini_weight_mode": "sample",
    "max_split_ratio": 1.0,
    "sampling_risk_focus_alpha": 0.25,
    "sampling_risk_floor": 1e-05,
    "batch_size": 512,
    "disc_phase": "generation",
    "sample_draws": 5000000,
    "random_seed": 4
  }
}