{
  "label": "regionft_a0p25-LogReg-Lsac-sex-d5000000",
  "repeat": 3,
  "method": "regionft_a0p25",
  "model": "LogReg",
  "dataset": "Lsac",
  "protected": "sex",
  "runtime": 7200,
  "no_disc": 202263,
  "no_test": 7081359,
  "prec": 0.02856273774567848,
  "cpu_time": 175.61896450999984,
  "real_time": 175.62555146217346,
  "partition": {
    "cpu_time": 111.51650088999986,
    "real_time": 111.52291560173035,
    "no_test": 2081359,
    "no_disc": 73131,
    "n_regions": 985
  },
  "generation": {
    "cpu_time": 64.10246361999998,
    "real_time": 64.10263586044312,
    "no_test": 5000000,
    "no_disc": 129132
  },
  "config": {
    "max_depth": 10,
    "min_samples_per_region": 1000,
    "max_samples_per_region": 3000,
    "min_gain": 0.0,
    "gini_weight_mode": "sample",
    "max_split_ratio": 1.0,
    "sampling_risk_focus_alpha": 0.25,
    "sampling_risk_floor": 1e-05,
    "batch_size": 512,
    "disc_phase": "generation",
    "sample_draws": 5000000,
    "random_seed": 3
  }
}