{
  "label": "regionft_a0p25-GBDT-Credit-age-d5000000",
  "repeat": 0,
  "method": "regionft_a0p25",
  "model": "GBDT",
  "dataset": "Credit",
  "protected": "age",
  "runtime": 7200,
  "no_disc": 1242347,
  "no_test": 7205496,
  "prec": 0.17241658311933003,
  "cpu_time": 387.5611128589999,
  "real_time": 387.59566354751587,
  "partition": {
    "cpu_time": 172.74012630199968,
    "real_time": 172.76842403411865,
    "no_test": 2205496,
    "no_disc": 380164,
    "n_regions": 1015
  },
  "generation": {
    "cpu_time": 214.8209865570002,
    "real_time": 214.82723951339722,
    "no_test": 5000000,
    "no_disc": 862183
  },
  "config": {
    "max_depth": 10,
    "min_samples_per_region": 1000,
    "max_samples_per_region": 3000,
    "min_gain": 0.0,
    "gini_weight_mode": "sample",
    "max_split_ratio": 1.0,
    "sampling_risk_focus_alpha": 0.25,
    "sampling_risk_floor": 1e-05,
    "batch_size": 512,
    "disc_phase": "generation",
    "sample_draws": 5000000,
    "random_seed": 0
  }
}