{
  "label": "regionft_a0p25-MLP-Credit-sex-d5000000",
  "repeat": 2,
  "method": "regionft_a0p25",
  "model": "MLP",
  "dataset": "Credit",
  "protected": "sex",
  "runtime": 7200,
  "no_disc": 519957,
  "no_test": 7071481,
  "prec": 0.07352872757488849,
  "cpu_time": 172.16194032199974,
  "real_time": 172.16733717918396,
  "partition": {
    "cpu_time": 87.89780590700002,
    "real_time": 87.90102362632751,
    "no_test": 2071481,
    "no_disc": 128340,
    "n_regions": 967
  },
  "generation": {
    "cpu_time": 84.26413441499972,
    "real_time": 84.26631355285645,
    "no_test": 5000000,
    "no_disc": 391617
  },
  "config": {
    "max_depth": 10,
    "min_samples_per_region": 1000,
    "max_samples_per_region": 3000,
    "min_gain": 0.0,
    "gini_weight_mode": "sample",
    "max_split_ratio": 1.0,
    "sampling_risk_focus_alpha": 0.25,
    "sampling_risk_floor": 1e-05,
    "batch_size": 512,
    "disc_phase": "generation",
    "sample_draws": 5000000,
    "random_seed": 2
  }
}