{
  "label": "regionft_a0p25-GBDT-Credit-sex-d5000000",
  "repeat": 4,
  "method": "regionft_a0p25",
  "model": "GBDT",
  "dataset": "Credit",
  "protected": "sex",
  "runtime": 7200,
  "no_disc": 354159,
  "no_test": 6920298,
  "prec": 0.05117684238453315,
  "cpu_time": 173.8990460619999,
  "real_time": 173.90449452400208,
  "partition": {
    "cpu_time": 80.79909703399994,
    "real_time": 80.8025689125061,
    "no_test": 1920298,
    "no_disc": 128296,
    "n_regions": 918
  },
  "generation": {
    "cpu_time": 93.09994902799997,
    "real_time": 93.10192561149597,
    "no_test": 5000000,
    "no_disc": 225863
  },
  "config": {
    "max_depth": 10,
    "min_samples_per_region": 1000,
    "max_samples_per_region": 3000,
    "min_gain": 0.0,
    "gini_weight_mode": "sample",
    "max_split_ratio": 1.0,
    "sampling_risk_focus_alpha": 0.25,
    "sampling_risk_floor": 1e-05,
    "batch_size": 512,
    "disc_phase": "generation",
    "sample_draws": 5000000,
    "random_seed": 4
  }
}