{
  "label": "regionft_a0p25-MLP-Credit-sex-d5000000",
  "repeat": 4,
  "method": "regionft_a0p25",
  "model": "MLP",
  "dataset": "Credit",
  "protected": "sex",
  "runtime": 7200,
  "no_disc": 502089,
  "no_test": 7061296,
  "prec": 0.07110436950950647,
  "cpu_time": 173.4276683119997,
  "real_time": 173.43039631843567,
  "partition": {
    "cpu_time": 89.15489047699975,
    "real_time": 89.15681719779968,
    "no_test": 2061296,
    "no_disc": 116631,
    "n_regions": 962
  },
  "generation": {
    "cpu_time": 84.27277783499994,
    "real_time": 84.27357912063599,
    "no_test": 5000000,
    "no_disc": 385458
  },
  "config": {
    "max_depth": 10,
    "min_samples_per_region": 1000,
    "max_samples_per_region": 3000,
    "min_gain": 0.0,
    "gini_weight_mode": "sample",
    "max_split_ratio": 1.0,
    "sampling_risk_focus_alpha": 0.25,
    "sampling_risk_floor": 1e-05,
    "batch_size": 512,
    "disc_phase": "generation",
    "sample_draws": 5000000,
    "random_seed": 4
  }
}