{
  "label": "regionft_a0p25-MLP-Adult-age-d5000000",
  "repeat": 4,
  "method": "regionft_a0p25",
  "model": "MLP",
  "dataset": "Adult",
  "protected": "age",
  "runtime": 7200,
  "no_disc": 2042486,
  "no_test": 7188328,
  "prec": 0.2841392323778214,
  "cpu_time": 511.30717250299995,
  "real_time": 511.31344842910767,
  "partition": {
    "cpu_time": 195.41927287299995,
    "real_time": 195.42143487930298,
    "no_test": 2188328,
    "no_disc": 676869,
    "n_regions": 1022
  },
  "generation": {
    "cpu_time": 315.88789963,
    "real_time": 315.8920135498047,
    "no_test": 5000000,
    "no_disc": 1365617
  },
  "config": {
    "max_depth": 10,
    "min_samples_per_region": 1000,
    "max_samples_per_region": 3000,
    "min_gain": 0.0,
    "gini_weight_mode": "sample",
    "max_split_ratio": 1.0,
    "sampling_risk_focus_alpha": 0.25,
    "sampling_risk_floor": 1e-05,
    "batch_size": 512,
    "disc_phase": "generation",
    "sample_draws": 5000000,
    "random_seed": 4
  }
}