{
  "label": "regionft_a0p25-GBDT-Adult-race-d5000000",
  "repeat": 0,
  "method": "regionft_a0p25",
  "model": "GBDT",
  "dataset": "Adult",
  "protected": "race",
  "runtime": 7200,
  "no_disc": 193909,
  "no_test": 6782033,
  "prec": 0.028591574237400497,
  "cpu_time": 262.10808928200004,
  "real_time": 262.1092574596405,
  "partition": {
    "cpu_time": 111.45754432800004,
    "real_time": 111.45859932899475,
    "no_test": 1782033,
    "no_disc": 80170,
    "n_regions": 853
  },
  "generation": {
    "cpu_time": 150.650544954,
    "real_time": 150.65065813064575,
    "no_test": 5000000,
    "no_disc": 113739
  },
  "config": {
    "max_depth": 10,
    "min_samples_per_region": 1000,
    "max_samples_per_region": 3000,
    "min_gain": 0.0,
    "gini_weight_mode": "sample",
    "max_split_ratio": 1.0,
    "sampling_risk_focus_alpha": 0.25,
    "sampling_risk_floor": 1e-05,
    "batch_size": 512,
    "disc_phase": "generation",
    "sample_draws": 5000000,
    "random_seed": 0
  }
}