{
  "label": "regionft_a0p25-DecTree-Bank-age-d5000000",
  "repeat": 1,
  "method": "regionft_a0p25",
  "model": "DecTree",
  "dataset": "Bank",
  "protected": "age",
  "runtime": 7200,
  "no_disc": 2675651,
  "no_test": 6274598,
  "prec": 0.42642588417616556,
  "cpu_time": 338.4200586270008,
  "real_time": 338.4327857494354,
  "partition": {
    "cpu_time": 108.09522860200013,
    "real_time": 108.10591244697571,
    "no_test": 1274598,
    "no_disc": 340635,
    "n_regions": 578
  },
  "generation": {
    "cpu_time": 230.32483002500067,
    "real_time": 230.32687330245972,
    "no_test": 5000000,
    "no_disc": 2335016
  },
  "config": {
    "max_depth": 10,
    "min_samples_per_region": 1000,
    "max_samples_per_region": 3000,
    "min_gain": 0.0,
    "gini_weight_mode": "sample",
    "max_split_ratio": 1.0,
    "sampling_risk_focus_alpha": 0.25,
    "sampling_risk_floor": 1e-05,
    "batch_size": 512,
    "disc_phase": "generation",
    "sample_draws": 5000000,
    "random_seed": 1
  }
}