{
  "label": "regionft_a0p25-LogReg-Adult-sex-d5000000",
  "repeat": 3,
  "method": "regionft_a0p25",
  "model": "LogReg",
  "dataset": "Adult",
  "protected": "sex",
  "runtime": 7200,
  "no_disc": 223801,
  "no_test": 6585514,
  "prec": 0.033983831785947154,
  "cpu_time": 132.3408295590002,
  "real_time": 132.3445599079132,
  "partition": {
    "cpu_time": 66.84639200399988,
    "real_time": 66.84966468811035,
    "no_test": 1585514,
    "no_disc": 89421,
    "n_regions": 767
  },
  "generation": {
    "cpu_time": 65.49443755500033,
    "real_time": 65.49489521980286,
    "no_test": 5000000,
    "no_disc": 134380
  },
  "config": {
    "max_depth": 10,
    "min_samples_per_region": 1000,
    "max_samples_per_region": 3000,
    "min_gain": 0.0,
    "gini_weight_mode": "sample",
    "max_split_ratio": 1.0,
    "sampling_risk_focus_alpha": 0.25,
    "sampling_risk_floor": 1e-05,
    "batch_size": 512,
    "disc_phase": "generation",
    "sample_draws": 5000000,
    "random_seed": 3
  }
}