{
  "label": "regionft_a0p25-DecTree-Adult-sex-d5000000",
  "repeat": 0,
  "method": "regionft_a0p25",
  "model": "DecTree",
  "dataset": "Adult",
  "protected": "sex",
  "runtime": 7200,
  "no_disc": 388505,
  "no_test": 5792915,
  "prec": 0.0670655447214399,
  "cpu_time": 105.7405960640001,
  "real_time": 105.74715638160706,
  "partition": {
    "cpu_time": 37.050222003000044,
    "real_time": 37.05683612823486,
    "no_test": 792915,
    "no_disc": 123946,
    "n_regions": 383
  },
  "generation": {
    "cpu_time": 68.69037406100006,
    "real_time": 68.69032025337219,
    "no_test": 5000000,
    "no_disc": 264559
  },
  "config": {
    "max_depth": 10,
    "min_samples_per_region": 1000,
    "max_samples_per_region": 3000,
    "min_gain": 0.0,
    "gini_weight_mode": "sample",
    "max_split_ratio": 1.0,
    "sampling_risk_focus_alpha": 0.25,
    "sampling_risk_floor": 1e-05,
    "batch_size": 512,
    "disc_phase": "generation",
    "sample_draws": 5000000,
    "random_seed": 0
  }
}