{
  "label": "regionft_a0p25-DecTree-Adult-sex-d5000000",
  "repeat": 2,
  "method": "regionft_a0p25",
  "model": "DecTree",
  "dataset": "Adult",
  "protected": "sex",
  "runtime": 7200,
  "no_disc": 317787,
  "no_test": 5437127,
  "prec": 0.05844759557759088,
  "cpu_time": 90.59070391199998,
  "real_time": 90.59554147720337,
  "partition": {
    "cpu_time": 20.715801217000035,
    "real_time": 20.72017550468445,
    "no_test": 437127,
    "no_disc": 59659,
    "n_regions": 209
  },
  "generation": {
    "cpu_time": 69.87490269499995,
    "real_time": 69.87536597251892,
    "no_test": 5000000,
    "no_disc": 258128
  },
  "config": {
    "max_depth": 10,
    "min_samples_per_region": 1000,
    "max_samples_per_region": 3000,
    "min_gain": 0.0,
    "gini_weight_mode": "sample",
    "max_split_ratio": 1.0,
    "sampling_risk_focus_alpha": 0.25,
    "sampling_risk_floor": 1e-05,
    "batch_size": 512,
    "disc_phase": "generation",
    "sample_draws": 5000000,
    "random_seed": 2
  }
}