{
  "label": "regionft_a0p25-MLP-Adult-age-d5000000",
  "repeat": 2,
  "method": "regionft_a0p25",
  "model": "MLP",
  "dataset": "Adult",
  "protected": "age",
  "runtime": 7200,
  "no_disc": 2196689,
  "no_test": 7172314,
  "prec": 0.3062734007462585,
  "cpu_time": 511.4123853509999,
  "real_time": 511.42099475860596,
  "partition": {
    "cpu_time": 196.8219374009999,
    "real_time": 196.8282549381256,
    "no_test": 2172314,
    "no_disc": 647224,
    "n_regions": 1014
  },
  "generation": {
    "cpu_time": 314.59044795,
    "real_time": 314.59273982048035,
    "no_test": 5000000,
    "no_disc": 1549465
  },
  "config": {
    "max_depth": 10,
    "min_samples_per_region": 1000,
    "max_samples_per_region": 3000,
    "min_gain": 0.0,
    "gini_weight_mode": "sample",
    "max_split_ratio": 1.0,
    "sampling_risk_focus_alpha": 0.25,
    "sampling_risk_floor": 1e-05,
    "batch_size": 512,
    "disc_phase": "generation",
    "sample_draws": 5000000,
    "random_seed": 2
  }
}