{
  "label": "regionft_a0p25-LogReg-Lsac-race-d5000000",
  "repeat": 3,
  "method": "regionft_a0p25",
  "model": "LogReg",
  "dataset": "Lsac",
  "protected": "race",
  "runtime": 7200,
  "no_disc": 695550,
  "no_test": 6993830,
  "prec": 0.09945194550053404,
  "cpu_time": 201.93461730600006,
  "real_time": 201.9448356628418,
  "partition": {
    "cpu_time": 115.52729109100005,
    "real_time": 115.53695464134216,
    "no_test": 1993830,
    "no_disc": 192893,
    "n_regions": 934
  },
  "generation": {
    "cpu_time": 86.40732621500001,
    "real_time": 86.40788102149963,
    "no_test": 5000000,
    "no_disc": 502657
  },
  "config": {
    "max_depth": 10,
    "min_samples_per_region": 1000,
    "max_samples_per_region": 3000,
    "min_gain": 0.0,
    "gini_weight_mode": "sample",
    "max_split_ratio": 1.0,
    "sampling_risk_focus_alpha": 0.25,
    "sampling_risk_floor": 1e-05,
    "batch_size": 512,
    "disc_phase": "generation",
    "sample_draws": 5000000,
    "random_seed": 3
  }
}