{
  "label": "regionft_a0p25-GBDT-Adult-sex-d5000000",
  "repeat": 1,
  "method": "regionft_a0p25",
  "model": "GBDT",
  "dataset": "Adult",
  "protected": "sex",
  "runtime": 7200,
  "no_disc": 446085,
  "no_test": 6718277,
  "prec": 0.06639872098158502,
  "cpu_time": 176.07974425500004,
  "real_time": 176.08352708816528,
  "partition": {
    "cpu_time": 90.09408739900005,
    "real_time": 90.09675097465515,
    "no_test": 1718277,
    "no_disc": 146248,
    "n_regions": 825
  },
  "generation": {
    "cpu_time": 85.98565685599999,
    "real_time": 85.98677611351013,
    "no_test": 5000000,
    "no_disc": 299837
  },
  "config": {
    "max_depth": 10,
    "min_samples_per_region": 1000,
    "max_samples_per_region": 3000,
    "min_gain": 0.0,
    "gini_weight_mode": "sample",
    "max_split_ratio": 1.0,
    "sampling_risk_focus_alpha": 0.25,
    "sampling_risk_floor": 1e-05,
    "batch_size": 512,
    "disc_phase": "generation",
    "sample_draws": 5000000,
    "random_seed": 1
  }
}