{
  "label": "regionft_a0p25-LogReg-Credit-sex-d5000000",
  "repeat": 1,
  "method": "regionft_a0p25",
  "model": "LogReg",
  "dataset": "Credit",
  "protected": "sex",
  "runtime": 7200,
  "no_disc": 479494,
  "no_test": 7157668,
  "prec": 0.06699025436776336,
  "cpu_time": 175.39814208299958,
  "real_time": 175.39989399909973,
  "partition": {
    "cpu_time": 98.7651744929999,
    "real_time": 98.76650810241699,
    "no_test": 2157668,
    "no_disc": 129452,
    "n_regions": 998
  },
  "generation": {
    "cpu_time": 76.63296758999968,
    "real_time": 76.63338589668274,
    "no_test": 5000000,
    "no_disc": 350042
  },
  "config": {
    "max_depth": 10,
    "min_samples_per_region": 1000,
    "max_samples_per_region": 3000,
    "min_gain": 0.0,
    "gini_weight_mode": "sample",
    "max_split_ratio": 1.0,
    "sampling_risk_focus_alpha": 0.25,
    "sampling_risk_floor": 1e-05,
    "batch_size": 512,
    "disc_phase": "generation",
    "sample_draws": 5000000,
    "random_seed": 1
  }
}