{
  "label": "regionft_a0p25-LogReg-Adult-age-d5000000",
  "repeat": 2,
  "method": "regionft_a0p25",
  "model": "LogReg",
  "dataset": "Adult",
  "protected": "age",
  "runtime": 7200,
  "no_disc": 1778321,
  "no_test": 7011379,
  "prec": 0.2536335576781686,
  "cpu_time": 363.6848404010002,
  "real_time": 363.69054412841797,
  "partition": {
    "cpu_time": 144.62414858600005,
    "real_time": 144.62959384918213,
    "no_test": 2011379,
    "no_disc": 553624,
    "n_regions": 967
  },
  "generation": {
    "cpu_time": 219.06069181500015,
    "real_time": 219.06095027923584,
    "no_test": 5000000,
    "no_disc": 1224697
  },
  "config": {
    "max_depth": 10,
    "min_samples_per_region": 1000,
    "max_samples_per_region": 3000,
    "min_gain": 0.0,
    "gini_weight_mode": "sample",
    "max_split_ratio": 1.0,
    "sampling_risk_focus_alpha": 0.25,
    "sampling_risk_floor": 1e-05,
    "batch_size": 512,
    "disc_phase": "generation",
    "sample_draws": 5000000,
    "random_seed": 2
  }
}