{
  "label": "regionft_a0p25-LogReg-Adult-age-d5000000",
  "repeat": 3,
  "method": "regionft_a0p25",
  "model": "LogReg",
  "dataset": "Adult",
  "protected": "age",
  "runtime": 7200,
  "no_disc": 1814924,
  "no_test": 6941069,
  "prec": 0.26147615014344333,
  "cpu_time": 360.0947749699999,
  "real_time": 360.1055066585541,
  "partition": {
    "cpu_time": 142.13441838500012,
    "real_time": 142.1409330368042,
    "no_test": 1941069,
    "no_disc": 547826,
    "n_regions": 934
  },
  "generation": {
    "cpu_time": 217.96035658499977,
    "real_time": 217.96457362174988,
    "no_test": 5000000,
    "no_disc": 1267098
  },
  "config": {
    "max_depth": 10,
    "min_samples_per_region": 1000,
    "max_samples_per_region": 3000,
    "min_gain": 0.0,
    "gini_weight_mode": "sample",
    "max_split_ratio": 1.0,
    "sampling_risk_focus_alpha": 0.25,
    "sampling_risk_floor": 1e-05,
    "batch_size": 512,
    "disc_phase": "generation",
    "sample_draws": 5000000,
    "random_seed": 3
  }
}