{
  "label": "regionft_a0p25-MLP-Lsac-race-d5000000",
  "repeat": 1,
  "method": "regionft_a0p25",
  "model": "MLP",
  "dataset": "Lsac",
  "protected": "race",
  "runtime": 7200,
  "no_disc": 435543,
  "no_test": 7126144,
  "prec": 0.06111902874822625,
  "cpu_time": 216.84533242399993,
  "real_time": 216.863299369812,
  "partition": {
    "cpu_time": 123.37447173600003,
    "real_time": 123.3871648311615,
    "no_test": 2126144,
    "no_disc": 130797,
    "n_regions": 989
  },
  "generation": {
    "cpu_time": 93.4708606879999,
    "real_time": 93.47613453865051,
    "no_test": 5000000,
    "no_disc": 304746
  },
  "config": {
    "max_depth": 10,
    "min_samples_per_region": 1000,
    "max_samples_per_region": 3000,
    "min_gain": 0.0,
    "gini_weight_mode": "sample",
    "max_split_ratio": 1.0,
    "sampling_risk_focus_alpha": 0.25,
    "sampling_risk_floor": 1e-05,
    "batch_size": 512,
    "disc_phase": "generation",
    "sample_draws": 5000000,
    "random_seed": 1
  }
}