{
  "label": "regionft_a0p25-LogReg-Lsac-sex-d5000000",
  "repeat": 2,
  "method": "regionft_a0p25",
  "model": "LogReg",
  "dataset": "Lsac",
  "protected": "sex",
  "runtime": 7200,
  "no_disc": 200802,
  "no_test": 6946868,
  "prec": 0.028905400246557154,
  "cpu_time": 166.37259973499977,
  "real_time": 166.37736797332764,
  "partition": {
    "cpu_time": 101.36140116399974,
    "real_time": 101.3660614490509,
    "no_test": 1946868,
    "no_disc": 66163,
    "n_regions": 923
  },
  "generation": {
    "cpu_time": 65.01119857100002,
    "real_time": 65.01130652427673,
    "no_test": 5000000,
    "no_disc": 134639
  },
  "config": {
    "max_depth": 10,
    "min_samples_per_region": 1000,
    "max_samples_per_region": 3000,
    "min_gain": 0.0,
    "gini_weight_mode": "sample",
    "max_split_ratio": 1.0,
    "sampling_risk_focus_alpha": 0.25,
    "sampling_risk_floor": 1e-05,
    "batch_size": 512,
    "disc_phase": "generation",
    "sample_draws": 5000000,
    "random_seed": 2
  }
}