{
  "label": "regionft_a0p25-MLP-Bank-age-d5000000",
  "repeat": 1,
  "method": "regionft_a0p25",
  "model": "MLP",
  "dataset": "Bank",
  "protected": "age",
  "runtime": 7200,
  "no_disc": 1425240,
  "no_test": 7096608,
  "prec": 0.20083397589383548,
  "cpu_time": 486.677477618,
  "real_time": 486.69522976875305,
  "partition": {
    "cpu_time": 187.96593276799967,
    "real_time": 187.9728388786316,
    "no_test": 2096608,
    "no_disc": 325324,
    "n_regions": 972
  },
  "generation": {
    "cpu_time": 298.71154485000034,
    "real_time": 298.72239089012146,
    "no_test": 5000000,
    "no_disc": 1099916
  },
  "config": {
    "max_depth": 10,
    "min_samples_per_region": 1000,
    "max_samples_per_region": 3000,
    "min_gain": 0.0,
    "gini_weight_mode": "sample",
    "max_split_ratio": 1.0,
    "sampling_risk_focus_alpha": 0.25,
    "sampling_risk_floor": 1e-05,
    "batch_size": 512,
    "disc_phase": "generation",
    "sample_draws": 5000000,
    "random_seed": 1
  }
}