{
  "label": "regionft_a0p25-GBDT-Bank-age-d5000000",
  "repeat": 2,
  "method": "regionft_a0p25",
  "model": "GBDT",
  "dataset": "Bank",
  "protected": "age",
  "runtime": 7200,
  "no_disc": 2296345,
  "no_test": 7003751,
  "prec": 0.3278735923078933,
  "cpu_time": 439.3388396229999,
  "real_time": 439.3628966808319,
  "partition": {
    "cpu_time": 178.327248703,
    "real_time": 178.35068106651306,
    "no_test": 2003751,
    "no_disc": 454170,
    "n_regions": 933
  },
  "generation": {
    "cpu_time": 261.0115909199999,
    "real_time": 261.01221561431885,
    "no_test": 5000000,
    "no_disc": 1842175
  },
  "config": {
    "max_depth": 10,
    "min_samples_per_region": 1000,
    "max_samples_per_region": 3000,
    "min_gain": 0.0,
    "gini_weight_mode": "sample",
    "max_split_ratio": 1.0,
    "sampling_risk_focus_alpha": 0.25,
    "sampling_risk_floor": 1e-05,
    "batch_size": 512,
    "disc_phase": "generation",
    "sample_draws": 5000000,
    "random_seed": 2
  }
}