{
  "label": "regionft_a0p25-DecTree-Credit-sex-d5000000",
  "repeat": 2,
  "method": "regionft_a0p25",
  "model": "DecTree",
  "dataset": "Credit",
  "protected": "sex",
  "runtime": 7200,
  "no_disc": 1123880,
  "no_test": 5060826,
  "prec": 0.22207442026262117,
  "cpu_time": 82.65252769399967,
  "real_time": 82.65417647361755,
  "partition": {
    "cpu_time": 4.439151843999753,
    "real_time": 4.440316677093506,
    "no_test": 60826,
    "no_disc": 13862,
    "n_regions": 23
  },
  "generation": {
    "cpu_time": 78.21337584999992,
    "real_time": 78.21385979652405,
    "no_test": 5000000,
    "no_disc": 1110018
  },
  "config": {
    "max_depth": 10,
    "min_samples_per_region": 1000,
    "max_samples_per_region": 3000,
    "min_gain": 0.0,
    "gini_weight_mode": "sample",
    "max_split_ratio": 1.0,
    "sampling_risk_focus_alpha": 0.25,
    "sampling_risk_floor": 1e-05,
    "batch_size": 512,
    "disc_phase": "generation",
    "sample_draws": 5000000,
    "random_seed": 2
  }
}