{
  "label": "regionft_a0p25-LogReg-Adult-age-d5000000",
  "repeat": 0,
  "method": "regionft_a0p25",
  "model": "LogReg",
  "dataset": "Adult",
  "protected": "age",
  "runtime": 7200,
  "no_disc": 1661614,
  "no_test": 6966199,
  "prec": 0.23852519860543747,
  "cpu_time": 356.26459870100007,
  "real_time": 356.2682614326477,
  "partition": {
    "cpu_time": 138.93165185800035,
    "real_time": 138.9345645904541,
    "no_test": 1966199,
    "no_disc": 509089,
    "n_regions": 946
  },
  "generation": {
    "cpu_time": 217.33294684299972,
    "real_time": 217.3336968421936,
    "no_test": 5000000,
    "no_disc": 1152525
  },
  "config": {
    "max_depth": 10,
    "min_samples_per_region": 1000,
    "max_samples_per_region": 3000,
    "min_gain": 0.0,
    "gini_weight_mode": "sample",
    "max_split_ratio": 1.0,
    "sampling_risk_focus_alpha": 0.25,
    "sampling_risk_floor": 1e-05,
    "batch_size": 512,
    "disc_phase": "generation",
    "sample_draws": 5000000,
    "random_seed": 0
  }
}