{
  "label": "regionft_a0p25-DecTree-Credit-age-d5000000",
  "repeat": 4,
  "method": "regionft_a0p25",
  "model": "DecTree",
  "dataset": "Credit",
  "protected": "age",
  "runtime": 7200,
  "no_disc": 2942814,
  "no_test": 5258953,
  "prec": 0.5595817266288556,
  "cpu_time": 212.07914054499997,
  "real_time": 212.09014439582825,
  "partition": {
    "cpu_time": 18.87625944599995,
    "real_time": 18.87832736968994,
    "no_test": 258953,
    "no_disc": 148077,
    "n_regions": 120
  },
  "generation": {
    "cpu_time": 193.20288109900002,
    "real_time": 193.2118170261383,
    "no_test": 5000000,
    "no_disc": 2794737
  },
  "config": {
    "max_depth": 10,
    "min_samples_per_region": 1000,
    "max_samples_per_region": 3000,
    "min_gain": 0.0,
    "gini_weight_mode": "sample",
    "max_split_ratio": 1.0,
    "sampling_risk_focus_alpha": 0.25,
    "sampling_risk_floor": 1e-05,
    "batch_size": 512,
    "disc_phase": "generation",
    "sample_draws": 5000000,
    "random_seed": 4
  }
}