{
  "label": "regionft_a0p25-MLP-Adult-sex-d5000000",
  "repeat": 0,
  "method": "regionft_a0p25",
  "model": "MLP",
  "dataset": "Adult",
  "protected": "sex",
  "runtime": 7200,
  "no_disc": 165512,
  "no_test": 6992739,
  "prec": 0.02366912307180348,
  "cpu_time": 186.9290141729998,
  "real_time": 186.9342656135559,
  "partition": {
    "cpu_time": 94.36074877400006,
    "real_time": 94.36542749404907,
    "no_test": 1992739,
    "no_disc": 66042,
    "n_regions": 946
  },
  "generation": {
    "cpu_time": 92.56826539899976,
    "real_time": 92.56883811950684,
    "no_test": 5000000,
    "no_disc": 99470
  },
  "config": {
    "max_depth": 10,
    "min_samples_per_region": 1000,
    "max_samples_per_region": 3000,
    "min_gain": 0.0,
    "gini_weight_mode": "sample",
    "max_split_ratio": 1.0,
    "sampling_risk_focus_alpha": 0.25,
    "sampling_risk_floor": 1e-05,
    "batch_size": 512,
    "disc_phase": "generation",
    "sample_draws": 5000000,
    "random_seed": 0
  }
}