{
  "label": "regionft_a0p25-DecTree-Adult-sex-d5000000",
  "repeat": 4,
  "method": "regionft_a0p25",
  "model": "DecTree",
  "dataset": "Adult",
  "protected": "sex",
  "runtime": 7200,
  "no_disc": 378045,
  "no_test": 5746064,
  "prec": 0.06579199257091463,
  "cpu_time": 109.05988412200008,
  "real_time": 109.06302881240845,
  "partition": {
    "cpu_time": 37.794691181000076,
    "real_time": 37.798521757125854,
    "no_test": 746064,
    "no_disc": 120865,
    "n_regions": 359
  },
  "generation": {
    "cpu_time": 71.26519294100001,
    "real_time": 71.26450705528259,
    "no_test": 5000000,
    "no_disc": 257180
  },
  "config": {
    "max_depth": 10,
    "min_samples_per_region": 1000,
    "max_samples_per_region": 3000,
    "min_gain": 0.0,
    "gini_weight_mode": "sample",
    "max_split_ratio": 1.0,
    "sampling_risk_focus_alpha": 0.25,
    "sampling_risk_floor": 1e-05,
    "batch_size": 512,
    "disc_phase": "generation",
    "sample_draws": 5000000,
    "random_seed": 4
  }
}