{
  "label": "regionft_a0p25-LogReg-Credit-age-d5000000",
  "repeat": 3,
  "method": "regionft_a0p25",
  "model": "LogReg",
  "dataset": "Credit",
  "protected": "age",
  "runtime": 7200,
  "no_disc": 1141352,
  "no_test": 7202946,
  "prec": 0.15845627608481308,
  "cpu_time": 322.45557928699964,
  "real_time": 322.46050572395325,
  "partition": {
    "cpu_time": 145.2264177039997,
    "real_time": 145.22696375846863,
    "no_test": 2202946,
    "no_disc": 312825,
    "n_regions": 1015
  },
  "generation": {
    "cpu_time": 177.22916158299995,
    "real_time": 177.23354196548462,
    "no_test": 5000000,
    "no_disc": 828527
  },
  "config": {
    "max_depth": 10,
    "min_samples_per_region": 1000,
    "max_samples_per_region": 3000,
    "min_gain": 0.0,
    "gini_weight_mode": "sample",
    "max_split_ratio": 1.0,
    "sampling_risk_focus_alpha": 0.25,
    "sampling_risk_floor": 1e-05,
    "batch_size": 512,
    "disc_phase": "generation",
    "sample_draws": 5000000,
    "random_seed": 3
  }
}