{
  "label": "regionft_a0p25-MLP-Credit-sex-d5000000",
  "repeat": 0,
  "method": "regionft_a0p25",
  "model": "MLP",
  "dataset": "Credit",
  "protected": "sex",
  "runtime": 7200,
  "no_disc": 508770,
  "no_test": 7003275,
  "prec": 0.07264743994773874,
  "cpu_time": 172.96092673999965,
  "real_time": 172.9685299396515,
  "partition": {
    "cpu_time": 88.13246415699996,
    "real_time": 88.13880801200867,
    "no_test": 2003275,
    "no_disc": 122102,
    "n_regions": 939
  },
  "generation": {
    "cpu_time": 84.82846258299969,
    "real_time": 84.82972192764282,
    "no_test": 5000000,
    "no_disc": 386668
  },
  "config": {
    "max_depth": 10,
    "min_samples_per_region": 1000,
    "max_samples_per_region": 3000,
    "min_gain": 0.0,
    "gini_weight_mode": "sample",
    "max_split_ratio": 1.0,
    "sampling_risk_focus_alpha": 0.25,
    "sampling_risk_floor": 1e-05,
    "batch_size": 512,
    "disc_phase": "generation",
    "sample_draws": 5000000,
    "random_seed": 0
  }
}