{
  "label": "regionft_a0p25-LogReg-Lsac-sex-d5000000",
  "repeat": 0,
  "method": "regionft_a0p25",
  "model": "LogReg",
  "dataset": "Lsac",
  "protected": "sex",
  "runtime": 7200,
  "no_disc": 186479,
  "no_test": 7012830,
  "prec": 0.026591119419692194,
  "cpu_time": 171.61074957300025,
  "real_time": 171.6119794845581,
  "partition": {
    "cpu_time": 107.22141831900035,
    "real_time": 107.22244095802307,
    "no_test": 2012830,
    "no_disc": 70061,
    "n_regions": 950
  },
  "generation": {
    "cpu_time": 64.3893312539999,
    "real_time": 64.38953852653503,
    "no_test": 5000000,
    "no_disc": 116418
  },
  "config": {
    "max_depth": 10,
    "min_samples_per_region": 1000,
    "max_samples_per_region": 3000,
    "min_gain": 0.0,
    "gini_weight_mode": "sample",
    "max_split_ratio": 1.0,
    "sampling_risk_focus_alpha": 0.25,
    "sampling_risk_floor": 1e-05,
    "batch_size": 512,
    "disc_phase": "generation",
    "sample_draws": 5000000,
    "random_seed": 0
  }
}