{
  "label": "regionft_a0p25-GBDT-Bank-age-d5000000",
  "repeat": 3,
  "method": "regionft_a0p25",
  "model": "GBDT",
  "dataset": "Bank",
  "protected": "age",
  "runtime": 7200,
  "no_disc": 2372473,
  "no_test": 6963671,
  "prec": 0.34069286156683737,
  "cpu_time": 444.624816498,
  "real_time": 444.6323924064636,
  "partition": {
    "cpu_time": 179.94918672699987,
    "real_time": 179.9573860168457,
    "no_test": 1963671,
    "no_disc": 475215,
    "n_regions": 913
  },
  "generation": {
    "cpu_time": 264.6756297710001,
    "real_time": 264.6750063896179,
    "no_test": 5000000,
    "no_disc": 1897258
  },
  "config": {
    "max_depth": 10,
    "min_samples_per_region": 1000,
    "max_samples_per_region": 3000,
    "min_gain": 0.0,
    "gini_weight_mode": "sample",
    "max_split_ratio": 1.0,
    "sampling_risk_focus_alpha": 0.25,
    "sampling_risk_floor": 1e-05,
    "batch_size": 512,
    "disc_phase": "generation",
    "sample_draws": 5000000,
    "random_seed": 3
  }
}