{
  "label": "regionft_a0p25-GBDT-Adult-sex-d5000000",
  "repeat": 3,
  "method": "regionft_a0p25",
  "model": "GBDT",
  "dataset": "Adult",
  "protected": "sex",
  "runtime": 7200,
  "no_disc": 410116,
  "no_test": 6721468,
  "prec": 0.0610158376116646,
  "cpu_time": 175.28795581500003,
  "real_time": 175.29225277900696,
  "partition": {
    "cpu_time": 89.66955771899995,
    "real_time": 89.67093253135681,
    "no_test": 1721468,
    "no_disc": 123160,
    "n_regions": 825
  },
  "generation": {
    "cpu_time": 85.61839809600008,
    "real_time": 85.62132024765015,
    "no_test": 5000000,
    "no_disc": 286956
  },
  "config": {
    "max_depth": 10,
    "min_samples_per_region": 1000,
    "max_samples_per_region": 3000,
    "min_gain": 0.0,
    "gini_weight_mode": "sample",
    "max_split_ratio": 1.0,
    "sampling_risk_focus_alpha": 0.25,
    "sampling_risk_floor": 1e-05,
    "batch_size": 512,
    "disc_phase": "generation",
    "sample_draws": 5000000,
    "random_seed": 3
  }
}