{
  "label": "regionft_a0p25-LogReg-Bank-age-d5000000",
  "repeat": 1,
  "method": "regionft_a0p25",
  "model": "LogReg",
  "dataset": "Bank",
  "protected": "age",
  "runtime": 7200,
  "no_disc": 331536,
  "no_test": 6765386,
  "prec": 0.04900474267100207,
  "cpu_time": 345.4473108819998,
  "real_time": 345.4560372829437,
  "partition": {
    "cpu_time": 138.6526321479996,
    "real_time": 138.66061735153198,
    "no_test": 1765386,
    "no_disc": 98430,
    "n_regions": 838
  },
  "generation": {
    "cpu_time": 206.79467873400017,
    "real_time": 206.79541993141174,
    "no_test": 5000000,
    "no_disc": 233106
  },
  "config": {
    "max_depth": 10,
    "min_samples_per_region": 1000,
    "max_samples_per_region": 3000,
    "min_gain": 0.0,
    "gini_weight_mode": "sample",
    "max_split_ratio": 1.0,
    "sampling_risk_focus_alpha": 0.25,
    "sampling_risk_floor": 1e-05,
    "batch_size": 512,
    "disc_phase": "generation",
    "sample_draws": 5000000,
    "random_seed": 1
  }
}