{
  "label": "regionft_a0p25-DecTree-Credit-age-d5000000",
  "repeat": 0,
  "method": "regionft_a0p25",
  "model": "DecTree",
  "dataset": "Credit",
  "protected": "age",
  "runtime": 7200,
  "no_disc": 2950097,
  "no_test": 5263041,
  "prec": 0.5605308793908312,
  "cpu_time": 216.36900077300015,
  "real_time": 216.36997604370117,
  "partition": {
    "cpu_time": 20.242742531000204,
    "real_time": 20.24334979057312,
    "no_test": 263041,
    "no_disc": 151937,
    "n_regions": 122
  },
  "generation": {
    "cpu_time": 196.12625824199995,
    "real_time": 196.12662625312805,
    "no_test": 5000000,
    "no_disc": 2798160
  },
  "config": {
    "max_depth": 10,
    "min_samples_per_region": 1000,
    "max_samples_per_region": 3000,
    "min_gain": 0.0,
    "gini_weight_mode": "sample",
    "max_split_ratio": 1.0,
    "sampling_risk_focus_alpha": 0.25,
    "sampling_risk_floor": 1e-05,
    "batch_size": 512,
    "disc_phase": "generation",
    "sample_draws": 5000000,
    "random_seed": 0
  }
}