{
  "label": "regionft_a0p25-DecTree-Lsac-race-d5000000",
  "repeat": 4,
  "method": "regionft_a0p25",
  "model": "DecTree",
  "dataset": "Lsac",
  "protected": "race",
  "runtime": 7200,
  "no_disc": 1544524,
  "no_test": 5836139,
  "prec": 0.2646482546080551,
  "cpu_time": 145.67544628700034,
  "real_time": 145.677565574646,
  "partition": {
    "cpu_time": 55.88460950200033,
    "real_time": 55.886515855789185,
    "no_test": 836139,
    "no_disc": 119453,
    "n_regions": 378
  },
  "generation": {
    "cpu_time": 89.79083678500001,
    "real_time": 89.79104971885681,
    "no_test": 5000000,
    "no_disc": 1425071
  },
  "config": {
    "max_depth": 10,
    "min_samples_per_region": 1000,
    "max_samples_per_region": 3000,
    "min_gain": 0.0,
    "gini_weight_mode": "sample",
    "max_split_ratio": 1.0,
    "sampling_risk_focus_alpha": 0.25,
    "sampling_risk_floor": 1e-05,
    "batch_size": 512,
    "disc_phase": "generation",
    "sample_draws": 5000000,
    "random_seed": 4
  }
}