{
  "label": "regionft_a0p25-MLP-Adult-age-d5000000",
  "repeat": 3,
  "method": "regionft_a0p25",
  "model": "MLP",
  "dataset": "Adult",
  "protected": "age",
  "runtime": 7200,
  "no_disc": 2120362,
  "no_test": 7188404,
  "prec": 0.29496978745212427,
  "cpu_time": 512.392317856,
  "real_time": 512.3963768482208,
  "partition": {
    "cpu_time": 195.73226050000005,
    "real_time": 195.73473525047302,
    "no_test": 2188404,
    "no_disc": 614532,
    "n_regions": 1021
  },
  "generation": {
    "cpu_time": 316.6600573559999,
    "real_time": 316.6616415977478,
    "no_test": 5000000,
    "no_disc": 1505830
  },
  "config": {
    "max_depth": 10,
    "min_samples_per_region": 1000,
    "max_samples_per_region": 3000,
    "min_gain": 0.0,
    "gini_weight_mode": "sample",
    "max_split_ratio": 1.0,
    "sampling_risk_focus_alpha": 0.25,
    "sampling_risk_floor": 1e-05,
    "batch_size": 512,
    "disc_phase": "generation",
    "sample_draws": 5000000,
    "random_seed": 3
  }
}