{
  "label": "regionft_a0p25-GBDT-Lsac-sex-d5000000",
  "repeat": 3,
  "method": "regionft_a0p25",
  "model": "GBDT",
  "dataset": "Lsac",
  "protected": "sex",
  "runtime": 7200,
  "no_disc": 217857,
  "no_test": 6978472,
  "prec": 0.031218438649606963,
  "cpu_time": 198.8770036310002,
  "real_time": 198.8825135231018,
  "partition": {
    "cpu_time": 116.76891629200009,
    "real_time": 116.77423739433289,
    "no_test": 1978472,
    "no_disc": 134712,
    "n_regions": 946
  },
  "generation": {
    "cpu_time": 82.10808733900012,
    "real_time": 82.10827612876892,
    "no_test": 5000000,
    "no_disc": 83145
  },
  "config": {
    "max_depth": 10,
    "min_samples_per_region": 1000,
    "max_samples_per_region": 3000,
    "min_gain": 0.0,
    "gini_weight_mode": "sample",
    "max_split_ratio": 1.0,
    "sampling_risk_focus_alpha": 0.25,
    "sampling_risk_floor": 1e-05,
    "batch_size": 512,
    "disc_phase": "generation",
    "sample_draws": 5000000,
    "random_seed": 3
  }
}