{
  "label": "regionft_a0p25-GBDT-Adult-race-d5000000",
  "repeat": 1,
  "method": "regionft_a0p25",
  "model": "GBDT",
  "dataset": "Adult",
  "protected": "race",
  "runtime": 7200,
  "no_disc": 191054,
  "no_test": 6725598,
  "prec": 0.028406990724096207,
  "cpu_time": 251.94238414699998,
  "real_time": 251.96421456336975,
  "partition": {
    "cpu_time": 104.55958697599999,
    "real_time": 104.57979702949524,
    "no_test": 1725598,
    "no_disc": 76357,
    "n_regions": 827
  },
  "generation": {
    "cpu_time": 147.382797171,
    "real_time": 147.3844175338745,
    "no_test": 5000000,
    "no_disc": 114697
  },
  "config": {
    "max_depth": 10,
    "min_samples_per_region": 1000,
    "max_samples_per_region": 3000,
    "min_gain": 0.0,
    "gini_weight_mode": "sample",
    "max_split_ratio": 1.0,
    "sampling_risk_focus_alpha": 0.25,
    "sampling_risk_floor": 1e-05,
    "batch_size": 512,
    "disc_phase": "generation",
    "sample_draws": 5000000,
    "random_seed": 1
  }
}