{
  "label": "regionft_a0p25-GBDT-Credit-age-d5000000",
  "repeat": 2,
  "method": "regionft_a0p25",
  "model": "GBDT",
  "dataset": "Credit",
  "protected": "age",
  "runtime": 7200,
  "no_disc": 1226073,
  "no_test": 7182806,
  "prec": 0.17069554711626625,
  "cpu_time": 386.4338260090003,
  "real_time": 386.437203168869,
  "partition": {
    "cpu_time": 170.84808709200024,
    "real_time": 170.84956240653992,
    "no_test": 2182806,
    "no_disc": 362115,
    "n_regions": 1008
  },
  "generation": {
    "cpu_time": 215.58573891700007,
    "real_time": 215.5876407623291,
    "no_test": 5000000,
    "no_disc": 863958
  },
  "config": {
    "max_depth": 10,
    "min_samples_per_region": 1000,
    "max_samples_per_region": 3000,
    "min_gain": 0.0,
    "gini_weight_mode": "sample",
    "max_split_ratio": 1.0,
    "sampling_risk_focus_alpha": 0.25,
    "sampling_risk_floor": 1e-05,
    "batch_size": 512,
    "disc_phase": "generation",
    "sample_draws": 5000000,
    "random_seed": 2
  }
}