{
  "label": "regionft_a0p75-DecTree-Lsac-race-d5000000",
  "repeat": 4,
  "method": "regionft_a0p75",
  "model": "DecTree",
  "dataset": "Lsac",
  "protected": "race",
  "runtime": 7200,
  "no_disc": 3536784,
  "no_test": 5836139,
  "prec": 0.6060143529823399,
  "cpu_time": 158.62184486600017,
  "real_time": 158.63631319999695,
  "partition": {
    "cpu_time": 57.86344779400042,
    "real_time": 57.876927614212036,
    "no_test": 836139,
    "no_disc": 119453,
    "n_regions": 378
  },
  "generation": {
    "cpu_time": 100.75839707199975,
    "real_time": 100.75938558578491,
    "no_test": 5000000,
    "no_disc": 3417331
  },
  "config": {
    "max_depth": 10,
    "min_samples_per_region": 1000,
    "max_samples_per_region": 3000,
    "min_gain": 0.0,
    "gini_weight_mode": "sample",
    "max_split_ratio": 1.0,
    "sampling_risk_focus_alpha": 0.75,
    "sampling_risk_floor": 1e-05,
    "batch_size": 512,
    "disc_phase": "generation",
    "sample_draws": 5000000,
    "random_seed": 4
  }
}