{
  "label": "regionft_a0p75-DecTree-Adult-sex-d5000000",
  "repeat": 2,
  "method": "regionft_a0p75",
  "model": "DecTree",
  "dataset": "Adult",
  "protected": "sex",
  "runtime": 7200,
  "no_disc": 2570405,
  "no_test": 5437127,
  "prec": 0.4727505905232672,
  "cpu_time": 99.49895742099989,
  "real_time": 99.49972462654114,
  "partition": {
    "cpu_time": 20.14042352499996,
    "real_time": 20.14137363433838,
    "no_test": 437127,
    "no_disc": 59659,
    "n_regions": 209
  },
  "generation": {
    "cpu_time": 79.35853389599993,
    "real_time": 79.35835099220276,
    "no_test": 5000000,
    "no_disc": 2510746
  },
  "config": {
    "max_depth": 10,
    "min_samples_per_region": 1000,
    "max_samples_per_region": 3000,
    "min_gain": 0.0,
    "gini_weight_mode": "sample",
    "max_split_ratio": 1.0,
    "sampling_risk_focus_alpha": 0.75,
    "sampling_risk_floor": 1e-05,
    "batch_size": 512,
    "disc_phase": "generation",
    "sample_draws": 5000000,
    "random_seed": 2
  }
}