{
  "label": "regionft_a0p75-DecTree-Adult-age-d5000000",
  "repeat": 1,
  "method": "regionft_a0p75",
  "model": "DecTree",
  "dataset": "Adult",
  "protected": "age",
  "runtime": 7200,
  "no_disc": 5043759,
  "no_test": 5329014,
  "prec": 0.9464713359732213,
  "cpu_time": 272.71942220899996,
  "real_time": 272.73143434524536,
  "partition": {
    "cpu_time": 28.466258219999872,
    "real_time": 28.473278999328613,
    "no_test": 329014,
    "no_disc": 132942,
    "n_regions": 147
  },
  "generation": {
    "cpu_time": 244.2531639890001,
    "real_time": 244.25815534591675,
    "no_test": 5000000,
    "no_disc": 4910817
  },
  "config": {
    "max_depth": 10,
    "min_samples_per_region": 1000,
    "max_samples_per_region": 3000,
    "min_gain": 0.0,
    "gini_weight_mode": "sample",
    "max_split_ratio": 1.0,
    "sampling_risk_focus_alpha": 0.75,
    "sampling_risk_floor": 1e-05,
    "batch_size": 512,
    "disc_phase": "generation",
    "sample_draws": 5000000,
    "random_seed": 1
  }
}