{
  "label": "regionft_a0p75-GBDT-Bank-age-d5000000",
  "repeat": 4,
  "method": "regionft_a0p75",
  "model": "GBDT",
  "dataset": "Bank",
  "protected": "age",
  "runtime": 7200,
  "no_disc": 3090883,
  "no_test": 6893761,
  "prec": 0.4483594658996736,
  "cpu_time": 456.84708130599995,
  "real_time": 456.8434011936188,
  "partition": {
    "cpu_time": 182.947974284,
    "real_time": 182.94684171676636,
    "no_test": 1893761,
    "no_disc": 496112,
    "n_regions": 878
  },
  "generation": {
    "cpu_time": 273.89910702199995,
    "real_time": 273.8965594768524,
    "no_test": 5000000,
    "no_disc": 2594771
  },
  "config": {
    "max_depth": 10,
    "min_samples_per_region": 1000,
    "max_samples_per_region": 3000,
    "min_gain": 0.0,
    "gini_weight_mode": "sample",
    "max_split_ratio": 1.0,
    "sampling_risk_focus_alpha": 0.75,
    "sampling_risk_floor": 1e-05,
    "batch_size": 512,
    "disc_phase": "generation",
    "sample_draws": 5000000,
    "random_seed": 4
  }
}