{
  "label": "regionft_a0p75-MLP-Bank-age-d5000000",
  "repeat": 3,
  "method": "regionft_a0p75",
  "model": "MLP",
  "dataset": "Bank",
  "protected": "age",
  "runtime": 7200,
  "no_disc": 1939761,
  "no_test": 7191719,
  "prec": 0.2697214671485357,
  "cpu_time": 505.98621831300034,
  "real_time": 505.9958612918854,
  "partition": {
    "cpu_time": 198.59743590300013,
    "real_time": 198.60490465164185,
    "no_test": 2191719,
    "no_disc": 380194,
    "n_regions": 1016
  },
  "generation": {
    "cpu_time": 307.3887824100002,
    "real_time": 307.39095664024353,
    "no_test": 5000000,
    "no_disc": 1559567
  },
  "config": {
    "max_depth": 10,
    "min_samples_per_region": 1000,
    "max_samples_per_region": 3000,
    "min_gain": 0.0,
    "gini_weight_mode": "sample",
    "max_split_ratio": 1.0,
    "sampling_risk_focus_alpha": 0.75,
    "sampling_risk_floor": 1e-05,
    "batch_size": 512,
    "disc_phase": "generation",
    "sample_draws": 5000000,
    "random_seed": 3
  }
}