{
  "label": "regionft_a0p75-MLP-Lsac-race-d5000000",
  "repeat": 3,
  "method": "regionft_a0p75",
  "model": "MLP",
  "dataset": "Lsac",
  "protected": "race",
  "runtime": 7200,
  "no_disc": 579463,
  "no_test": 7176170,
  "prec": 0.08074822642161487,
  "cpu_time": 220.7984808279998,
  "real_time": 220.81397032737732,
  "partition": {
    "cpu_time": 125.40545654100015,
    "real_time": 125.4204797744751,
    "no_test": 2176170,
    "no_disc": 148442,
    "n_regions": 1014
  },
  "generation": {
    "cpu_time": 95.39302428699966,
    "real_time": 95.39349055290222,
    "no_test": 5000000,
    "no_disc": 431021
  },
  "config": {
    "max_depth": 10,
    "min_samples_per_region": 1000,
    "max_samples_per_region": 3000,
    "min_gain": 0.0,
    "gini_weight_mode": "sample",
    "max_split_ratio": 1.0,
    "sampling_risk_focus_alpha": 0.75,
    "sampling_risk_floor": 1e-05,
    "batch_size": 512,
    "disc_phase": "generation",
    "sample_draws": 5000000,
    "random_seed": 3
  }
}