{
  "label": "regionft_a0p75-DecTree-Adult-race-d5000000",
  "repeat": 2,
  "method": "regionft_a0p75",
  "model": "DecTree",
  "dataset": "Adult",
  "protected": "race",
  "runtime": 7200,
  "no_disc": 3943991,
  "no_test": 5583069,
  "prec": 0.706419891998469,
  "cpu_time": 181.11409905899995,
  "real_time": 181.1213254928589,
  "partition": {
    "cpu_time": 30.68351382500009,
    "real_time": 30.689947605133057,
    "no_test": 583069,
    "no_disc": 57546,
    "n_regions": 281
  },
  "generation": {
    "cpu_time": 150.43058523399986,
    "real_time": 150.43137788772583,
    "no_test": 5000000,
    "no_disc": 3886445
  },
  "config": {
    "max_depth": 10,
    "min_samples_per_region": 1000,
    "max_samples_per_region": 3000,
    "min_gain": 0.0,
    "gini_weight_mode": "sample",
    "max_split_ratio": 1.0,
    "sampling_risk_focus_alpha": 0.75,
    "sampling_risk_floor": 1e-05,
    "batch_size": 512,
    "disc_phase": "generation",
    "sample_draws": 5000000,
    "random_seed": 2
  }
}