{
  "label": "regionft_a0p75-LogReg-Credit-sex-d5000000",
  "repeat": 2,
  "method": "regionft_a0p75",
  "model": "LogReg",
  "dataset": "Credit",
  "protected": "sex",
  "runtime": 7200,
  "no_disc": 572107,
  "no_test": 7193699,
  "prec": 0.07952890439258023,
  "cpu_time": 170.81977225900027,
  "real_time": 170.8209617137909,
  "partition": {
    "cpu_time": 94.47845207799946,
    "real_time": 94.47947216033936,
    "no_test": 2193699,
    "no_disc": 140467,
    "n_regions": 1013
  },
  "generation": {
    "cpu_time": 76.34132018100081,
    "real_time": 76.34148955345154,
    "no_test": 5000000,
    "no_disc": 431640
  },
  "config": {
    "max_depth": 10,
    "min_samples_per_region": 1000,
    "max_samples_per_region": 3000,
    "min_gain": 0.0,
    "gini_weight_mode": "sample",
    "max_split_ratio": 1.0,
    "sampling_risk_focus_alpha": 0.75,
    "sampling_risk_floor": 1e-05,
    "batch_size": 512,
    "disc_phase": "generation",
    "sample_draws": 5000000,
    "random_seed": 2
  }
}