{
  "label": "regionft_a0p75-DecTree-Credit-age-d5000000",
  "repeat": 0,
  "method": "regionft_a0p75",
  "model": "DecTree",
  "dataset": "Credit",
  "protected": "age",
  "runtime": 7200,
  "no_disc": 5063429,
  "no_test": 5263041,
  "prec": 0.9620728776386124,
  "cpu_time": 230.77138475799984,
  "real_time": 230.77604174613953,
  "partition": {
    "cpu_time": 21.61954178399992,
    "real_time": 21.621992349624634,
    "no_test": 263041,
    "no_disc": 151937,
    "n_regions": 122
  },
  "generation": {
    "cpu_time": 209.15184297399992,
    "real_time": 209.1540493965149,
    "no_test": 5000000,
    "no_disc": 4911492
  },
  "config": {
    "max_depth": 10,
    "min_samples_per_region": 1000,
    "max_samples_per_region": 3000,
    "min_gain": 0.0,
    "gini_weight_mode": "sample",
    "max_split_ratio": 1.0,
    "sampling_risk_focus_alpha": 0.75,
    "sampling_risk_floor": 1e-05,
    "batch_size": 512,
    "disc_phase": "generation",
    "sample_draws": 5000000,
    "random_seed": 0
  }
}