{
  "label": "regionft_a0p75-DecTree-Adult-sex-d5000000",
  "repeat": 4,
  "method": "regionft_a0p75",
  "model": "DecTree",
  "dataset": "Adult",
  "protected": "sex",
  "runtime": 7200,
  "no_disc": 2555164,
  "no_test": 5746064,
  "prec": 0.4446807414605894,
  "cpu_time": 114.27500971900008,
  "real_time": 114.27826857566833,
  "partition": {
    "cpu_time": 34.48755673400001,
    "real_time": 34.48998713493347,
    "no_test": 746064,
    "no_disc": 120865,
    "n_regions": 359
  },
  "generation": {
    "cpu_time": 79.78745298500007,
    "real_time": 79.78828144073486,
    "no_test": 5000000,
    "no_disc": 2434299
  },
  "config": {
    "max_depth": 10,
    "min_samples_per_region": 1000,
    "max_samples_per_region": 3000,
    "min_gain": 0.0,
    "gini_weight_mode": "sample",
    "max_split_ratio": 1.0,
    "sampling_risk_focus_alpha": 0.75,
    "sampling_risk_floor": 1e-05,
    "batch_size": 512,
    "disc_phase": "generation",
    "sample_draws": 5000000,
    "random_seed": 4
  }
}