{
  "label": "regionft_a0p75-LogReg-Adult-age-d5000000",
  "repeat": 3,
  "method": "regionft_a0p75",
  "model": "LogReg",
  "dataset": "Adult",
  "protected": "age",
  "runtime": 7200,
  "no_disc": 3064524,
  "no_test": 6941069,
  "prec": 0.4415060561997006,
  "cpu_time": 379.3493620580002,
  "real_time": 379.35553097724915,
  "partition": {
    "cpu_time": 141.11980365,
    "real_time": 141.12449502944946,
    "no_test": 1941069,
    "no_disc": 547826,
    "n_regions": 934
  },
  "generation": {
    "cpu_time": 238.22955840800023,
    "real_time": 238.23103594779968,
    "no_test": 5000000,
    "no_disc": 2516698
  },
  "config": {
    "max_depth": 10,
    "min_samples_per_region": 1000,
    "max_samples_per_region": 3000,
    "min_gain": 0.0,
    "gini_weight_mode": "sample",
    "max_split_ratio": 1.0,
    "sampling_risk_focus_alpha": 0.75,
    "sampling_risk_floor": 1e-05,
    "batch_size": 512,
    "disc_phase": "generation",
    "sample_draws": 5000000,
    "random_seed": 3
  }
}