{
  "label": "regionft_a0p75-LogReg-Adult-sex-d5000000",
  "repeat": 0,
  "method": "regionft_a0p75",
  "model": "LogReg",
  "dataset": "Adult",
  "protected": "sex",
  "runtime": 7200,
  "no_disc": 379873,
  "no_test": 6491017,
  "prec": 0.058522878618250423,
  "cpu_time": 133.51672890600003,
  "real_time": 133.5209925174713,
  "partition": {
    "cpu_time": 64.36093163700025,
    "real_time": 64.36462068557739,
    "no_test": 1491017,
    "no_disc": 74925,
    "n_regions": 716
  },
  "generation": {
    "cpu_time": 69.15579726899978,
    "real_time": 69.15637183189392,
    "no_test": 5000000,
    "no_disc": 304948
  },
  "config": {
    "max_depth": 10,
    "min_samples_per_region": 1000,
    "max_samples_per_region": 3000,
    "min_gain": 0.0,
    "gini_weight_mode": "sample",
    "max_split_ratio": 1.0,
    "sampling_risk_focus_alpha": 0.75,
    "sampling_risk_floor": 1e-05,
    "batch_size": 512,
    "disc_phase": "generation",
    "sample_draws": 5000000,
    "random_seed": 0
  }
}