{
  "label": "regionft_a0p75-DecTree-Credit-sex-d5000000",
  "repeat": 4,
  "method": "regionft_a0p75",
  "model": "DecTree",
  "dataset": "Credit",
  "protected": "sex",
  "runtime": 7200,
  "no_disc": 4959096,
  "no_test": 5060826,
  "prec": 0.9798985383018504,
  "cpu_time": 96.18245054999988,
  "real_time": 96.18490099906921,
  "partition": {
    "cpu_time": 4.325735662999705,
    "real_time": 4.326472520828247,
    "no_test": 60826,
    "no_disc": 13896,
    "n_regions": 23
  },
  "generation": {
    "cpu_time": 91.85671488700018,
    "real_time": 91.85842847824097,
    "no_test": 5000000,
    "no_disc": 4945200
  },
  "config": {
    "max_depth": 10,
    "min_samples_per_region": 1000,
    "max_samples_per_region": 3000,
    "min_gain": 0.0,
    "gini_weight_mode": "sample",
    "max_split_ratio": 1.0,
    "sampling_risk_focus_alpha": 0.75,
    "sampling_risk_floor": 1e-05,
    "batch_size": 512,
    "disc_phase": "generation",
    "sample_draws": 5000000,
    "random_seed": 4
  }
}