{
  "label": "regionft_a0p75-DecTree-Credit-age-d5000000",
  "repeat": 4,
  "method": "regionft_a0p75",
  "model": "DecTree",
  "dataset": "Credit",
  "protected": "age",
  "runtime": 7200,
  "no_disc": 5057854,
  "no_test": 5258953,
  "prec": 0.961760639427658,
  "cpu_time": 231.35437664100027,
  "real_time": 231.36066126823425,
  "partition": {
    "cpu_time": 19.96626241300055,
    "real_time": 19.968073844909668,
    "no_test": 258953,
    "no_disc": 148077,
    "n_regions": 120
  },
  "generation": {
    "cpu_time": 211.38811422799972,
    "real_time": 211.39258742332458,
    "no_test": 5000000,
    "no_disc": 4909777
  },
  "config": {
    "max_depth": 10,
    "min_samples_per_region": 1000,
    "max_samples_per_region": 3000,
    "min_gain": 0.0,
    "gini_weight_mode": "sample",
    "max_split_ratio": 1.0,
    "sampling_risk_focus_alpha": 0.75,
    "sampling_risk_floor": 1e-05,
    "batch_size": 512,
    "disc_phase": "generation",
    "sample_draws": 5000000,
    "random_seed": 4
  }
}