{
  "label": "regionft_a0p75-MLP-Credit-age-d5000000",
  "repeat": 3,
  "method": "regionft_a0p75",
  "model": "MLP",
  "dataset": "Credit",
  "protected": "age",
  "runtime": 7200,
  "no_disc": 1484322,
  "no_test": 7135307,
  "prec": 0.20802496655014283,
  "cpu_time": 350.00466031199994,
  "real_time": 350.0110502243042,
  "partition": {
    "cpu_time": 142.8047077780002,
    "real_time": 142.81014752388,
    "no_test": 2135307,
    "no_disc": 281646,
    "n_regions": 990
  },
  "generation": {
    "cpu_time": 207.19995253399975,
    "real_time": 207.2009027004242,
    "no_test": 5000000,
    "no_disc": 1202676
  },
  "config": {
    "max_depth": 10,
    "min_samples_per_region": 1000,
    "max_samples_per_region": 3000,
    "min_gain": 0.0,
    "gini_weight_mode": "sample",
    "max_split_ratio": 1.0,
    "sampling_risk_focus_alpha": 0.75,
    "sampling_risk_floor": 1e-05,
    "batch_size": 512,
    "disc_phase": "generation",
    "sample_draws": 5000000,
    "random_seed": 3
  }
}