{
  "label": "regionft_a0p75-MLP-Lsac-sex-d5000000",
  "repeat": 1,
  "method": "regionft_a0p75",
  "model": "MLP",
  "dataset": "Lsac",
  "protected": "sex",
  "runtime": 7200,
  "no_disc": 220044,
  "no_test": 7153056,
  "prec": 0.030762236448309645,
  "cpu_time": 189.7520871380002,
  "real_time": 189.7536916732788,
  "partition": {
    "cpu_time": 114.96156853499997,
    "real_time": 114.96302700042725,
    "no_test": 2153056,
    "no_disc": 71491,
    "n_regions": 1016
  },
  "generation": {
    "cpu_time": 74.79051860300024,
    "real_time": 74.79066467285156,
    "no_test": 5000000,
    "no_disc": 148553
  },
  "config": {
    "max_depth": 10,
    "min_samples_per_region": 1000,
    "max_samples_per_region": 3000,
    "min_gain": 0.0,
    "gini_weight_mode": "sample",
    "max_split_ratio": 1.0,
    "sampling_risk_focus_alpha": 0.75,
    "sampling_risk_floor": 1e-05,
    "batch_size": 512,
    "disc_phase": "generation",
    "sample_draws": 5000000,
    "random_seed": 1
  }
}