{
  "label": "regionft_a0p75-LogReg-Adult-age-d5000000",
  "repeat": 0,
  "method": "regionft_a0p75",
  "model": "LogReg",
  "dataset": "Adult",
  "protected": "age",
  "runtime": 7200,
  "no_disc": 2745228,
  "no_test": 6966199,
  "prec": 0.3940783201858,
  "cpu_time": 373.1149036080001,
  "real_time": 373.13066387176514,
  "partition": {
    "cpu_time": 141.49218617499992,
    "real_time": 141.50676155090332,
    "no_test": 1966199,
    "no_disc": 509089,
    "n_regions": 946
  },
  "generation": {
    "cpu_time": 231.62271743300016,
    "real_time": 231.62390232086182,
    "no_test": 5000000,
    "no_disc": 2236139
  },
  "config": {
    "max_depth": 10,
    "min_samples_per_region": 1000,
    "max_samples_per_region": 3000,
    "min_gain": 0.0,
    "gini_weight_mode": "sample",
    "max_split_ratio": 1.0,
    "sampling_risk_focus_alpha": 0.75,
    "sampling_risk_floor": 1e-05,
    "batch_size": 512,
    "disc_phase": "generation",
    "sample_draws": 5000000,
    "random_seed": 0
  }
}