{
  "label": "regionft_a0p75-MLP-Adult-age-d5000000",
  "repeat": 2,
  "method": "regionft_a0p75",
  "model": "MLP",
  "dataset": "Adult",
  "protected": "age",
  "runtime": 7200,
  "no_disc": 2986534,
  "no_test": 7172314,
  "prec": 0.41639755314672505,
  "cpu_time": 487.2983167970001,
  "real_time": 487.31647777557373,
  "partition": {
    "cpu_time": 190.96563690800008,
    "real_time": 190.97581386566162,
    "no_test": 2172314,
    "no_disc": 647224,
    "n_regions": 1014
  },
  "generation": {
    "cpu_time": 296.332679889,
    "real_time": 296.3406639099121,
    "no_test": 5000000,
    "no_disc": 2339310
  },
  "config": {
    "max_depth": 10,
    "min_samples_per_region": 1000,
    "max_samples_per_region": 3000,
    "min_gain": 0.0,
    "gini_weight_mode": "sample",
    "max_split_ratio": 1.0,
    "sampling_risk_focus_alpha": 0.75,
    "sampling_risk_floor": 1e-05,
    "batch_size": 512,
    "disc_phase": "generation",
    "sample_draws": 5000000,
    "random_seed": 2
  }
}