{
  "label": "regionft_a0p75-LogReg-Credit-age-d5000000",
  "repeat": 1,
  "method": "regionft_a0p75",
  "model": "LogReg",
  "dataset": "Credit",
  "protected": "age",
  "runtime": 7200,
  "no_disc": 1342718,
  "no_test": 6943519,
  "prec": 0.1933771622141453,
  "cpu_time": 324.7707299019994,
  "real_time": 324.7837700843811,
  "partition": {
    "cpu_time": 130.4775329209997,
    "real_time": 130.48898839950562,
    "no_test": 1943519,
    "no_disc": 258982,
    "n_regions": 895
  },
  "generation": {
    "cpu_time": 194.2931969809997,
    "real_time": 194.2947816848755,
    "no_test": 5000000,
    "no_disc": 1083736
  },
  "config": {
    "max_depth": 10,
    "min_samples_per_region": 1000,
    "max_samples_per_region": 3000,
    "min_gain": 0.0,
    "gini_weight_mode": "sample",
    "max_split_ratio": 1.0,
    "sampling_risk_focus_alpha": 0.75,
    "sampling_risk_floor": 1e-05,
    "batch_size": 512,
    "disc_phase": "generation",
    "sample_draws": 5000000,
    "random_seed": 1
  }
}