{
  "label": "regionft_a0p75-LogReg-Bank-age-d5000000",
  "repeat": 3,
  "method": "regionft_a0p75",
  "model": "LogReg",
  "dataset": "Bank",
  "protected": "age",
  "runtime": 7200,
  "no_disc": 553517,
  "no_test": 6819030,
  "prec": 0.08117239548733471,
  "cpu_time": 354.4763510160001,
  "real_time": 354.48136734962463,
  "partition": {
    "cpu_time": 141.5136753810002,
    "real_time": 141.51676440238953,
    "no_test": 1819030,
    "no_disc": 103418,
    "n_regions": 865
  },
  "generation": {
    "cpu_time": 212.96267563499987,
    "real_time": 212.9646029472351,
    "no_test": 5000000,
    "no_disc": 450099
  },
  "config": {
    "max_depth": 10,
    "min_samples_per_region": 1000,
    "max_samples_per_region": 3000,
    "min_gain": 0.0,
    "gini_weight_mode": "sample",
    "max_split_ratio": 1.0,
    "sampling_risk_focus_alpha": 0.75,
    "sampling_risk_floor": 1e-05,
    "batch_size": 512,
    "disc_phase": "generation",
    "sample_draws": 5000000,
    "random_seed": 3
  }
}