{
  "label": "regionft_a0p75-LogReg-Adult-race-d5000000",
  "repeat": 1,
  "method": "regionft_a0p75",
  "model": "LogReg",
  "dataset": "Adult",
  "protected": "race",
  "runtime": 7200,
  "no_disc": 455929,
  "no_test": 6537788,
  "prec": 0.06973750143014733,
  "cpu_time": 209.21773451100034,
  "real_time": 209.220041513443,
  "partition": {
    "cpu_time": 83.24454435100006,
    "real_time": 83.24613094329834,
    "no_test": 1537788,
    "no_disc": 85991,
    "n_regions": 740
  },
  "generation": {
    "cpu_time": 125.97319016000029,
    "real_time": 125.97391057014465,
    "no_test": 5000000,
    "no_disc": 369938
  },
  "config": {
    "max_depth": 10,
    "min_samples_per_region": 1000,
    "max_samples_per_region": 3000,
    "min_gain": 0.0,
    "gini_weight_mode": "sample",
    "max_split_ratio": 1.0,
    "sampling_risk_focus_alpha": 0.75,
    "sampling_risk_floor": 1e-05,
    "batch_size": 512,
    "disc_phase": "generation",
    "sample_draws": 5000000,
    "random_seed": 1
  }
}