{
  "label": "regionft_a0p75-GBDT-Adult-sex-d5000000",
  "repeat": 0,
  "method": "regionft_a0p75",
  "model": "GBDT",
  "dataset": "Adult",
  "protected": "sex",
  "runtime": 7200,
  "no_disc": 781673,
  "no_test": 6837115,
  "prec": 0.11432789999875678,
  "cpu_time": 180.927392284,
  "real_time": 180.92884945869446,
  "partition": {
    "cpu_time": 94.96394592699994,
    "real_time": 94.96517014503479,
    "no_test": 1837115,
    "no_disc": 133604,
    "n_regions": 880
  },
  "generation": {
    "cpu_time": 85.96344635700007,
    "real_time": 85.96367931365967,
    "no_test": 5000000,
    "no_disc": 648069
  },
  "config": {
    "max_depth": 10,
    "min_samples_per_region": 1000,
    "max_samples_per_region": 3000,
    "min_gain": 0.0,
    "gini_weight_mode": "sample",
    "max_split_ratio": 1.0,
    "sampling_risk_focus_alpha": 0.75,
    "sampling_risk_floor": 1e-05,
    "batch_size": 512,
    "disc_phase": "generation",
    "sample_draws": 5000000,
    "random_seed": 0
  }
}