{
  "label": "regionft_a0p75-DecTree-Bank-age-d5000000",
  "repeat": 1,
  "method": "regionft_a0p75",
  "model": "DecTree",
  "dataset": "Bank",
  "protected": "age",
  "runtime": 7200,
  "no_disc": 3576692,
  "no_test": 6274598,
  "prec": 0.570027275054115,
  "cpu_time": 338.35961928000006,
  "real_time": 338.3699734210968,
  "partition": {
    "cpu_time": 105.87541751500021,
    "real_time": 105.87970542907715,
    "no_test": 1274598,
    "no_disc": 340635,
    "n_regions": 578
  },
  "generation": {
    "cpu_time": 232.48420176499985,
    "real_time": 232.49026799201965,
    "no_test": 5000000,
    "no_disc": 3236057
  },
  "config": {
    "max_depth": 10,
    "min_samples_per_region": 1000,
    "max_samples_per_region": 3000,
    "min_gain": 0.0,
    "gini_weight_mode": "sample",
    "max_split_ratio": 1.0,
    "sampling_risk_focus_alpha": 0.75,
    "sampling_risk_floor": 1e-05,
    "batch_size": 512,
    "disc_phase": "generation",
    "sample_draws": 5000000,
    "random_seed": 1
  }
}