{
  "label": "regionft_a0p75-GBDT-Adult-race-d5000000",
  "repeat": 0,
  "method": "regionft_a0p75",
  "model": "GBDT",
  "dataset": "Adult",
  "protected": "race",
  "runtime": 7200,
  "no_disc": 385685,
  "no_test": 6782033,
  "prec": 0.056868641010741176,
  "cpu_time": 271.5664272230001,
  "real_time": 271.5713014602661,
  "partition": {
    "cpu_time": 117.10425956200015,
    "real_time": 117.10937404632568,
    "no_test": 1782033,
    "no_disc": 80170,
    "n_regions": 853
  },
  "generation": {
    "cpu_time": 154.46216766099997,
    "real_time": 154.46192741394043,
    "no_test": 5000000,
    "no_disc": 305515
  },
  "config": {
    "max_depth": 10,
    "min_samples_per_region": 1000,
    "max_samples_per_region": 3000,
    "min_gain": 0.0,
    "gini_weight_mode": "sample",
    "max_split_ratio": 1.0,
    "sampling_risk_focus_alpha": 0.75,
    "sampling_risk_floor": 1e-05,
    "batch_size": 512,
    "disc_phase": "generation",
    "sample_draws": 5000000,
    "random_seed": 0
  }
}