{
  "label": "regionft_a0p75-MLP-Lsac-sex-d5000000",
  "repeat": 0,
  "method": "regionft_a0p75",
  "model": "MLP",
  "dataset": "Lsac",
  "protected": "sex",
  "runtime": 7200,
  "no_disc": 210684,
  "no_test": 7102411,
  "prec": 0.02966372968277955,
  "cpu_time": 184.54288657899997,
  "real_time": 184.54472875595093,
  "partition": {
    "cpu_time": 111.8591121469999,
    "real_time": 111.85977983474731,
    "no_test": 2102411,
    "no_disc": 63248,
    "n_regions": 992
  },
  "generation": {
    "cpu_time": 72.68377443200006,
    "real_time": 72.68494892120361,
    "no_test": 5000000,
    "no_disc": 147436
  },
  "config": {
    "max_depth": 10,
    "min_samples_per_region": 1000,
    "max_samples_per_region": 3000,
    "min_gain": 0.0,
    "gini_weight_mode": "sample",
    "max_split_ratio": 1.0,
    "sampling_risk_focus_alpha": 0.75,
    "sampling_risk_floor": 1e-05,
    "batch_size": 512,
    "disc_phase": "generation",
    "sample_draws": 5000000,
    "random_seed": 0
  }
}