{
  "label": "regionft_a0p75-MLP-Adult-sex-d5000000",
  "repeat": 4,
  "method": "regionft_a0p75",
  "model": "MLP",
  "dataset": "Adult",
  "protected": "sex",
  "runtime": 7200,
  "no_disc": 252972,
  "no_test": 7085931,
  "prec": 0.03570060165700174,
  "cpu_time": 196.30545211699973,
  "real_time": 196.30936121940613,
  "partition": {
    "cpu_time": 99.8763631490001,
    "real_time": 99.87942552566528,
    "no_test": 2085931,
    "no_disc": 78449,
    "n_regions": 990
  },
  "generation": {
    "cpu_time": 96.42908896799963,
    "real_time": 96.42993569374084,
    "no_test": 5000000,
    "no_disc": 174523
  },
  "config": {
    "max_depth": 10,
    "min_samples_per_region": 1000,
    "max_samples_per_region": 3000,
    "min_gain": 0.0,
    "gini_weight_mode": "sample",
    "max_split_ratio": 1.0,
    "sampling_risk_focus_alpha": 0.75,
    "sampling_risk_floor": 1e-05,
    "batch_size": 512,
    "disc_phase": "generation",
    "sample_draws": 5000000,
    "random_seed": 4
  }
}