{
  "label": "regionft_a0p75-GBDT-Adult-age-d5000000",
  "repeat": 4,
  "method": "regionft_a0p75",
  "model": "GBDT",
  "dataset": "Adult",
  "protected": "age",
  "runtime": 7200,
  "no_disc": 4161514,
  "no_test": 6955252,
  "prec": 0.5983268471077684,
  "cpu_time": 447.795179622,
  "real_time": 447.7952570915222,
  "partition": {
    "cpu_time": 168.6288755170001,
    "real_time": 168.63166213035583,
    "no_test": 1955252,
    "no_disc": 634113,
    "n_regions": 918
  },
  "generation": {
    "cpu_time": 279.1663041049999,
    "real_time": 279.1635949611664,
    "no_test": 5000000,
    "no_disc": 3527401
  },
  "config": {
    "max_depth": 10,
    "min_samples_per_region": 1000,
    "max_samples_per_region": 3000,
    "min_gain": 0.0,
    "gini_weight_mode": "sample",
    "max_split_ratio": 1.0,
    "sampling_risk_focus_alpha": 0.75,
    "sampling_risk_floor": 1e-05,
    "batch_size": 512,
    "disc_phase": "generation",
    "sample_draws": 5000000,
    "random_seed": 4
  }
}