{
  "label": "regionft_a0p75-LogReg-Adult-race-d5000000",
  "repeat": 3,
  "method": "regionft_a0p75",
  "model": "LogReg",
  "dataset": "Adult",
  "protected": "race",
  "runtime": 7200,
  "no_disc": 462991,
  "no_test": 6567836,
  "prec": 0.07049369076816168,
  "cpu_time": 213.75891353899988,
  "real_time": 213.76178789138794,
  "partition": {
    "cpu_time": 85.05704462999984,
    "real_time": 85.05881953239441,
    "no_test": 1567836,
    "no_disc": 93802,
    "n_regions": 755
  },
  "generation": {
    "cpu_time": 128.70186890900004,
    "real_time": 128.70296835899353,
    "no_test": 5000000,
    "no_disc": 369189
  },
  "config": {
    "max_depth": 10,
    "min_samples_per_region": 1000,
    "max_samples_per_region": 3000,
    "min_gain": 0.0,
    "gini_weight_mode": "sample",
    "max_split_ratio": 1.0,
    "sampling_risk_focus_alpha": 0.75,
    "sampling_risk_floor": 1e-05,
    "batch_size": 512,
    "disc_phase": "generation",
    "sample_draws": 5000000,
    "random_seed": 3
  }
}