{
  "label": "regionft_a0p75-GBDT-Lsac-sex-d5000000",
  "repeat": 1,
  "method": "regionft_a0p75",
  "model": "GBDT",
  "dataset": "Lsac",
  "protected": "sex",
  "runtime": 7200,
  "no_disc": 314207,
  "no_test": 7019527,
  "prec": 0.04476184791368421,
  "cpu_time": 197.3733458490001,
  "real_time": 197.37639355659485,
  "partition": {
    "cpu_time": 112.28512589500042,
    "real_time": 112.28805088996887,
    "no_test": 2019527,
    "no_disc": 113154,
    "n_regions": 966
  },
  "generation": {
    "cpu_time": 85.08821995399967,
    "real_time": 85.08834266662598,
    "no_test": 5000000,
    "no_disc": 201053
  },
  "config": {
    "max_depth": 10,
    "min_samples_per_region": 1000,
    "max_samples_per_region": 3000,
    "min_gain": 0.0,
    "gini_weight_mode": "sample",
    "max_split_ratio": 1.0,
    "sampling_risk_focus_alpha": 0.75,
    "sampling_risk_floor": 1e-05,
    "batch_size": 512,
    "disc_phase": "generation",
    "sample_draws": 5000000,
    "random_seed": 1
  }
}