{
  "label": "regionft_a0p75-LogReg-Adult-race-d5000000",
  "repeat": 4,
  "method": "regionft_a0p75",
  "model": "LogReg",
  "dataset": "Adult",
  "protected": "race",
  "runtime": 7200,
  "no_disc": 483775,
  "no_test": 6569582,
  "prec": 0.07363862723686225,
  "cpu_time": 208.0767372350001,
  "real_time": 208.0809178352356,
  "partition": {
    "cpu_time": 83.47871268900053,
    "real_time": 83.48211193084717,
    "no_test": 1569582,
    "no_disc": 97658,
    "n_regions": 755
  },
  "generation": {
    "cpu_time": 124.59802454599958,
    "real_time": 124.59880590438843,
    "no_test": 5000000,
    "no_disc": 386117
  },
  "config": {
    "max_depth": 10,
    "min_samples_per_region": 1000,
    "max_samples_per_region": 3000,
    "min_gain": 0.0,
    "gini_weight_mode": "sample",
    "max_split_ratio": 1.0,
    "sampling_risk_focus_alpha": 0.75,
    "sampling_risk_floor": 1e-05,
    "batch_size": 512,
    "disc_phase": "generation",
    "sample_draws": 5000000,
    "random_seed": 4
  }
}