{
  "label": "regionft_a0p75-MLP-Adult-race-d5000000",
  "repeat": 1,
  "method": "regionft_a0p75",
  "model": "MLP",
  "dataset": "Adult",
  "protected": "race",
  "runtime": 7200,
  "no_disc": 614845,
  "no_test": 7130185,
  "prec": 0.08623128291902664,
  "cpu_time": 317.5612498979999,
  "real_time": 317.56423020362854,
  "partition": {
    "cpu_time": 133.91190377999965,
    "real_time": 133.91316056251526,
    "no_test": 2130185,
    "no_disc": 213678,
    "n_regions": 1009
  },
  "generation": {
    "cpu_time": 183.64934611800027,
    "real_time": 183.65106964111328,
    "no_test": 5000000,
    "no_disc": 401167
  },
  "config": {
    "max_depth": 10,
    "min_samples_per_region": 1000,
    "max_samples_per_region": 3000,
    "min_gain": 0.0,
    "gini_weight_mode": "sample",
    "max_split_ratio": 1.0,
    "sampling_risk_focus_alpha": 0.75,
    "sampling_risk_floor": 1e-05,
    "batch_size": 512,
    "disc_phase": "generation",
    "sample_draws": 5000000,
    "random_seed": 1
  }
}