{
  "label": "regionft_a0p75-DecTree-Adult-sex-d5000000",
  "repeat": 3,
  "method": "regionft_a0p75",
  "model": "DecTree",
  "dataset": "Adult",
  "protected": "sex",
  "runtime": 7200,
  "no_disc": 2425418,
  "no_test": 5429334,
  "prec": 0.4467247732410642,
  "cpu_time": 97.92131189799989,
  "real_time": 97.92167735099792,
  "partition": {
    "cpu_time": 19.237560337999867,
    "real_time": 19.23825430870056,
    "no_test": 429334,
    "no_disc": 63390,
    "n_regions": 205
  },
  "generation": {
    "cpu_time": 78.68375156000002,
    "real_time": 78.68342304229736,
    "no_test": 5000000,
    "no_disc": 2362028
  },
  "config": {
    "max_depth": 10,
    "min_samples_per_region": 1000,
    "max_samples_per_region": 3000,
    "min_gain": 0.0,
    "gini_weight_mode": "sample",
    "max_split_ratio": 1.0,
    "sampling_risk_focus_alpha": 0.75,
    "sampling_risk_floor": 1e-05,
    "batch_size": 512,
    "disc_phase": "generation",
    "sample_draws": 5000000,
    "random_seed": 3
  }
}