{
  "label": "regionft_a0p75-DecTree-Credit-age-d5000000",
  "repeat": 2,
  "method": "regionft_a0p75",
  "model": "DecTree",
  "dataset": "Credit",
  "protected": "age",
  "runtime": 7200,
  "no_disc": 5056035,
  "no_test": 5258954,
  "prec": 0.9614145702738606,
  "cpu_time": 230.32479018799995,
  "real_time": 230.32918310165405,
  "partition": {
    "cpu_time": 20.01284012799988,
    "real_time": 20.015583038330078,
    "no_test": 258954,
    "no_disc": 146538,
    "n_regions": 120
  },
  "generation": {
    "cpu_time": 210.31195006000007,
    "real_time": 210.31360006332397,
    "no_test": 5000000,
    "no_disc": 4909497
  },
  "config": {
    "max_depth": 10,
    "min_samples_per_region": 1000,
    "max_samples_per_region": 3000,
    "min_gain": 0.0,
    "gini_weight_mode": "sample",
    "max_split_ratio": 1.0,
    "sampling_risk_focus_alpha": 0.75,
    "sampling_risk_floor": 1e-05,
    "batch_size": 512,
    "disc_phase": "generation",
    "sample_draws": 5000000,
    "random_seed": 2
  }
}