{
  "label": "regionft_a0p75-MLP-Lsac-sex-d5000000",
  "repeat": 2,
  "method": "regionft_a0p75",
  "model": "MLP",
  "dataset": "Lsac",
  "protected": "sex",
  "runtime": 7200,
  "no_disc": 194787,
  "no_test": 6915556,
  "prec": 0.028166498832487223,
  "cpu_time": 176.53544874499994,
  "real_time": 176.5386803150177,
  "partition": {
    "cpu_time": 103.51776040200002,
    "real_time": 103.52065706253052,
    "no_test": 1915556,
    "no_disc": 46867,
    "n_regions": 907
  },
  "generation": {
    "cpu_time": 73.01768834299992,
    "real_time": 73.01802325248718,
    "no_test": 5000000,
    "no_disc": 147920
  },
  "config": {
    "max_depth": 10,
    "min_samples_per_region": 1000,
    "max_samples_per_region": 3000,
    "min_gain": 0.0,
    "gini_weight_mode": "sample",
    "max_split_ratio": 1.0,
    "sampling_risk_focus_alpha": 0.75,
    "sampling_risk_floor": 1e-05,
    "batch_size": 512,
    "disc_phase": "generation",
    "sample_draws": 5000000,
    "random_seed": 2
  }
}