{
  "label": "regionft_a0p75-DecTree-Adult-race-d5000000",
  "repeat": 0,
  "method": "regionft_a0p75",
  "model": "DecTree",
  "dataset": "Adult",
  "protected": "race",
  "runtime": 7200,
  "no_disc": 3345435,
  "no_test": 5561662,
  "prec": 0.6015171364243278,
  "cpu_time": 178.10693604300013,
  "real_time": 178.1098084449768,
  "partition": {
    "cpu_time": 32.82166758700009,
    "real_time": 32.8240532875061,
    "no_test": 561662,
    "no_disc": 56794,
    "n_regions": 265
  },
  "generation": {
    "cpu_time": 145.28526845600004,
    "real_time": 145.2857551574707,
    "no_test": 5000000,
    "no_disc": 3288641
  },
  "config": {
    "max_depth": 10,
    "min_samples_per_region": 1000,
    "max_samples_per_region": 3000,
    "min_gain": 0.0,
    "gini_weight_mode": "sample",
    "max_split_ratio": 1.0,
    "sampling_risk_focus_alpha": 0.75,
    "sampling_risk_floor": 1e-05,
    "batch_size": 512,
    "disc_phase": "generation",
    "sample_draws": 5000000,
    "random_seed": 0
  }
}