{
  "label": "regionft_a0p75-MLP-Adult-age-d5000000",
  "repeat": 1,
  "method": "regionft_a0p75",
  "model": "MLP",
  "dataset": "Adult",
  "protected": "age",
  "runtime": 7200,
  "no_disc": 2921121,
  "no_test": 7195808,
  "prec": 0.4059476017147762,
  "cpu_time": 533.3539301620001,
  "real_time": 533.3672027587891,
  "partition": {
    "cpu_time": 199.34498795000002,
    "real_time": 199.3500726222992,
    "no_test": 2195808,
    "no_disc": 604947,
    "n_regions": 1023
  },
  "generation": {
    "cpu_time": 334.0089422120001,
    "real_time": 334.01713013648987,
    "no_test": 5000000,
    "no_disc": 2316174
  },
  "config": {
    "max_depth": 10,
    "min_samples_per_region": 1000,
    "max_samples_per_region": 3000,
    "min_gain": 0.0,
    "gini_weight_mode": "sample",
    "max_split_ratio": 1.0,
    "sampling_risk_focus_alpha": 0.75,
    "sampling_risk_floor": 1e-05,
    "batch_size": 512,
    "disc_phase": "generation",
    "sample_draws": 5000000,
    "random_seed": 1
  }
}