{
  "label": "regionft_a0p75-LogReg-Adult-sex-d5000000",
  "repeat": 4,
  "method": "regionft_a0p75",
  "model": "LogReg",
  "dataset": "Adult",
  "protected": "sex",
  "runtime": 7200,
  "no_disc": 371994,
  "no_test": 6506516,
  "prec": 0.05717253288856894,
  "cpu_time": 130.4722261400002,
  "real_time": 130.4749629497528,
  "partition": {
    "cpu_time": 64.67681893300005,
    "real_time": 64.67948961257935,
    "no_test": 1506516,
    "no_disc": 83521,
    "n_regions": 727
  },
  "generation": {
    "cpu_time": 65.79540720700015,
    "real_time": 65.79547333717346,
    "no_test": 5000000,
    "no_disc": 288473
  },
  "config": {
    "max_depth": 10,
    "min_samples_per_region": 1000,
    "max_samples_per_region": 3000,
    "min_gain": 0.0,
    "gini_weight_mode": "sample",
    "max_split_ratio": 1.0,
    "sampling_risk_focus_alpha": 0.75,
    "sampling_risk_floor": 1e-05,
    "batch_size": 512,
    "disc_phase": "generation",
    "sample_draws": 5000000,
    "random_seed": 4
  }
}