{
  "label": "regionft_a0p75-DecTree-Lsac-sex-d5000000",
  "repeat": 4,
  "method": "regionft_a0p75",
  "model": "DecTree",
  "dataset": "Lsac",
  "protected": "sex",
  "runtime": 7200,
  "no_disc": 4092525,
  "no_test": 6473023,
  "prec": 0.6322432347297391,
  "cpu_time": 170.96092879200023,
  "real_time": 170.96520328521729,
  "partition": {
    "cpu_time": 89.73734016300023,
    "real_time": 89.74102234840393,
    "no_test": 1473023,
    "no_disc": 206987,
    "n_regions": 684
  },
  "generation": {
    "cpu_time": 81.223588629,
    "real_time": 81.22418093681335,
    "no_test": 5000000,
    "no_disc": 3885538
  },
  "config": {
    "max_depth": 10,
    "min_samples_per_region": 1000,
    "max_samples_per_region": 3000,
    "min_gain": 0.0,
    "gini_weight_mode": "sample",
    "max_split_ratio": 1.0,
    "sampling_risk_focus_alpha": 0.75,
    "sampling_risk_floor": 1e-05,
    "batch_size": 512,
    "disc_phase": "generation",
    "sample_draws": 5000000,
    "random_seed": 4
  }
}