{
  "label": "regionft_a0p75-LogReg-Lsac-sex-d5000000",
  "repeat": 3,
  "method": "regionft_a0p75",
  "model": "LogReg",
  "dataset": "Lsac",
  "protected": "sex",
  "runtime": 7200,
  "no_disc": 258024,
  "no_test": 7081359,
  "prec": 0.03643707373118634,
  "cpu_time": 183.03262900199934,
  "real_time": 183.03851199150085,
  "partition": {
    "cpu_time": 114.63450482399912,
    "real_time": 114.63981580734253,
    "no_test": 2081359,
    "no_disc": 73131,
    "n_regions": 985
  },
  "generation": {
    "cpu_time": 68.39812417800022,
    "real_time": 68.39869618415833,
    "no_test": 5000000,
    "no_disc": 184893
  },
  "config": {
    "max_depth": 10,
    "min_samples_per_region": 1000,
    "max_samples_per_region": 3000,
    "min_gain": 0.0,
    "gini_weight_mode": "sample",
    "max_split_ratio": 1.0,
    "sampling_risk_focus_alpha": 0.75,
    "sampling_risk_floor": 1e-05,
    "batch_size": 512,
    "disc_phase": "generation",
    "sample_draws": 5000000,
    "random_seed": 3
  }
}