{
  "label": "regionft_a0p75-MLP-Credit-sex-d5000000",
  "repeat": 1,
  "method": "regionft_a0p75",
  "model": "MLP",
  "dataset": "Credit",
  "protected": "sex",
  "runtime": 7200,
  "no_disc": 634458,
  "no_test": 6883365,
  "prec": 0.09217265102170231,
  "cpu_time": 173.94782999200015,
  "real_time": 173.95153427124023,
  "partition": {
    "cpu_time": 86.43508542100062,
    "real_time": 86.438072681427,
    "no_test": 1883365,
    "no_disc": 129926,
    "n_regions": 878
  },
  "generation": {
    "cpu_time": 87.51274457099953,
    "real_time": 87.51346158981323,
    "no_test": 5000000,
    "no_disc": 504532
  },
  "config": {
    "max_depth": 10,
    "min_samples_per_region": 1000,
    "max_samples_per_region": 3000,
    "min_gain": 0.0,
    "gini_weight_mode": "sample",
    "max_split_ratio": 1.0,
    "sampling_risk_focus_alpha": 0.75,
    "sampling_risk_floor": 1e-05,
    "batch_size": 512,
    "disc_phase": "generation",
    "sample_draws": 5000000,
    "random_seed": 1
  }
}