{
  "label": "regionft_a0p75-MLP-Credit-age-d5000000",
  "repeat": 1,
  "method": "regionft_a0p75",
  "model": "MLP",
  "dataset": "Credit",
  "protected": "age",
  "runtime": 7200,
  "no_disc": 1386998,
  "no_test": 7188637,
  "prec": 0.19294311285992047,
  "cpu_time": 359.5775239909999,
  "real_time": 359.5929548740387,
  "partition": {
    "cpu_time": 147.6848901350004,
    "real_time": 147.69831895828247,
    "no_test": 2188637,
    "no_disc": 246103,
    "n_regions": 1018
  },
  "generation": {
    "cpu_time": 211.89263385599952,
    "real_time": 211.89463591575623,
    "no_test": 5000000,
    "no_disc": 1140895
  },
  "config": {
    "max_depth": 10,
    "min_samples_per_region": 1000,
    "max_samples_per_region": 3000,
    "min_gain": 0.0,
    "gini_weight_mode": "sample",
    "max_split_ratio": 1.0,
    "sampling_risk_focus_alpha": 0.75,
    "sampling_risk_floor": 1e-05,
    "batch_size": 512,
    "disc_phase": "generation",
    "sample_draws": 5000000,
    "random_seed": 1
  }
}