{
  "label": "regionft_a0p75-DecTree-Bank-age-d5000000",
  "repeat": 2,
  "method": "regionft_a0p75",
  "model": "DecTree",
  "dataset": "Bank",
  "protected": "age",
  "runtime": 7200,
  "no_disc": 3757605,
  "no_test": 6418319,
  "prec": 0.5854500220384808,
  "cpu_time": 346.7107310449992,
  "real_time": 346.73272609710693,
  "partition": {
    "cpu_time": 117.15279694299988,
    "real_time": 117.16604971885681,
    "no_test": 1418319,
    "no_disc": 401277,
    "n_regions": 646
  },
  "generation": {
    "cpu_time": 229.5579341019993,
    "real_time": 229.56667637825012,
    "no_test": 5000000,
    "no_disc": 3356328
  },
  "config": {
    "max_depth": 10,
    "min_samples_per_region": 1000,
    "max_samples_per_region": 3000,
    "min_gain": 0.0,
    "gini_weight_mode": "sample",
    "max_split_ratio": 1.0,
    "sampling_risk_focus_alpha": 0.75,
    "sampling_risk_floor": 1e-05,
    "batch_size": 512,
    "disc_phase": "generation",
    "sample_draws": 5000000,
    "random_seed": 2
  }
}