{
  "label": "regionft_a0p75-MLP-Credit-sex-d5000000",
  "repeat": 4,
  "method": "regionft_a0p75",
  "model": "MLP",
  "dataset": "Credit",
  "protected": "sex",
  "runtime": 7200,
  "no_disc": 604105,
  "no_test": 7061296,
  "prec": 0.08555157580138263,
  "cpu_time": 172.20452144599994,
  "real_time": 172.21441984176636,
  "partition": {
    "cpu_time": 86.73586654400015,
    "real_time": 86.74113655090332,
    "no_test": 2061296,
    "no_disc": 116631,
    "n_regions": 962
  },
  "generation": {
    "cpu_time": 85.4686549019998,
    "real_time": 85.47328329086304,
    "no_test": 5000000,
    "no_disc": 487474
  },
  "config": {
    "max_depth": 10,
    "min_samples_per_region": 1000,
    "max_samples_per_region": 3000,
    "min_gain": 0.0,
    "gini_weight_mode": "sample",
    "max_split_ratio": 1.0,
    "sampling_risk_focus_alpha": 0.75,
    "sampling_risk_floor": 1e-05,
    "batch_size": 512,
    "disc_phase": "generation",
    "sample_draws": 5000000,
    "random_seed": 4
  }
}