{
  "label": "regionft_a0p75-LogReg-Credit-sex-d5000000",
  "repeat": 0,
  "method": "regionft_a0p75",
  "model": "LogReg",
  "dataset": "Credit",
  "protected": "sex",
  "runtime": 7200,
  "no_disc": 553616,
  "no_test": 7154909,
  "prec": 0.07737568709818671,
  "cpu_time": 165.83364545199993,
  "real_time": 165.83956933021545,
  "partition": {
    "cpu_time": 90.1946890700001,
    "real_time": 90.20000505447388,
    "no_test": 2154909,
    "no_disc": 123993,
    "n_regions": 1002
  },
  "generation": {
    "cpu_time": 75.63895638199983,
    "real_time": 75.63956427574158,
    "no_test": 5000000,
    "no_disc": 429623
  },
  "config": {
    "max_depth": 10,
    "min_samples_per_region": 1000,
    "max_samples_per_region": 3000,
    "min_gain": 0.0,
    "gini_weight_mode": "sample",
    "max_split_ratio": 1.0,
    "sampling_risk_focus_alpha": 0.75,
    "sampling_risk_floor": 1e-05,
    "batch_size": 512,
    "disc_phase": "generation",
    "sample_draws": 5000000,
    "random_seed": 0
  }
}