{
  "label": "regionft_a0p75-MLP-Adult-age-d5000000",
  "repeat": 4,
  "method": "regionft_a0p75",
  "model": "MLP",
  "dataset": "Adult",
  "protected": "age",
  "runtime": 7200,
  "no_disc": 2942140,
  "no_test": 7188328,
  "prec": 0.4092940667148188,
  "cpu_time": 482.24680686299985,
  "real_time": 482.26510310173035,
  "partition": {
    "cpu_time": 194.19425710199994,
    "real_time": 194.20132112503052,
    "no_test": 2188328,
    "no_disc": 676869,
    "n_regions": 1022
  },
  "generation": {
    "cpu_time": 288.0525497609999,
    "real_time": 288.06378197669983,
    "no_test": 5000000,
    "no_disc": 2265271
  },
  "config": {
    "max_depth": 10,
    "min_samples_per_region": 1000,
    "max_samples_per_region": 3000,
    "min_gain": 0.0,
    "gini_weight_mode": "sample",
    "max_split_ratio": 1.0,
    "sampling_risk_focus_alpha": 0.75,
    "sampling_risk_floor": 1e-05,
    "batch_size": 512,
    "disc_phase": "generation",
    "sample_draws": 5000000,
    "random_seed": 4
  }
}