{
  "label": "regionft_a0p75-LogReg-Lsac-sex-d5000000",
  "repeat": 2,
  "method": "regionft_a0p75",
  "model": "LogReg",
  "dataset": "Lsac",
  "protected": "sex",
  "runtime": 7200,
  "no_disc": 251844,
  "no_test": 6946868,
  "prec": 0.03625288403349538,
  "cpu_time": 174.60955035000006,
  "real_time": 174.6117467880249,
  "partition": {
    "cpu_time": 104.92812878899986,
    "real_time": 104.92946434020996,
    "no_test": 1946868,
    "no_disc": 66163,
    "n_regions": 923
  },
  "generation": {
    "cpu_time": 69.6814215610002,
    "real_time": 69.68228244781494,
    "no_test": 5000000,
    "no_disc": 185681
  },
  "config": {
    "max_depth": 10,
    "min_samples_per_region": 1000,
    "max_samples_per_region": 3000,
    "min_gain": 0.0,
    "gini_weight_mode": "sample",
    "max_split_ratio": 1.0,
    "sampling_risk_focus_alpha": 0.75,
    "sampling_risk_floor": 1e-05,
    "batch_size": 512,
    "disc_phase": "generation",
    "sample_draws": 5000000,
    "random_seed": 2
  }
}