{
  "label": "regionft_a0p75-LogReg-Lsac-race-d5000000",
  "repeat": 3,
  "method": "regionft_a0p75",
  "model": "LogReg",
  "dataset": "Lsac",
  "protected": "race",
  "runtime": 7200,
  "no_disc": 976596,
  "no_test": 6993830,
  "prec": 0.139636794145697,
  "cpu_time": 202.59313502899988,
  "real_time": 202.59979009628296,
  "partition": {
    "cpu_time": 115.960986778,
    "real_time": 115.96687412261963,
    "no_test": 1993830,
    "no_disc": 192893,
    "n_regions": 934
  },
  "generation": {
    "cpu_time": 86.63214825099988,
    "real_time": 86.63291597366333,
    "no_test": 5000000,
    "no_disc": 783703
  },
  "config": {
    "max_depth": 10,
    "min_samples_per_region": 1000,
    "max_samples_per_region": 3000,
    "min_gain": 0.0,
    "gini_weight_mode": "sample",
    "max_split_ratio": 1.0,
    "sampling_risk_focus_alpha": 0.75,
    "sampling_risk_floor": 1e-05,
    "batch_size": 512,
    "disc_phase": "generation",
    "sample_draws": 5000000,
    "random_seed": 3
  }
}