{
  "label": "regionft_a0p75-DecTree-Bank-age-d5000000",
  "repeat": 4,
  "method": "regionft_a0p75",
  "model": "DecTree",
  "dataset": "Bank",
  "protected": "age",
  "runtime": 7200,
  "no_disc": 3591752,
  "no_test": 6374657,
  "prec": 0.5634423938417392,
  "cpu_time": 348.74953599499986,
  "real_time": 348.77575945854187,
  "partition": {
    "cpu_time": 114.67874976300027,
    "real_time": 114.6988878250122,
    "no_test": 1374657,
    "no_disc": 360363,
    "n_regions": 627
  },
  "generation": {
    "cpu_time": 234.0707862319996,
    "real_time": 234.07687163352966,
    "no_test": 5000000,
    "no_disc": 3231389
  },
  "config": {
    "max_depth": 10,
    "min_samples_per_region": 1000,
    "max_samples_per_region": 3000,
    "min_gain": 0.0,
    "gini_weight_mode": "sample",
    "max_split_ratio": 1.0,
    "sampling_risk_focus_alpha": 0.75,
    "sampling_risk_floor": 1e-05,
    "batch_size": 512,
    "disc_phase": "generation",
    "sample_draws": 5000000,
    "random_seed": 4
  }
}