{
  "label": "regionft_a0p75-DecTree-Lsac-sex-d5000000",
  "repeat": 2,
  "method": "regionft_a0p75",
  "model": "DecTree",
  "dataset": "Lsac",
  "protected": "sex",
  "runtime": 7200,
  "no_disc": 4059166,
  "no_test": 6316054,
  "prec": 0.6426743659886378,
  "cpu_time": 166.84530929499942,
  "real_time": 166.8699152469635,
  "partition": {
    "cpu_time": 83.55552927499957,
    "real_time": 83.5707516670227,
    "no_test": 1316054,
    "no_disc": 177803,
    "n_regions": 609
  },
  "generation": {
    "cpu_time": 83.28978001999985,
    "real_time": 83.2991635799408,
    "no_test": 5000000,
    "no_disc": 3881363
  },
  "config": {
    "max_depth": 10,
    "min_samples_per_region": 1000,
    "max_samples_per_region": 3000,
    "min_gain": 0.0,
    "gini_weight_mode": "sample",
    "max_split_ratio": 1.0,
    "sampling_risk_focus_alpha": 0.75,
    "sampling_risk_floor": 1e-05,
    "batch_size": 512,
    "disc_phase": "generation",
    "sample_draws": 5000000,
    "random_seed": 2
  }
}