{
  "label": "regionft_a0p75-GBDT-Credit-sex-d5000000",
  "repeat": 3,
  "method": "regionft_a0p75",
  "model": "GBDT",
  "dataset": "Credit",
  "protected": "sex",
  "runtime": 7200,
  "no_disc": 585202,
  "no_test": 6729751,
  "prec": 0.08695745206620571,
  "cpu_time": 166.61337883600004,
  "real_time": 166.62882494926453,
  "partition": {
    "cpu_time": 73.27487329400003,
    "real_time": 73.28847146034241,
    "no_test": 1729751,
    "no_disc": 96528,
    "n_regions": 823
  },
  "generation": {
    "cpu_time": 93.33850554200001,
    "real_time": 93.34035348892212,
    "no_test": 5000000,
    "no_disc": 488674
  },
  "config": {
    "max_depth": 10,
    "min_samples_per_region": 1000,
    "max_samples_per_region": 3000,
    "min_gain": 0.0,
    "gini_weight_mode": "sample",
    "max_split_ratio": 1.0,
    "sampling_risk_focus_alpha": 0.75,
    "sampling_risk_floor": 1e-05,
    "batch_size": 512,
    "disc_phase": "generation",
    "sample_draws": 5000000,
    "random_seed": 3
  }
}