{
  "label": "regionft_a0p75-LogReg-Lsac-sex-d5000000",
  "repeat": 1,
  "method": "regionft_a0p75",
  "model": "LogReg",
  "dataset": "Lsac",
  "protected": "sex",
  "runtime": 7200,
  "no_disc": 208686,
  "no_test": 6757456,
  "prec": 0.03088233204922089,
  "cpu_time": 162.48229419400013,
  "real_time": 162.48972034454346,
  "partition": {
    "cpu_time": 95.77210506300071,
    "real_time": 95.77833080291748,
    "no_test": 1757456,
    "no_disc": 53613,
    "n_regions": 835
  },
  "generation": {
    "cpu_time": 66.71018913099942,
    "real_time": 66.71138954162598,
    "no_test": 5000000,
    "no_disc": 155073
  },
  "config": {
    "max_depth": 10,
    "min_samples_per_region": 1000,
    "max_samples_per_region": 3000,
    "min_gain": 0.0,
    "gini_weight_mode": "sample",
    "max_split_ratio": 1.0,
    "sampling_risk_focus_alpha": 0.75,
    "sampling_risk_floor": 1e-05,
    "batch_size": 512,
    "disc_phase": "generation",
    "sample_draws": 5000000,
    "random_seed": 1
  }
}