{
  "label": "regionft_a0p75-GBDT-Lsac-sex-d5000000",
  "repeat": 4,
  "method": "regionft_a0p75",
  "model": "GBDT",
  "dataset": "Lsac",
  "protected": "sex",
  "runtime": 7200,
  "no_disc": 368873,
  "no_test": 7067558,
  "prec": 0.052192426294909784,
  "cpu_time": 206.17281731099956,
  "real_time": 206.1769015789032,
  "partition": {
    "cpu_time": 121.19350091199976,
    "real_time": 121.19732522964478,
    "no_test": 2067558,
    "no_disc": 132887,
    "n_regions": 985
  },
  "generation": {
    "cpu_time": 84.9793163989998,
    "real_time": 84.97957634925842,
    "no_test": 5000000,
    "no_disc": 235986
  },
  "config": {
    "max_depth": 10,
    "min_samples_per_region": 1000,
    "max_samples_per_region": 3000,
    "min_gain": 0.0,
    "gini_weight_mode": "sample",
    "max_split_ratio": 1.0,
    "sampling_risk_focus_alpha": 0.75,
    "sampling_risk_floor": 1e-05,
    "batch_size": 512,
    "disc_phase": "generation",
    "sample_draws": 5000000,
    "random_seed": 4
  }
}