{
  "label": "regionft_a0p75-LogReg-Bank-age-d5000000",
  "repeat": 2,
  "method": "regionft_a0p75",
  "model": "LogReg",
  "dataset": "Bank",
  "protected": "age",
  "runtime": 7200,
  "no_disc": 551299,
  "no_test": 6377327,
  "prec": 0.08644671976205705,
  "cpu_time": 332.9852354570003,
  "real_time": 332.9891288280487,
  "partition": {
    "cpu_time": 107.90667682100047,
    "real_time": 107.909006357193,
    "no_test": 1377327,
    "no_disc": 71665,
    "n_regions": 650
  },
  "generation": {
    "cpu_time": 225.0785586359998,
    "real_time": 225.0801224708557,
    "no_test": 5000000,
    "no_disc": 479634
  },
  "config": {
    "max_depth": 10,
    "min_samples_per_region": 1000,
    "max_samples_per_region": 3000,
    "min_gain": 0.0,
    "gini_weight_mode": "sample",
    "max_split_ratio": 1.0,
    "sampling_risk_focus_alpha": 0.75,
    "sampling_risk_floor": 1e-05,
    "batch_size": 512,
    "disc_phase": "generation",
    "sample_draws": 5000000,
    "random_seed": 2
  }
}