{
  "label": "regionft_a0p75-MLP-Adult-sex-d5000000",
  "repeat": 1,
  "method": "regionft_a0p75",
  "model": "MLP",
  "dataset": "Adult",
  "protected": "sex",
  "runtime": 7200,
  "no_disc": 240514,
  "no_test": 7060066,
  "prec": 0.03406682033850675,
  "cpu_time": 192.77672035199976,
  "real_time": 192.7806589603424,
  "partition": {
    "cpu_time": 98.799415598,
    "real_time": 98.80219459533691,
    "no_test": 2060066,
    "no_disc": 76443,
    "n_regions": 982
  },
  "generation": {
    "cpu_time": 93.97730475399976,
    "real_time": 93.9784643650055,
    "no_test": 5000000,
    "no_disc": 164071
  },
  "config": {
    "max_depth": 10,
    "min_samples_per_region": 1000,
    "max_samples_per_region": 3000,
    "min_gain": 0.0,
    "gini_weight_mode": "sample",
    "max_split_ratio": 1.0,
    "sampling_risk_focus_alpha": 0.75,
    "sampling_risk_floor": 1e-05,
    "batch_size": 512,
    "disc_phase": "generation",
    "sample_draws": 5000000,
    "random_seed": 1
  }
}