{
  "label": "regionft_a0p75-DecTree-Adult-age-d5000000",
  "repeat": 2,
  "method": "regionft_a0p75",
  "model": "DecTree",
  "dataset": "Adult",
  "protected": "age",
  "runtime": 7200,
  "no_disc": 5021753,
  "no_test": 5297321,
  "prec": 0.9479797429681909,
  "cpu_time": 268.321169852,
  "real_time": 268.31988739967346,
  "partition": {
    "cpu_time": 27.003934064000077,
    "real_time": 27.00539231300354,
    "no_test": 297321,
    "no_disc": 117938,
    "n_regions": 132
  },
  "generation": {
    "cpu_time": 241.31723578799995,
    "real_time": 241.31449508666992,
    "no_test": 5000000,
    "no_disc": 4903815
  },
  "config": {
    "max_depth": 10,
    "min_samples_per_region": 1000,
    "max_samples_per_region": 3000,
    "min_gain": 0.0,
    "gini_weight_mode": "sample",
    "max_split_ratio": 1.0,
    "sampling_risk_focus_alpha": 0.75,
    "sampling_risk_floor": 1e-05,
    "batch_size": 512,
    "disc_phase": "generation",
    "sample_draws": 5000000,
    "random_seed": 2
  }
}