{
  "label": "regionft_a0p75-DecTree-Adult-sex-d5000000",
  "repeat": 0,
  "method": "regionft_a0p75",
  "model": "DecTree",
  "dataset": "Adult",
  "protected": "sex",
  "runtime": 7200,
  "no_disc": 2676165,
  "no_test": 5792915,
  "prec": 0.4619720814132436,
  "cpu_time": 117.62230544099998,
  "real_time": 117.62249684333801,
  "partition": {
    "cpu_time": 37.63638837799999,
    "real_time": 37.637033224105835,
    "no_test": 792915,
    "no_disc": 123946,
    "n_regions": 383
  },
  "generation": {
    "cpu_time": 79.98591706299999,
    "real_time": 79.98546361923218,
    "no_test": 5000000,
    "no_disc": 2552219
  },
  "config": {
    "max_depth": 10,
    "min_samples_per_region": 1000,
    "max_samples_per_region": 3000,
    "min_gain": 0.0,
    "gini_weight_mode": "sample",
    "max_split_ratio": 1.0,
    "sampling_risk_focus_alpha": 0.75,
    "sampling_risk_floor": 1e-05,
    "batch_size": 512,
    "disc_phase": "generation",
    "sample_draws": 5000000,
    "random_seed": 0
  }
}