{
  "label": "regionft_a0p75-MLP-Credit-age-d5000000",
  "repeat": 4,
  "method": "regionft_a0p75",
  "model": "MLP",
  "dataset": "Credit",
  "protected": "age",
  "runtime": 7200,
  "no_disc": 1463791,
  "no_test": 7193464,
  "prec": 0.20348902837353464,
  "cpu_time": 363.35331263499984,
  "real_time": 363.36224937438965,
  "partition": {
    "cpu_time": 148.84248530399964,
    "real_time": 148.84929656982422,
    "no_test": 2193464,
    "no_disc": 279041,
    "n_regions": 1020
  },
  "generation": {
    "cpu_time": 214.5108273310002,
    "real_time": 214.51295280456543,
    "no_test": 5000000,
    "no_disc": 1184750
  },
  "config": {
    "max_depth": 10,
    "min_samples_per_region": 1000,
    "max_samples_per_region": 3000,
    "min_gain": 0.0,
    "gini_weight_mode": "sample",
    "max_split_ratio": 1.0,
    "sampling_risk_focus_alpha": 0.75,
    "sampling_risk_floor": 1e-05,
    "batch_size": 512,
    "disc_phase": "generation",
    "sample_draws": 5000000,
    "random_seed": 4
  }
}