{
  "label": "regionft_a0p75-LogReg-Adult-age-d5000000",
  "repeat": 2,
  "method": "regionft_a0p75",
  "model": "LogReg",
  "dataset": "Adult",
  "protected": "age",
  "runtime": 7200,
  "no_disc": 2940557,
  "no_test": 7011379,
  "prec": 0.41939781033089213,
  "cpu_time": 380.958201337,
  "real_time": 380.97113156318665,
  "partition": {
    "cpu_time": 145.6797562910001,
    "real_time": 145.68994235992432,
    "no_test": 2011379,
    "no_disc": 553624,
    "n_regions": 967
  },
  "generation": {
    "cpu_time": 235.2784450459999,
    "real_time": 235.28118920326233,
    "no_test": 5000000,
    "no_disc": 2386933
  },
  "config": {
    "max_depth": 10,
    "min_samples_per_region": 1000,
    "max_samples_per_region": 3000,
    "min_gain": 0.0,
    "gini_weight_mode": "sample",
    "max_split_ratio": 1.0,
    "sampling_risk_focus_alpha": 0.75,
    "sampling_risk_floor": 1e-05,
    "batch_size": 512,
    "disc_phase": "generation",
    "sample_draws": 5000000,
    "random_seed": 2
  }
}