{
  "label": "regionft_a0p75-GBDT-Credit-age-d5000000",
  "repeat": 3,
  "method": "regionft_a0p75",
  "model": "GBDT",
  "dataset": "Credit",
  "protected": "age",
  "runtime": 7200,
  "no_disc": 1458879,
  "no_test": 7124523,
  "prec": 0.20476865609108147,
  "cpu_time": 395.7165551339999,
  "real_time": 395.72295212745667,
  "partition": {
    "cpu_time": 172.17147264999994,
    "real_time": 172.17624354362488,
    "no_test": 2124523,
    "no_disc": 321589,
    "n_regions": 977
  },
  "generation": {
    "cpu_time": 223.54508248399998,
    "real_time": 223.5467085838318,
    "no_test": 5000000,
    "no_disc": 1137290
  },
  "config": {
    "max_depth": 10,
    "min_samples_per_region": 1000,
    "max_samples_per_region": 3000,
    "min_gain": 0.0,
    "gini_weight_mode": "sample",
    "max_split_ratio": 1.0,
    "sampling_risk_focus_alpha": 0.75,
    "sampling_risk_floor": 1e-05,
    "batch_size": 512,
    "disc_phase": "generation",
    "sample_draws": 5000000,
    "random_seed": 3
  }
}