{
  "label": "regionft_a0p75-GBDT-Credit-age-d5000000",
  "repeat": 1,
  "method": "regionft_a0p75",
  "model": "GBDT",
  "dataset": "Credit",
  "protected": "age",
  "runtime": 7200,
  "no_disc": 1555213,
  "no_test": 7199870,
  "prec": 0.21600570565857438,
  "cpu_time": 393.1643500969999,
  "real_time": 393.17505073547363,
  "partition": {
    "cpu_time": 170.41130219800016,
    "real_time": 170.4207639694214,
    "no_test": 2199870,
    "no_disc": 393373,
    "n_regions": 1016
  },
  "generation": {
    "cpu_time": 222.75304789899974,
    "real_time": 222.75428676605225,
    "no_test": 5000000,
    "no_disc": 1161840
  },
  "config": {
    "max_depth": 10,
    "min_samples_per_region": 1000,
    "max_samples_per_region": 3000,
    "min_gain": 0.0,
    "gini_weight_mode": "sample",
    "max_split_ratio": 1.0,
    "sampling_risk_focus_alpha": 0.75,
    "sampling_risk_floor": 1e-05,
    "batch_size": 512,
    "disc_phase": "generation",
    "sample_draws": 5000000,
    "random_seed": 1
  }
}