{
  "label": "regionft_a0p75-MLP-Lsac-race-d5000000",
  "repeat": 2,
  "method": "regionft_a0p75",
  "model": "MLP",
  "dataset": "Lsac",
  "protected": "race",
  "runtime": 7200,
  "no_disc": 570979,
  "no_test": 7192328,
  "prec": 0.07938723039327461,
  "cpu_time": 232.11441497899978,
  "real_time": 232.12033700942993,
  "partition": {
    "cpu_time": 133.19243044199993,
    "real_time": 133.19667434692383,
    "no_test": 2192328,
    "no_disc": 144238,
    "n_regions": 1022
  },
  "generation": {
    "cpu_time": 98.92198453699984,
    "real_time": 98.9236626625061,
    "no_test": 5000000,
    "no_disc": 426741
  },
  "config": {
    "max_depth": 10,
    "min_samples_per_region": 1000,
    "max_samples_per_region": 3000,
    "min_gain": 0.0,
    "gini_weight_mode": "sample",
    "max_split_ratio": 1.0,
    "sampling_risk_focus_alpha": 0.75,
    "sampling_risk_floor": 1e-05,
    "batch_size": 512,
    "disc_phase": "generation",
    "sample_draws": 5000000,
    "random_seed": 2
  }
}