{
  "label": "regionft_a0p75-DecTree-Lsac-sex-d5000000",
  "repeat": 1,
  "method": "regionft_a0p75",
  "model": "DecTree",
  "dataset": "Lsac",
  "protected": "sex",
  "runtime": 7200,
  "no_disc": 3728807,
  "no_test": 6307926,
  "prec": 0.5911304286068035,
  "cpu_time": 163.6831332669999,
  "real_time": 163.69132089614868,
  "partition": {
    "cpu_time": 81.10745761399994,
    "real_time": 81.11411166191101,
    "no_test": 1307926,
    "no_disc": 193728,
    "n_regions": 606
  },
  "generation": {
    "cpu_time": 82.57567565299996,
    "real_time": 82.57720923423767,
    "no_test": 5000000,
    "no_disc": 3535079
  },
  "config": {
    "max_depth": 10,
    "min_samples_per_region": 1000,
    "max_samples_per_region": 3000,
    "min_gain": 0.0,
    "gini_weight_mode": "sample",
    "max_split_ratio": 1.0,
    "sampling_risk_focus_alpha": 0.75,
    "sampling_risk_floor": 1e-05,
    "batch_size": 512,
    "disc_phase": "generation",
    "sample_draws": 5000000,
    "random_seed": 1
  }
}