{
  "label": "regionft_a0p75-LogReg-Lsac-sex-d5000000",
  "repeat": 0,
  "method": "regionft_a0p75",
  "model": "LogReg",
  "dataset": "Lsac",
  "protected": "sex",
  "runtime": 7200,
  "no_disc": 248195,
  "no_test": 7012830,
  "prec": 0.03539156089624303,
  "cpu_time": 179.64926784199997,
  "real_time": 179.65440583229065,
  "partition": {
    "cpu_time": 110.8346060949998,
    "real_time": 110.83898663520813,
    "no_test": 2012830,
    "no_disc": 70061,
    "n_regions": 950
  },
  "generation": {
    "cpu_time": 68.81466174700017,
    "real_time": 68.81541919708252,
    "no_test": 5000000,
    "no_disc": 178134
  },
  "config": {
    "max_depth": 10,
    "min_samples_per_region": 1000,
    "max_samples_per_region": 3000,
    "min_gain": 0.0,
    "gini_weight_mode": "sample",
    "max_split_ratio": 1.0,
    "sampling_risk_focus_alpha": 0.75,
    "sampling_risk_floor": 1e-05,
    "batch_size": 512,
    "disc_phase": "generation",
    "sample_draws": 5000000,
    "random_seed": 0
  }
}