{
  "label": "regionft_a0p75-DecTree-Credit-sex-d5000000",
  "repeat": 1,
  "method": "regionft_a0p75",
  "model": "DecTree",
  "dataset": "Credit",
  "protected": "sex",
  "runtime": 7200,
  "no_disc": 4964593,
  "no_test": 5079651,
  "prec": 0.9773492312759282,
  "cpu_time": 95.85755830900007,
  "real_time": 95.86023807525635,
  "partition": {
    "cpu_time": 5.2914466050001465,
    "real_time": 5.292355298995972,
    "no_test": 79651,
    "no_disc": 19569,
    "n_regions": 32
  },
  "generation": {
    "cpu_time": 90.56611170399992,
    "real_time": 90.56788277626038,
    "no_test": 5000000,
    "no_disc": 4945024
  },
  "config": {
    "max_depth": 10,
    "min_samples_per_region": 1000,
    "max_samples_per_region": 3000,
    "min_gain": 0.0,
    "gini_weight_mode": "sample",
    "max_split_ratio": 1.0,
    "sampling_risk_focus_alpha": 0.75,
    "sampling_risk_floor": 1e-05,
    "batch_size": 512,
    "disc_phase": "generation",
    "sample_draws": 5000000,
    "random_seed": 1
  }
}