{
  "label": "regionft_a0p75-MLP-Credit-sex-d5000000",
  "repeat": 0,
  "method": "regionft_a0p75",
  "model": "MLP",
  "dataset": "Credit",
  "protected": "sex",
  "runtime": 7200,
  "no_disc": 609132,
  "no_test": 7003275,
  "prec": 0.08697816378765649,
  "cpu_time": 173.98539747999985,
  "real_time": 173.99135875701904,
  "partition": {
    "cpu_time": 88.10073142800047,
    "real_time": 88.10454416275024,
    "no_test": 2003275,
    "no_disc": 122102,
    "n_regions": 939
  },
  "generation": {
    "cpu_time": 85.88466605199937,
    "real_time": 85.8868145942688,
    "no_test": 5000000,
    "no_disc": 487030
  },
  "config": {
    "max_depth": 10,
    "min_samples_per_region": 1000,
    "max_samples_per_region": 3000,
    "min_gain": 0.0,
    "gini_weight_mode": "sample",
    "max_split_ratio": 1.0,
    "sampling_risk_focus_alpha": 0.75,
    "sampling_risk_floor": 1e-05,
    "batch_size": 512,
    "disc_phase": "generation",
    "sample_draws": 5000000,
    "random_seed": 0
  }
}