{
  "label": "regionft_a0p75-DecTree-Lsac-race-d5000000",
  "repeat": 3,
  "method": "regionft_a0p75",
  "model": "DecTree",
  "dataset": "Lsac",
  "protected": "race",
  "runtime": 7200,
  "no_disc": 3917951,
  "no_test": 5851876,
  "prec": 0.66952050932043,
  "cpu_time": 162.7497063410001,
  "real_time": 162.76068329811096,
  "partition": {
    "cpu_time": 59.14208185500047,
    "real_time": 59.150537967681885,
    "no_test": 851876,
    "no_disc": 122382,
    "n_regions": 392
  },
  "generation": {
    "cpu_time": 103.60762448599962,
    "real_time": 103.61014533042908,
    "no_test": 5000000,
    "no_disc": 3795569
  },
  "config": {
    "max_depth": 10,
    "min_samples_per_region": 1000,
    "max_samples_per_region": 3000,
    "min_gain": 0.0,
    "gini_weight_mode": "sample",
    "max_split_ratio": 1.0,
    "sampling_risk_focus_alpha": 0.75,
    "sampling_risk_floor": 1e-05,
    "batch_size": 512,
    "disc_phase": "generation",
    "sample_draws": 5000000,
    "random_seed": 3
  }
}