{
  "label": "regionft_a0p75-DecTree-Credit-sex-d5000000",
  "repeat": 0,
  "method": "regionft_a0p75",
  "model": "DecTree",
  "dataset": "Credit",
  "protected": "sex",
  "runtime": 7200,
  "no_disc": 4975765,
  "no_test": 5117823,
  "prec": 0.9722424945137805,
  "cpu_time": 103.66786235600011,
  "real_time": 103.67014741897583,
  "partition": {
    "cpu_time": 8.609191270999872,
    "real_time": 8.610419511795044,
    "no_test": 117823,
    "no_disc": 30452,
    "n_regions": 49
  },
  "generation": {
    "cpu_time": 95.05867108500024,
    "real_time": 95.05972790718079,
    "no_test": 5000000,
    "no_disc": 4945313
  },
  "config": {
    "max_depth": 10,
    "min_samples_per_region": 1000,
    "max_samples_per_region": 3000,
    "min_gain": 0.0,
    "gini_weight_mode": "sample",
    "max_split_ratio": 1.0,
    "sampling_risk_focus_alpha": 0.75,
    "sampling_risk_floor": 1e-05,
    "batch_size": 512,
    "disc_phase": "generation",
    "sample_draws": 5000000,
    "random_seed": 0
  }
}