{
  "label": "regionft_a0p75-LogReg-Credit-age-d5000000",
  "repeat": 2,
  "method": "regionft_a0p75",
  "model": "LogReg",
  "dataset": "Credit",
  "protected": "age",
  "runtime": 7200,
  "no_disc": 1391964,
  "no_test": 7216904,
  "prec": 0.19287550450996716,
  "cpu_time": 344.39646810700015,
  "real_time": 344.40312600135803,
  "partition": {
    "cpu_time": 151.980589281,
    "real_time": 151.98432159423828,
    "no_test": 2216904,
    "no_disc": 307193,
    "n_regions": 1022
  },
  "generation": {
    "cpu_time": 192.41587882600015,
    "real_time": 192.41880440711975,
    "no_test": 5000000,
    "no_disc": 1084771
  },
  "config": {
    "max_depth": 10,
    "min_samples_per_region": 1000,
    "max_samples_per_region": 3000,
    "min_gain": 0.0,
    "gini_weight_mode": "sample",
    "max_split_ratio": 1.0,
    "sampling_risk_focus_alpha": 0.75,
    "sampling_risk_floor": 1e-05,
    "batch_size": 512,
    "disc_phase": "generation",
    "sample_draws": 5000000,
    "random_seed": 2
  }
}