{
  "label": "regionft_a0p75-DecTree-Lsac-race-d5000000",
  "repeat": 1,
  "method": "regionft_a0p75",
  "model": "DecTree",
  "dataset": "Lsac",
  "protected": "race",
  "runtime": 7200,
  "no_disc": 3853444,
  "no_test": 5999669,
  "prec": 0.6422760988981225,
  "cpu_time": 169.20365052200032,
  "real_time": 169.21085739135742,
  "partition": {
    "cpu_time": 65.75887986599992,
    "real_time": 65.76526498794556,
    "no_test": 999669,
    "no_disc": 156034,
    "n_regions": 463
  },
  "generation": {
    "cpu_time": 103.4447706560004,
    "real_time": 103.44559240341187,
    "no_test": 5000000,
    "no_disc": 3697410
  },
  "config": {
    "max_depth": 10,
    "min_samples_per_region": 1000,
    "max_samples_per_region": 3000,
    "min_gain": 0.0,
    "gini_weight_mode": "sample",
    "max_split_ratio": 1.0,
    "sampling_risk_focus_alpha": 0.75,
    "sampling_risk_floor": 1e-05,
    "batch_size": 512,
    "disc_phase": "generation",
    "sample_draws": 5000000,
    "random_seed": 1
  }
}