{
  "label": "regionft_a0p75-GBDT-Adult-age-d5000000",
  "repeat": 3,
  "method": "regionft_a0p75",
  "model": "GBDT",
  "dataset": "Adult",
  "protected": "age",
  "runtime": 7200,
  "no_disc": 4256710,
  "no_test": 6964488,
  "prec": 0.6112021443643811,
  "cpu_time": 449.5999814810001,
  "real_time": 449.60720229148865,
  "partition": {
    "cpu_time": 172.08310696399997,
    "real_time": 172.092365026474,
    "no_test": 1964488,
    "no_disc": 728203,
    "n_regions": 924
  },
  "generation": {
    "cpu_time": 277.51687451700013,
    "real_time": 277.51483726501465,
    "no_test": 5000000,
    "no_disc": 3528507
  },
  "config": {
    "max_depth": 10,
    "min_samples_per_region": 1000,
    "max_samples_per_region": 3000,
    "min_gain": 0.0,
    "gini_weight_mode": "sample",
    "max_split_ratio": 1.0,
    "sampling_risk_focus_alpha": 0.75,
    "sampling_risk_floor": 1e-05,
    "batch_size": 512,
    "disc_phase": "generation",
    "sample_draws": 5000000,
    "random_seed": 3
  }
}