{
  "label": "regionft_a0p75-MLP-Bank-age-d5000000",
  "repeat": 2,
  "method": "regionft_a0p75",
  "model": "MLP",
  "dataset": "Bank",
  "protected": "age",
  "runtime": 7200,
  "no_disc": 1899684,
  "no_test": 7113917,
  "prec": 0.26703769526689725,
  "cpu_time": 495.6750520159999,
  "real_time": 495.6857879161835,
  "partition": {
    "cpu_time": 190.66051228100014,
    "real_time": 190.66874766349792,
    "no_test": 2113917,
    "no_disc": 345316,
    "n_regions": 980
  },
  "generation": {
    "cpu_time": 305.01453973499974,
    "real_time": 305.01704025268555,
    "no_test": 5000000,
    "no_disc": 1554368
  },
  "config": {
    "max_depth": 10,
    "min_samples_per_region": 1000,
    "max_samples_per_region": 3000,
    "min_gain": 0.0,
    "gini_weight_mode": "sample",
    "max_split_ratio": 1.0,
    "sampling_risk_focus_alpha": 0.75,
    "sampling_risk_floor": 1e-05,
    "batch_size": 512,
    "disc_phase": "generation",
    "sample_draws": 5000000,
    "random_seed": 2
  }
}