{
  "label": "regionft_a0p75-MLP-Adult-sex-d5000000",
  "repeat": 3,
  "method": "regionft_a0p75",
  "model": "MLP",
  "dataset": "Adult",
  "protected": "sex",
  "runtime": 7200,
  "no_disc": 258274,
  "no_test": 7111298,
  "prec": 0.03631882674583459,
  "cpu_time": 197.68411773299977,
  "real_time": 197.69105052947998,
  "partition": {
    "cpu_time": 101.59890554999993,
    "real_time": 101.60503029823303,
    "no_test": 2111298,
    "no_disc": 81074,
    "n_regions": 1010
  },
  "generation": {
    "cpu_time": 96.08521218299984,
    "real_time": 96.08602023124695,
    "no_test": 5000000,
    "no_disc": 177200
  },
  "config": {
    "max_depth": 10,
    "min_samples_per_region": 1000,
    "max_samples_per_region": 3000,
    "min_gain": 0.0,
    "gini_weight_mode": "sample",
    "max_split_ratio": 1.0,
    "sampling_risk_focus_alpha": 0.75,
    "sampling_risk_floor": 1e-05,
    "batch_size": 512,
    "disc_phase": "generation",
    "sample_draws": 5000000,
    "random_seed": 3
  }
}