{
  "label": "regionft_a0p75-MLP-Adult-age-d5000000",
  "repeat": 3,
  "method": "regionft_a0p75",
  "model": "MLP",
  "dataset": "Adult",
  "protected": "age",
  "runtime": 7200,
  "no_disc": 2947257,
  "no_test": 7188404,
  "prec": 0.41000158032297573,
  "cpu_time": 525.714476154,
  "real_time": 525.7305574417114,
  "partition": {
    "cpu_time": 198.35841897499995,
    "real_time": 198.36920166015625,
    "no_test": 2188404,
    "no_disc": 614532,
    "n_regions": 1021
  },
  "generation": {
    "cpu_time": 327.356057179,
    "real_time": 327.3613557815552,
    "no_test": 5000000,
    "no_disc": 2332725
  },
  "config": {
    "max_depth": 10,
    "min_samples_per_region": 1000,
    "max_samples_per_region": 3000,
    "min_gain": 0.0,
    "gini_weight_mode": "sample",
    "max_split_ratio": 1.0,
    "sampling_risk_focus_alpha": 0.75,
    "sampling_risk_floor": 1e-05,
    "batch_size": 512,
    "disc_phase": "generation",
    "sample_draws": 5000000,
    "random_seed": 3
  }
}