{
  "label": "regionft_a0p75-LogReg-Bank-age-d5000000",
  "repeat": 1,
  "method": "regionft_a0p75",
  "model": "LogReg",
  "dataset": "Bank",
  "protected": "age",
  "runtime": 7200,
  "no_disc": 584265,
  "no_test": 6765386,
  "prec": 0.08636092604324425,
  "cpu_time": 366.1317560790003,
  "real_time": 366.1352803707123,
  "partition": {
    "cpu_time": 142.41777596300017,
    "real_time": 142.41979813575745,
    "no_test": 1765386,
    "no_disc": 98430,
    "n_regions": 838
  },
  "generation": {
    "cpu_time": 223.71398011600013,
    "real_time": 223.71548223495483,
    "no_test": 5000000,
    "no_disc": 485835
  },
  "config": {
    "max_depth": 10,
    "min_samples_per_region": 1000,
    "max_samples_per_region": 3000,
    "min_gain": 0.0,
    "gini_weight_mode": "sample",
    "max_split_ratio": 1.0,
    "sampling_risk_focus_alpha": 0.75,
    "sampling_risk_floor": 1e-05,
    "batch_size": 512,
    "disc_phase": "generation",
    "sample_draws": 5000000,
    "random_seed": 1
  }
}