{
  "label": "regionft_a0p75-LogReg-Bank-age-d5000000",
  "repeat": 0,
  "method": "regionft_a0p75",
  "model": "LogReg",
  "dataset": "Bank",
  "protected": "age",
  "runtime": 7200,
  "no_disc": 564808,
  "no_test": 6868687,
  "prec": 0.08222939842796738,
  "cpu_time": 370.90558845399937,
  "real_time": 370.9110562801361,
  "partition": {
    "cpu_time": 149.89682627299953,
    "real_time": 149.89946126937866,
    "no_test": 1868687,
    "no_disc": 102254,
    "n_regions": 889
  },
  "generation": {
    "cpu_time": 221.00876218099984,
    "real_time": 221.01159501075745,
    "no_test": 5000000,
    "no_disc": 462554
  },
  "config": {
    "max_depth": 10,
    "min_samples_per_region": 1000,
    "max_samples_per_region": 3000,
    "min_gain": 0.0,
    "gini_weight_mode": "sample",
    "max_split_ratio": 1.0,
    "sampling_risk_focus_alpha": 0.75,
    "sampling_risk_floor": 1e-05,
    "batch_size": 512,
    "disc_phase": "generation",
    "sample_draws": 5000000,
    "random_seed": 0
  }
}