{
  "label": "regionft_a0p75-LogReg-Credit-age-d5000000",
  "repeat": 0,
  "method": "regionft_a0p75",
  "model": "LogReg",
  "dataset": "Credit",
  "protected": "age",
  "runtime": 7200,
  "no_disc": 1318634,
  "no_test": 7170852,
  "prec": 0.1838880512385418,
  "cpu_time": 332.00909587000024,
  "real_time": 332.02078914642334,
  "partition": {
    "cpu_time": 143.81526127400002,
    "real_time": 143.82451844215393,
    "no_test": 2170852,
    "no_disc": 264065,
    "n_regions": 1008
  },
  "generation": {
    "cpu_time": 188.19383459600022,
    "real_time": 188.1962707042694,
    "no_test": 5000000,
    "no_disc": 1054569
  },
  "config": {
    "max_depth": 10,
    "min_samples_per_region": 1000,
    "max_samples_per_region": 3000,
    "min_gain": 0.0,
    "gini_weight_mode": "sample",
    "max_split_ratio": 1.0,
    "sampling_risk_focus_alpha": 0.75,
    "sampling_risk_floor": 1e-05,
    "batch_size": 512,
    "disc_phase": "generation",
    "sample_draws": 5000000,
    "random_seed": 0
  }
}