{
  "label": "regionft_a0p75-MLP-Lsac-race-d5000000",
  "repeat": 4,
  "method": "regionft_a0p75",
  "model": "MLP",
  "dataset": "Lsac",
  "protected": "race",
  "runtime": 7200,
  "no_disc": 561248,
  "no_test": 7161918,
  "prec": 0.07836559982954287,
  "cpu_time": 224.0966280739999,
  "real_time": 224.10126423835754,
  "partition": {
    "cpu_time": 126.28744172100005,
    "real_time": 126.29147338867188,
    "no_test": 2161918,
    "no_disc": 130198,
    "n_regions": 1006
  },
  "generation": {
    "cpu_time": 97.80918635299986,
    "real_time": 97.80979084968567,
    "no_test": 5000000,
    "no_disc": 431050
  },
  "config": {
    "max_depth": 10,
    "min_samples_per_region": 1000,
    "max_samples_per_region": 3000,
    "min_gain": 0.0,
    "gini_weight_mode": "sample",
    "max_split_ratio": 1.0,
    "sampling_risk_focus_alpha": 0.75,
    "sampling_risk_floor": 1e-05,
    "batch_size": 512,
    "disc_phase": "generation",
    "sample_draws": 5000000,
    "random_seed": 4
  }
}