{
  "label": "regionft_a0p75-MLP-Lsac-sex-d5000000",
  "repeat": 3,
  "method": "regionft_a0p75",
  "model": "MLP",
  "dataset": "Lsac",
  "protected": "sex",
  "runtime": 7200,
  "no_disc": 228297,
  "no_test": 7089251,
  "prec": 0.03220326096508644,
  "cpu_time": 191.6079300880001,
  "real_time": 191.61068749427795,
  "partition": {
    "cpu_time": 115.94607335800038,
    "real_time": 115.94827032089233,
    "no_test": 2089251,
    "no_disc": 69876,
    "n_regions": 981
  },
  "generation": {
    "cpu_time": 75.66185672999973,
    "real_time": 75.66241717338562,
    "no_test": 5000000,
    "no_disc": 158421
  },
  "config": {
    "max_depth": 10,
    "min_samples_per_region": 1000,
    "max_samples_per_region": 3000,
    "min_gain": 0.0,
    "gini_weight_mode": "sample",
    "max_split_ratio": 1.0,
    "sampling_risk_focus_alpha": 0.75,
    "sampling_risk_floor": 1e-05,
    "batch_size": 512,
    "disc_phase": "generation",
    "sample_draws": 5000000,
    "random_seed": 3
  }
}