{
  "label": "regionft_a0p75-GBDT-Adult-race-d5000000",
  "repeat": 2,
  "method": "regionft_a0p75",
  "model": "GBDT",
  "dataset": "Adult",
  "protected": "race",
  "runtime": 7200,
  "no_disc": 403317,
  "no_test": 6702112,
  "prec": 0.06017759774829188,
  "cpu_time": 259.09249887199985,
  "real_time": 259.09353733062744,
  "partition": {
    "cpu_time": 107.37519756399979,
    "real_time": 107.37680888175964,
    "no_test": 1702112,
    "no_disc": 85231,
    "n_regions": 814
  },
  "generation": {
    "cpu_time": 151.71730130800006,
    "real_time": 151.7167284488678,
    "no_test": 5000000,
    "no_disc": 318086
  },
  "config": {
    "max_depth": 10,
    "min_samples_per_region": 1000,
    "max_samples_per_region": 3000,
    "min_gain": 0.0,
    "gini_weight_mode": "sample",
    "max_split_ratio": 1.0,
    "sampling_risk_focus_alpha": 0.75,
    "sampling_risk_floor": 1e-05,
    "batch_size": 512,
    "disc_phase": "generation",
    "sample_draws": 5000000,
    "random_seed": 2
  }
}