{
  "label": "regionft_a0p75-GBDT-Bank-age-d5000000",
  "repeat": 2,
  "method": "regionft_a0p75",
  "model": "GBDT",
  "dataset": "Bank",
  "protected": "age",
  "runtime": 7200,
  "no_disc": 2984091,
  "no_test": 7003751,
  "prec": 0.4260704014177546,
  "cpu_time": 455.9652947259999,
  "real_time": 455.96924209594727,
  "partition": {
    "cpu_time": 186.44665129200007,
    "real_time": 186.45157122612,
    "no_test": 2003751,
    "no_disc": 454170,
    "n_regions": 933
  },
  "generation": {
    "cpu_time": 269.51864343399984,
    "real_time": 269.51767086982727,
    "no_test": 5000000,
    "no_disc": 2529921
  },
  "config": {
    "max_depth": 10,
    "min_samples_per_region": 1000,
    "max_samples_per_region": 3000,
    "min_gain": 0.0,
    "gini_weight_mode": "sample",
    "max_split_ratio": 1.0,
    "sampling_risk_focus_alpha": 0.75,
    "sampling_risk_floor": 1e-05,
    "batch_size": 512,
    "disc_phase": "generation",
    "sample_draws": 5000000,
    "random_seed": 2
  }
}