{
  "label": "regionft_a0p75-GBDT-Adult-sex-d5000000",
  "repeat": 2,
  "method": "regionft_a0p75",
  "model": "GBDT",
  "dataset": "Adult",
  "protected": "sex",
  "runtime": 7200,
  "no_disc": 766982,
  "no_test": 6833770,
  "prec": 0.11223409626019021,
  "cpu_time": 177.61976681400006,
  "real_time": 177.6220555305481,
  "partition": {
    "cpu_time": 92.02167319,
    "real_time": 92.02365636825562,
    "no_test": 1833770,
    "no_disc": 153798,
    "n_regions": 880
  },
  "generation": {
    "cpu_time": 85.59809362400006,
    "real_time": 85.59839916229248,
    "no_test": 5000000,
    "no_disc": 613184
  },
  "config": {
    "max_depth": 10,
    "min_samples_per_region": 1000,
    "max_samples_per_region": 3000,
    "min_gain": 0.0,
    "gini_weight_mode": "sample",
    "max_split_ratio": 1.0,
    "sampling_risk_focus_alpha": 0.75,
    "sampling_risk_floor": 1e-05,
    "batch_size": 512,
    "disc_phase": "generation",
    "sample_draws": 5000000,
    "random_seed": 2
  }
}