{
  "label": "regionft_a0p75-DecTree-Adult-age-d5000000",
  "repeat": 3,
  "method": "regionft_a0p75",
  "model": "DecTree",
  "dataset": "Adult",
  "protected": "age",
  "runtime": 7200,
  "no_disc": 5030823,
  "no_test": 5310228,
  "prec": 0.9473836151668064,
  "cpu_time": 271.44107224699997,
  "real_time": 271.4454860687256,
  "partition": {
    "cpu_time": 28.226980270000013,
    "real_time": 28.230509281158447,
    "no_test": 310228,
    "no_disc": 128406,
    "n_regions": 138
  },
  "generation": {
    "cpu_time": 243.21409197699995,
    "real_time": 243.21497678756714,
    "no_test": 5000000,
    "no_disc": 4902417
  },
  "config": {
    "max_depth": 10,
    "min_samples_per_region": 1000,
    "max_samples_per_region": 3000,
    "min_gain": 0.0,
    "gini_weight_mode": "sample",
    "max_split_ratio": 1.0,
    "sampling_risk_focus_alpha": 0.75,
    "sampling_risk_floor": 1e-05,
    "batch_size": 512,
    "disc_phase": "generation",
    "sample_draws": 5000000,
    "random_seed": 3
  }
}