{
  "label": "regionft_a0p75-GBDT-Lsac-race-d5000000",
  "repeat": 0,
  "method": "regionft_a0p75",
  "model": "GBDT",
  "dataset": "Lsac",
  "protected": "race",
  "runtime": 7200,
  "no_disc": 1637354,
  "no_test": 7129263,
  "prec": 0.2296666569882469,
  "cpu_time": 250.85599270999955,
  "real_time": 250.87635397911072,
  "partition": {
    "cpu_time": 138.39146277599957,
    "real_time": 138.40814781188965,
    "no_test": 2129263,
    "no_disc": 328571,
    "n_regions": 993
  },
  "generation": {
    "cpu_time": 112.46452993399998,
    "real_time": 112.46820616722107,
    "no_test": 5000000,
    "no_disc": 1308783
  },
  "config": {
    "max_depth": 10,
    "min_samples_per_region": 1000,
    "max_samples_per_region": 3000,
    "min_gain": 0.0,
    "gini_weight_mode": "sample",
    "max_split_ratio": 1.0,
    "sampling_risk_focus_alpha": 0.75,
    "sampling_risk_floor": 1e-05,
    "batch_size": 512,
    "disc_phase": "generation",
    "sample_draws": 5000000,
    "random_seed": 0
  }
}