{
  "label": "regionft_a0p75-LogReg-Lsac-race-d5000000",
  "repeat": 2,
  "method": "regionft_a0p75",
  "model": "LogReg",
  "dataset": "Lsac",
  "protected": "race",
  "runtime": 7200,
  "no_disc": 984988,
  "no_test": 7036554,
  "prec": 0.13998158757823786,
  "cpu_time": 207.0209133709999,
  "real_time": 207.02752804756165,
  "partition": {
    "cpu_time": 119.62307985099994,
    "real_time": 119.62751579284668,
    "no_test": 2036554,
    "no_disc": 209206,
    "n_regions": 953
  },
  "generation": {
    "cpu_time": 87.39783351999995,
    "real_time": 87.40001225471497,
    "no_test": 5000000,
    "no_disc": 775782
  },
  "config": {
    "max_depth": 10,
    "min_samples_per_region": 1000,
    "max_samples_per_region": 3000,
    "min_gain": 0.0,
    "gini_weight_mode": "sample",
    "max_split_ratio": 1.0,
    "sampling_risk_focus_alpha": 0.75,
    "sampling_risk_floor": 1e-05,
    "batch_size": 512,
    "disc_phase": "generation",
    "sample_draws": 5000000,
    "random_seed": 2
  }
}