{
  "label": "regionft_a0p75-MLP-Adult-age-d5000000",
  "repeat": 0,
  "method": "regionft_a0p75",
  "model": "MLP",
  "dataset": "Adult",
  "protected": "age",
  "runtime": 7200,
  "no_disc": 2977523,
  "no_test": 7125850,
  "prec": 0.41784811636506525,
  "cpu_time": 525.6681948009999,
  "real_time": 525.6789636611938,
  "partition": {
    "cpu_time": 193.977347947,
    "real_time": 193.9828119277954,
    "no_test": 2125850,
    "no_disc": 643039,
    "n_regions": 993
  },
  "generation": {
    "cpu_time": 331.6908468539999,
    "real_time": 331.69615173339844,
    "no_test": 5000000,
    "no_disc": 2334484
  },
  "config": {
    "max_depth": 10,
    "min_samples_per_region": 1000,
    "max_samples_per_region": 3000,
    "min_gain": 0.0,
    "gini_weight_mode": "sample",
    "max_split_ratio": 1.0,
    "sampling_risk_focus_alpha": 0.75,
    "sampling_risk_floor": 1e-05,
    "batch_size": 512,
    "disc_phase": "generation",
    "sample_draws": 5000000,
    "random_seed": 0
  }
}