{
  "label": "regionft_a0p75-MLP-Lsac-race-d5000000",
  "repeat": 0,
  "method": "regionft_a0p75",
  "model": "MLP",
  "dataset": "Lsac",
  "protected": "race",
  "runtime": 7200,
  "no_disc": 545185,
  "no_test": 7084084,
  "prec": 0.07695913825979478,
  "cpu_time": 222.92623482599993,
  "real_time": 222.93534660339355,
  "partition": {
    "cpu_time": 125.61005488499995,
    "real_time": 125.61572647094727,
    "no_test": 2084084,
    "no_disc": 124428,
    "n_regions": 972
  },
  "generation": {
    "cpu_time": 97.31617994099997,
    "real_time": 97.31962013244629,
    "no_test": 5000000,
    "no_disc": 420757
  },
  "config": {
    "max_depth": 10,
    "min_samples_per_region": 1000,
    "max_samples_per_region": 3000,
    "min_gain": 0.0,
    "gini_weight_mode": "sample",
    "max_split_ratio": 1.0,
    "sampling_risk_focus_alpha": 0.75,
    "sampling_risk_floor": 1e-05,
    "batch_size": 512,
    "disc_phase": "generation",
    "sample_draws": 5000000,
    "random_seed": 0
  }
}