{
  "label": "regionft_a0p75-GBDT-Credit-sex-d5000000",
  "repeat": 2,
  "method": "regionft_a0p75",
  "model": "GBDT",
  "dataset": "Credit",
  "protected": "sex",
  "runtime": 7200,
  "no_disc": 531485,
  "no_test": 6797065,
  "prec": 0.07819330843533201,
  "cpu_time": 169.59881350499995,
  "real_time": 169.60208225250244,
  "partition": {
    "cpu_time": 77.04456622500004,
    "real_time": 77.04697251319885,
    "no_test": 1797065,
    "no_disc": 74189,
    "n_regions": 856
  },
  "generation": {
    "cpu_time": 92.55424727999991,
    "real_time": 92.55510973930359,
    "no_test": 5000000,
    "no_disc": 457296
  },
  "config": {
    "max_depth": 10,
    "min_samples_per_region": 1000,
    "max_samples_per_region": 3000,
    "min_gain": 0.0,
    "gini_weight_mode": "sample",
    "max_split_ratio": 1.0,
    "sampling_risk_focus_alpha": 0.75,
    "sampling_risk_floor": 1e-05,
    "batch_size": 512,
    "disc_phase": "generation",
    "sample_draws": 5000000,
    "random_seed": 2
  }
}