{
  "label": "regionft_a0p75-MLP-Adult-race-d5000000",
  "repeat": 0,
  "method": "regionft_a0p75",
  "model": "MLP",
  "dataset": "Adult",
  "protected": "race",
  "runtime": 7200,
  "no_disc": 547448,
  "no_test": 7167016,
  "prec": 0.07638436972932668,
  "cpu_time": 320.3348657399997,
  "real_time": 320.3405804634094,
  "partition": {
    "cpu_time": 138.8782779369999,
    "real_time": 138.88287019729614,
    "no_test": 2167016,
    "no_disc": 156124,
    "n_regions": 1020
  },
  "generation": {
    "cpu_time": 181.45658780299982,
    "real_time": 181.45771026611328,
    "no_test": 5000000,
    "no_disc": 391324
  },
  "config": {
    "max_depth": 10,
    "min_samples_per_region": 1000,
    "max_samples_per_region": 3000,
    "min_gain": 0.0,
    "gini_weight_mode": "sample",
    "max_split_ratio": 1.0,
    "sampling_risk_focus_alpha": 0.75,
    "sampling_risk_floor": 1e-05,
    "batch_size": 512,
    "disc_phase": "generation",
    "sample_draws": 5000000,
    "random_seed": 0
  }
}