{
  "label": "regionft_a0p75-MLP-Bank-age-d5000000",
  "repeat": 4,
  "method": "regionft_a0p75",
  "model": "MLP",
  "dataset": "Bank",
  "protected": "age",
  "runtime": 7200,
  "no_disc": 1889742,
  "no_test": 7138959,
  "prec": 0.26470834193052517,
  "cpu_time": 504.14157440799954,
  "real_time": 504.1540524959564,
  "partition": {
    "cpu_time": 198.4003883229998,
    "real_time": 198.41080689430237,
    "no_test": 2138959,
    "no_disc": 349804,
    "n_regions": 992
  },
  "generation": {
    "cpu_time": 305.74118608499975,
    "real_time": 305.74324560165405,
    "no_test": 5000000,
    "no_disc": 1539938
  },
  "config": {
    "max_depth": 10,
    "min_samples_per_region": 1000,
    "max_samples_per_region": 3000,
    "min_gain": 0.0,
    "gini_weight_mode": "sample",
    "max_split_ratio": 1.0,
    "sampling_risk_focus_alpha": 0.75,
    "sampling_risk_floor": 1e-05,
    "batch_size": 512,
    "disc_phase": "generation",
    "sample_draws": 5000000,
    "random_seed": 4
  }
}