{
  "label": "regionft_a0p75-GBDT-Credit-age-d5000000",
  "repeat": 4,
  "method": "regionft_a0p75",
  "model": "GBDT",
  "dataset": "Credit",
  "protected": "age",
  "runtime": 7200,
  "no_disc": 1500646,
  "no_test": 7154123,
  "prec": 0.20975960295902096,
  "cpu_time": 385.77417307999985,
  "real_time": 385.78543424606323,
  "partition": {
    "cpu_time": 168.47454470400044,
    "real_time": 168.48416805267334,
    "no_test": 2154123,
    "no_disc": 364743,
    "n_regions": 997
  },
  "generation": {
    "cpu_time": 217.29962837599942,
    "real_time": 217.3012661933899,
    "no_test": 5000000,
    "no_disc": 1135903
  },
  "config": {
    "max_depth": 10,
    "min_samples_per_region": 1000,
    "max_samples_per_region": 3000,
    "min_gain": 0.0,
    "gini_weight_mode": "sample",
    "max_split_ratio": 1.0,
    "sampling_risk_focus_alpha": 0.75,
    "sampling_risk_floor": 1e-05,
    "batch_size": 512,
    "disc_phase": "generation",
    "sample_draws": 5000000,
    "random_seed": 4
  }
}