{
  "label": "regionft_a0p75-GBDT-Lsac-race-d5000000",
  "repeat": 1,
  "method": "regionft_a0p75",
  "model": "GBDT",
  "dataset": "Lsac",
  "protected": "race",
  "runtime": 7200,
  "no_disc": 1648237,
  "no_test": 7135292,
  "prec": 0.23099783442639768,
  "cpu_time": 255.5817292820002,
  "real_time": 255.5942623615265,
  "partition": {
    "cpu_time": 141.36780423300024,
    "real_time": 141.37857127189636,
    "no_test": 2135292,
    "no_disc": 317560,
    "n_regions": 994
  },
  "generation": {
    "cpu_time": 114.21392504899995,
    "real_time": 114.21569108963013,
    "no_test": 5000000,
    "no_disc": 1330677
  },
  "config": {
    "max_depth": 10,
    "min_samples_per_region": 1000,
    "max_samples_per_region": 3000,
    "min_gain": 0.0,
    "gini_weight_mode": "sample",
    "max_split_ratio": 1.0,
    "sampling_risk_focus_alpha": 0.75,
    "sampling_risk_floor": 1e-05,
    "batch_size": 512,
    "disc_phase": "generation",
    "sample_draws": 5000000,
    "random_seed": 1
  }
}