{
  "label": "regionft_a0p75-DecTree-Lsac-race-d5000000",
  "repeat": 0,
  "method": "regionft_a0p75",
  "model": "DecTree",
  "dataset": "Lsac",
  "protected": "race",
  "runtime": 7200,
  "no_disc": 3674753,
  "no_test": 5764248,
  "prec": 0.6375077893942107,
  "cpu_time": 158.13749472200016,
  "real_time": 158.14133214950562,
  "partition": {
    "cpu_time": 53.23968957999978,
    "real_time": 53.24254512786865,
    "no_test": 764248,
    "no_disc": 112578,
    "n_regions": 348
  },
  "generation": {
    "cpu_time": 104.89780514200038,
    "real_time": 104.89878702163696,
    "no_test": 5000000,
    "no_disc": 3562175
  },
  "config": {
    "max_depth": 10,
    "min_samples_per_region": 1000,
    "max_samples_per_region": 3000,
    "min_gain": 0.0,
    "gini_weight_mode": "sample",
    "max_split_ratio": 1.0,
    "sampling_risk_focus_alpha": 0.75,
    "sampling_risk_floor": 1e-05,
    "batch_size": 512,
    "disc_phase": "generation",
    "sample_draws": 5000000,
    "random_seed": 0
  }
}