{
  "label": "regionft_a0p75-GBDT-Credit-age-d5000000",
  "repeat": 2,
  "method": "regionft_a0p75",
  "model": "GBDT",
  "dataset": "Credit",
  "protected": "age",
  "runtime": 7200,
  "no_disc": 1494977,
  "no_test": 7182806,
  "prec": 0.20813272695935264,
  "cpu_time": 393.51388875799967,
  "real_time": 393.52326226234436,
  "partition": {
    "cpu_time": 170.3961670609997,
    "real_time": 170.4037344455719,
    "no_test": 2182806,
    "no_disc": 362115,
    "n_regions": 1008
  },
  "generation": {
    "cpu_time": 223.11772169699998,
    "real_time": 223.11952781677246,
    "no_test": 5000000,
    "no_disc": 1132862
  },
  "config": {
    "max_depth": 10,
    "min_samples_per_region": 1000,
    "max_samples_per_region": 3000,
    "min_gain": 0.0,
    "gini_weight_mode": "sample",
    "max_split_ratio": 1.0,
    "sampling_risk_focus_alpha": 0.75,
    "sampling_risk_floor": 1e-05,
    "batch_size": 512,
    "disc_phase": "generation",
    "sample_draws": 5000000,
    "random_seed": 2
  }
}