{
  "label": "regionft_a0p75-LogReg-Bank-age-d5000000",
  "repeat": 4,
  "method": "regionft_a0p75",
  "model": "LogReg",
  "dataset": "Bank",
  "protected": "age",
  "runtime": 7200,
  "no_disc": 603265,
  "no_test": 6696641,
  "prec": 0.0900847156059284,
  "cpu_time": 346.013782342,
  "real_time": 346.02094650268555,
  "partition": {
    "cpu_time": 129.13147146599977,
    "real_time": 129.13646149635315,
    "no_test": 1696641,
    "no_disc": 108061,
    "n_regions": 805
  },
  "generation": {
    "cpu_time": 216.88231087600025,
    "real_time": 216.8844850063324,
    "no_test": 5000000,
    "no_disc": 495204
  },
  "config": {
    "max_depth": 10,
    "min_samples_per_region": 1000,
    "max_samples_per_region": 3000,
    "min_gain": 0.0,
    "gini_weight_mode": "sample",
    "max_split_ratio": 1.0,
    "sampling_risk_focus_alpha": 0.75,
    "sampling_risk_floor": 1e-05,
    "batch_size": 512,
    "disc_phase": "generation",
    "sample_draws": 5000000,
    "random_seed": 4
  }
}