{
  "label": "regionft_a0p75-LogReg-Adult-sex-d5000000",
  "repeat": 3,
  "method": "regionft_a0p75",
  "model": "LogReg",
  "dataset": "Adult",
  "protected": "sex",
  "runtime": 7200,
  "no_disc": 413637,
  "no_test": 6585514,
  "prec": 0.06281013144911696,
  "cpu_time": 132.0306063359999,
  "real_time": 132.03367614746094,
  "partition": {
    "cpu_time": 65.91748553199977,
    "real_time": 65.91948556900024,
    "no_test": 1585514,
    "no_disc": 89421,
    "n_regions": 767
  },
  "generation": {
    "cpu_time": 66.11312080400012,
    "real_time": 66.1141905784607,
    "no_test": 5000000,
    "no_disc": 324216
  },
  "config": {
    "max_depth": 10,
    "min_samples_per_region": 1000,
    "max_samples_per_region": 3000,
    "min_gain": 0.0,
    "gini_weight_mode": "sample",
    "max_split_ratio": 1.0,
    "sampling_risk_focus_alpha": 0.75,
    "sampling_risk_floor": 1e-05,
    "batch_size": 512,
    "disc_phase": "generation",
    "sample_draws": 5000000,
    "random_seed": 3
  }
}