{
  "label": "regionft_a0p75-DecTree-Adult-sex-d5000000",
  "repeat": 1,
  "method": "regionft_a0p75",
  "model": "DecTree",
  "dataset": "Adult",
  "protected": "sex",
  "runtime": 7200,
  "no_disc": 2427606,
  "no_test": 5391368,
  "prec": 0.45027644189749244,
  "cpu_time": 97.53210183300007,
  "real_time": 97.53303480148315,
  "partition": {
    "cpu_time": 18.25871305999999,
    "real_time": 18.259628772735596,
    "no_test": 391368,
    "no_disc": 56993,
    "n_regions": 187
  },
  "generation": {
    "cpu_time": 79.27338877300008,
    "real_time": 79.27340602874756,
    "no_test": 5000000,
    "no_disc": 2370613
  },
  "config": {
    "max_depth": 10,
    "min_samples_per_region": 1000,
    "max_samples_per_region": 3000,
    "min_gain": 0.0,
    "gini_weight_mode": "sample",
    "max_split_ratio": 1.0,
    "sampling_risk_focus_alpha": 0.75,
    "sampling_risk_floor": 1e-05,
    "batch_size": 512,
    "disc_phase": "generation",
    "sample_draws": 5000000,
    "random_seed": 1
  }
}