{
  "label": "regionft_a0p75-MLP-Bank-age-d5000000",
  "repeat": 1,
  "method": "regionft_a0p75",
  "model": "MLP",
  "dataset": "Bank",
  "protected": "age",
  "runtime": 7200,
  "no_disc": 1867288,
  "no_test": 7096608,
  "prec": 0.26312401643151206,
  "cpu_time": 497.61666112200055,
  "real_time": 497.6256663799286,
  "partition": {
    "cpu_time": 192.53677650200007,
    "real_time": 192.54315209388733,
    "no_test": 2096608,
    "no_disc": 325324,
    "n_regions": 972
  },
  "generation": {
    "cpu_time": 305.0798846200005,
    "real_time": 305.08251428604126,
    "no_test": 5000000,
    "no_disc": 1541964
  },
  "config": {
    "max_depth": 10,
    "min_samples_per_region": 1000,
    "max_samples_per_region": 3000,
    "min_gain": 0.0,
    "gini_weight_mode": "sample",
    "max_split_ratio": 1.0,
    "sampling_risk_focus_alpha": 0.75,
    "sampling_risk_floor": 1e-05,
    "batch_size": 512,
    "disc_phase": "generation",
    "sample_draws": 5000000,
    "random_seed": 1
  }
}