{
  "label": "regionft_a0p75-LogReg-Lsac-race-d5000000",
  "repeat": 0,
  "method": "regionft_a0p75",
  "model": "LogReg",
  "dataset": "Lsac",
  "protected": "race",
  "runtime": 7200,
  "no_disc": 976781,
  "no_test": 7095987,
  "prec": 0.1376525915281412,
  "cpu_time": 209.60599850999995,
  "real_time": 209.6106517314911,
  "partition": {
    "cpu_time": 122.39913503499997,
    "real_time": 122.40230703353882,
    "no_test": 2095987,
    "no_disc": 198780,
    "n_regions": 980
  },
  "generation": {
    "cpu_time": 87.20686347499998,
    "real_time": 87.20834469795227,
    "no_test": 5000000,
    "no_disc": 778001
  },
  "config": {
    "max_depth": 10,
    "min_samples_per_region": 1000,
    "max_samples_per_region": 3000,
    "min_gain": 0.0,
    "gini_weight_mode": "sample",
    "max_split_ratio": 1.0,
    "sampling_risk_focus_alpha": 0.75,
    "sampling_risk_floor": 1e-05,
    "batch_size": 512,
    "disc_phase": "generation",
    "sample_draws": 5000000,
    "random_seed": 0
  }
}