{
  "label": "regionft_a0p75-DecTree-Credit-sex-d5000000",
  "repeat": 3,
  "method": "regionft_a0p75",
  "model": "DecTree",
  "dataset": "Credit",
  "protected": "sex",
  "runtime": 7200,
  "no_disc": 4968786,
  "no_test": 5096529,
  "prec": 0.9749352941972861,
  "cpu_time": 100.05804214099999,
  "real_time": 100.06093740463257,
  "partition": {
    "cpu_time": 6.63826647399992,
    "real_time": 6.639446258544922,
    "no_test": 96529,
    "no_disc": 23506,
    "n_regions": 39
  },
  "generation": {
    "cpu_time": 93.41977566700007,
    "real_time": 93.42149114608765,
    "no_test": 5000000,
    "no_disc": 4945280
  },
  "config": {
    "max_depth": 10,
    "min_samples_per_region": 1000,
    "max_samples_per_region": 3000,
    "min_gain": 0.0,
    "gini_weight_mode": "sample",
    "max_split_ratio": 1.0,
    "sampling_risk_focus_alpha": 0.75,
    "sampling_risk_floor": 1e-05,
    "batch_size": 512,
    "disc_phase": "generation",
    "sample_draws": 5000000,
    "random_seed": 3
  }
}