{
  "label": "regionft_a0p75-MLP-Lsac-sex-d5000000",
  "repeat": 4,
  "method": "regionft_a0p75",
  "model": "MLP",
  "dataset": "Lsac",
  "protected": "sex",
  "runtime": 7200,
  "no_disc": 196232,
  "no_test": 7116821,
  "prec": 0.02757298518537982,
  "cpu_time": 194.18181130899984,
  "real_time": 194.18931555747986,
  "partition": {
    "cpu_time": 118.4676494790001,
    "real_time": 118.47411513328552,
    "no_test": 2116821,
    "no_disc": 56363,
    "n_regions": 993
  },
  "generation": {
    "cpu_time": 75.71416182999974,
    "real_time": 75.71520042419434,
    "no_test": 5000000,
    "no_disc": 139869
  },
  "config": {
    "max_depth": 10,
    "min_samples_per_region": 1000,
    "max_samples_per_region": 3000,
    "min_gain": 0.0,
    "gini_weight_mode": "sample",
    "max_split_ratio": 1.0,
    "sampling_risk_focus_alpha": 0.75,
    "sampling_risk_floor": 1e-05,
    "batch_size": 512,
    "disc_phase": "generation",
    "sample_draws": 5000000,
    "random_seed": 4
  }
}