{
  "label": "regionft_a0p75-DecTree-Bank-age-d5000000",
  "repeat": 0,
  "method": "regionft_a0p75",
  "model": "DecTree",
  "dataset": "Bank",
  "protected": "age",
  "runtime": 7200,
  "no_disc": 3699717,
  "no_test": 6413813,
  "prec": 0.5768358073426837,
  "cpu_time": 349.31068326700006,
  "real_time": 349.3163831233978,
  "partition": {
    "cpu_time": 118.8245073930002,
    "real_time": 118.82852220535278,
    "no_test": 1413813,
    "no_disc": 381854,
    "n_regions": 643
  },
  "generation": {
    "cpu_time": 230.48617587399985,
    "real_time": 230.48786091804504,
    "no_test": 5000000,
    "no_disc": 3317863
  },
  "config": {
    "max_depth": 10,
    "min_samples_per_region": 1000,
    "max_samples_per_region": 3000,
    "min_gain": 0.0,
    "gini_weight_mode": "sample",
    "max_split_ratio": 1.0,
    "sampling_risk_focus_alpha": 0.75,
    "sampling_risk_floor": 1e-05,
    "batch_size": 512,
    "disc_phase": "generation",
    "sample_draws": 5000000,
    "random_seed": 0
  }
}