{
  "label": "regionft_a0p75-LogReg-Adult-sex-d5000000",
  "repeat": 2,
  "method": "regionft_a0p75",
  "model": "LogReg",
  "dataset": "Adult",
  "protected": "sex",
  "runtime": 7200,
  "no_disc": 356484,
  "no_test": 6816861,
  "prec": 0.05229445048094717,
  "cpu_time": 144.43959950199996,
  "real_time": 144.44487023353577,
  "partition": {
    "cpu_time": 77.86005502600028,
    "real_time": 77.86256384849548,
    "no_test": 1816861,
    "no_disc": 88977,
    "n_regions": 876
  },
  "generation": {
    "cpu_time": 66.57954447599968,
    "real_time": 66.58230638504028,
    "no_test": 5000000,
    "no_disc": 267507
  },
  "config": {
    "max_depth": 10,
    "min_samples_per_region": 1000,
    "max_samples_per_region": 3000,
    "min_gain": 0.0,
    "gini_weight_mode": "sample",
    "max_split_ratio": 1.0,
    "sampling_risk_focus_alpha": 0.75,
    "sampling_risk_floor": 1e-05,
    "batch_size": 512,
    "disc_phase": "generation",
    "sample_draws": 5000000,
    "random_seed": 2
  }
}