{
  "label": "regionft_a0p75-MLP-Lsac-race-d5000000",
  "repeat": 1,
  "method": "regionft_a0p75",
  "model": "MLP",
  "dataset": "Lsac",
  "protected": "race",
  "runtime": 7200,
  "no_disc": 559564,
  "no_test": 7126144,
  "prec": 0.0785226905322149,
  "cpu_time": 229.12524682000003,
  "real_time": 229.1371238231659,
  "partition": {
    "cpu_time": 129.4385828730001,
    "real_time": 129.44587397575378,
    "no_test": 2126144,
    "no_disc": 130797,
    "n_regions": 989
  },
  "generation": {
    "cpu_time": 99.68666394699994,
    "real_time": 99.69124984741211,
    "no_test": 5000000,
    "no_disc": 428767
  },
  "config": {
    "max_depth": 10,
    "min_samples_per_region": 1000,
    "max_samples_per_region": 3000,
    "min_gain": 0.0,
    "gini_weight_mode": "sample",
    "max_split_ratio": 1.0,
    "sampling_risk_focus_alpha": 0.75,
    "sampling_risk_floor": 1e-05,
    "batch_size": 512,
    "disc_phase": "generation",
    "sample_draws": 5000000,
    "random_seed": 1
  }
}