{
  "label": "regionft_a0p75-LogReg-Adult-age-d5000000",
  "repeat": 4,
  "method": "regionft_a0p75",
  "model": "LogReg",
  "dataset": "Adult",
  "protected": "age",
  "runtime": 7200,
  "no_disc": 3031019,
  "no_test": 6705017,
  "prec": 0.4520523959894509,
  "cpu_time": 356.13606625400007,
  "real_time": 356.146879196167,
  "partition": {
    "cpu_time": 123.0981975700006,
    "real_time": 123.10682773590088,
    "no_test": 1705017,
    "no_disc": 484435,
    "n_regions": 817
  },
  "generation": {
    "cpu_time": 233.03786868399948,
    "real_time": 233.0400514602661,
    "no_test": 5000000,
    "no_disc": 2546584
  },
  "config": {
    "max_depth": 10,
    "min_samples_per_region": 1000,
    "max_samples_per_region": 3000,
    "min_gain": 0.0,
    "gini_weight_mode": "sample",
    "max_split_ratio": 1.0,
    "sampling_risk_focus_alpha": 0.75,
    "sampling_risk_floor": 1e-05,
    "batch_size": 512,
    "disc_phase": "generation",
    "sample_draws": 5000000,
    "random_seed": 4
  }
}