{
  "label": "regionft_a0p75-DecTree-Lsac-sex-d5000000",
  "repeat": 3,
  "method": "regionft_a0p75",
  "model": "DecTree",
  "dataset": "Lsac",
  "protected": "sex",
  "runtime": 7200,
  "no_disc": 3711124,
  "no_test": 6136775,
  "prec": 0.6047352233054006,
  "cpu_time": 151.9243088209996,
  "real_time": 151.9329137802124,
  "partition": {
    "cpu_time": 70.52192555199963,
    "real_time": 70.53030514717102,
    "no_test": 1136775,
    "no_disc": 146286,
    "n_regions": 527
  },
  "generation": {
    "cpu_time": 81.40238326899998,
    "real_time": 81.40260863304138,
    "no_test": 5000000,
    "no_disc": 3564838
  },
  "config": {
    "max_depth": 10,
    "min_samples_per_region": 1000,
    "max_samples_per_region": 3000,
    "min_gain": 0.0,
    "gini_weight_mode": "sample",
    "max_split_ratio": 1.0,
    "sampling_risk_focus_alpha": 0.75,
    "sampling_risk_floor": 1e-05,
    "batch_size": 512,
    "disc_phase": "generation",
    "sample_draws": 5000000,
    "random_seed": 3
  }
}