{
  "label": "regionft_a0p75-MLP-Bank-age-d5000000",
  "repeat": 0,
  "method": "regionft_a0p75",
  "model": "MLP",
  "dataset": "Bank",
  "protected": "age",
  "runtime": 7200,
  "no_disc": 1921223,
  "no_test": 7161542,
  "prec": 0.26826945928684076,
  "cpu_time": 501.0740721279999,
  "real_time": 501.10916447639465,
  "partition": {
    "cpu_time": 197.93345226700058,
    "real_time": 197.96402072906494,
    "no_test": 2161542,
    "no_disc": 376031,
    "n_regions": 1002
  },
  "generation": {
    "cpu_time": 303.1406198609993,
    "real_time": 303.1451437473297,
    "no_test": 5000000,
    "no_disc": 1545192
  },
  "config": {
    "max_depth": 10,
    "min_samples_per_region": 1000,
    "max_samples_per_region": 3000,
    "min_gain": 0.0,
    "gini_weight_mode": "sample",
    "max_split_ratio": 1.0,
    "sampling_risk_focus_alpha": 0.75,
    "sampling_risk_floor": 1e-05,
    "batch_size": 512,
    "disc_phase": "generation",
    "sample_draws": 5000000,
    "random_seed": 0
  }
}