{
  "label": "regionft_a0p75-LogReg-Credit-sex-d5000000",
  "repeat": 3,
  "method": "regionft_a0p75",
  "model": "LogReg",
  "dataset": "Credit",
  "protected": "sex",
  "runtime": 7200,
  "no_disc": 571910,
  "no_test": 7144930,
  "prec": 0.08004417118152313,
  "cpu_time": 173.18938052700014,
  "real_time": 173.19112539291382,
  "partition": {
    "cpu_time": 95.411176265,
    "real_time": 95.41254138946533,
    "no_test": 2144930,
    "no_disc": 128348,
    "n_regions": 994
  },
  "generation": {
    "cpu_time": 77.77820426200014,
    "real_time": 77.77858400344849,
    "no_test": 5000000,
    "no_disc": 443562
  },
  "config": {
    "max_depth": 10,
    "min_samples_per_region": 1000,
    "max_samples_per_region": 3000,
    "min_gain": 0.0,
    "gini_weight_mode": "sample",
    "max_split_ratio": 1.0,
    "sampling_risk_focus_alpha": 0.75,
    "sampling_risk_floor": 1e-05,
    "batch_size": 512,
    "disc_phase": "generation",
    "sample_draws": 5000000,
    "random_seed": 3
  }
}