{
  "label": "regionft_a0p75-GBDT-Adult-sex-d5000000",
  "repeat": 3,
  "method": "regionft_a0p75",
  "model": "GBDT",
  "dataset": "Adult",
  "protected": "sex",
  "runtime": 7200,
  "no_disc": 727807,
  "no_test": 6721468,
  "prec": 0.10828095886196289,
  "cpu_time": 172.87889450199998,
  "real_time": 172.88157963752747,
  "partition": {
    "cpu_time": 86.79576818999999,
    "real_time": 86.79815745353699,
    "no_test": 1721468,
    "no_disc": 123160,
    "n_regions": 825
  },
  "generation": {
    "cpu_time": 86.08312631199999,
    "real_time": 86.08342218399048,
    "no_test": 5000000,
    "no_disc": 604647
  },
  "config": {
    "max_depth": 10,
    "min_samples_per_region": 1000,
    "max_samples_per_region": 3000,
    "min_gain": 0.0,
    "gini_weight_mode": "sample",
    "max_split_ratio": 1.0,
    "sampling_risk_focus_alpha": 0.75,
    "sampling_risk_floor": 1e-05,
    "batch_size": 512,
    "disc_phase": "generation",
    "sample_draws": 5000000,
    "random_seed": 3
  }
}