{
  "label": "regionft_a0p75-GBDT-Lsac-sex-d5000000",
  "repeat": 2,
  "method": "regionft_a0p75",
  "model": "GBDT",
  "dataset": "Lsac",
  "protected": "sex",
  "runtime": 7200,
  "no_disc": 338127,
  "no_test": 6915669,
  "prec": 0.04889288368196916,
  "cpu_time": 200.26233342099977,
  "real_time": 200.26728010177612,
  "partition": {
    "cpu_time": 113.13555865299986,
    "real_time": 113.13983750343323,
    "no_test": 1915669,
    "no_disc": 93536,
    "n_regions": 908
  },
  "generation": {
    "cpu_time": 87.1267747679999,
    "real_time": 87.1274425983429,
    "no_test": 5000000,
    "no_disc": 244591
  },
  "config": {
    "max_depth": 10,
    "min_samples_per_region": 1000,
    "max_samples_per_region": 3000,
    "min_gain": 0.0,
    "gini_weight_mode": "sample",
    "max_split_ratio": 1.0,
    "sampling_risk_focus_alpha": 0.75,
    "sampling_risk_floor": 1e-05,
    "batch_size": 512,
    "disc_phase": "generation",
    "sample_draws": 5000000,
    "random_seed": 2
  }
}