{
  "label": "regionft_a0p75-GBDT-Lsac-race-d5000000",
  "repeat": 3,
  "method": "regionft_a0p75",
  "model": "GBDT",
  "dataset": "Lsac",
  "protected": "race",
  "runtime": 7200,
  "no_disc": 1677527,
  "no_test": 7018879,
  "prec": 0.23900212555309758,
  "cpu_time": 253.5810139119999,
  "real_time": 253.59658241271973,
  "partition": {
    "cpu_time": 135.89385313100001,
    "real_time": 135.90667366981506,
    "no_test": 2018879,
    "no_disc": 317365,
    "n_regions": 939
  },
  "generation": {
    "cpu_time": 117.68716078099987,
    "real_time": 117.68990874290466,
    "no_test": 5000000,
    "no_disc": 1360162
  },
  "config": {
    "max_depth": 10,
    "min_samples_per_region": 1000,
    "max_samples_per_region": 3000,
    "min_gain": 0.0,
    "gini_weight_mode": "sample",
    "max_split_ratio": 1.0,
    "sampling_risk_focus_alpha": 0.75,
    "sampling_risk_floor": 1e-05,
    "batch_size": 512,
    "disc_phase": "generation",
    "sample_draws": 5000000,
    "random_seed": 3
  }
}