{
  "label": "regionft_a0p75-DecTree-Bank-age-d5000000",
  "repeat": 3,
  "method": "regionft_a0p75",
  "model": "DecTree",
  "dataset": "Bank",
  "protected": "age",
  "runtime": 7200,
  "no_disc": 3712528,
  "no_test": 6297890,
  "prec": 0.5894875902881759,
  "cpu_time": 344.84727801199915,
  "real_time": 344.85980224609375,
  "partition": {
    "cpu_time": 111.11682766099966,
    "real_time": 111.12555527687073,
    "no_test": 1297890,
    "no_disc": 357783,
    "n_regions": 587
  },
  "generation": {
    "cpu_time": 233.7304503509995,
    "real_time": 233.73424696922302,
    "no_test": 5000000,
    "no_disc": 3354745
  },
  "config": {
    "max_depth": 10,
    "min_samples_per_region": 1000,
    "max_samples_per_region": 3000,
    "min_gain": 0.0,
    "gini_weight_mode": "sample",
    "max_split_ratio": 1.0,
    "sampling_risk_focus_alpha": 0.75,
    "sampling_risk_floor": 1e-05,
    "batch_size": 512,
    "disc_phase": "generation",
    "sample_draws": 5000000,
    "random_seed": 3
  }
}