{
  "label": "regionft_a0p75-LogReg-Lsac-sex-d5000000",
  "repeat": 4,
  "method": "regionft_a0p75",
  "model": "LogReg",
  "dataset": "Lsac",
  "protected": "sex",
  "runtime": 7200,
  "no_disc": 216476,
  "no_test": 7050389,
  "prec": 0.030704121432164947,
  "cpu_time": 172.15590113200005,
  "real_time": 172.1596577167511,
  "partition": {
    "cpu_time": 106.37414123500002,
    "real_time": 106.37780594825745,
    "no_test": 2050389,
    "no_disc": 63562,
    "n_regions": 972
  },
  "generation": {
    "cpu_time": 65.78175989700003,
    "real_time": 65.78185176849365,
    "no_test": 5000000,
    "no_disc": 152914
  },
  "config": {
    "max_depth": 10,
    "min_samples_per_region": 1000,
    "max_samples_per_region": 3000,
    "min_gain": 0.0,
    "gini_weight_mode": "sample",
    "max_split_ratio": 1.0,
    "sampling_risk_focus_alpha": 0.75,
    "sampling_risk_floor": 1e-05,
    "batch_size": 512,
    "disc_phase": "generation",
    "sample_draws": 5000000,
    "random_seed": 4
  }
}