{
  "label": "regionft_a0p75-GBDT-Adult-age-d5000000",
  "repeat": 1,
  "method": "regionft_a0p75",
  "model": "GBDT",
  "dataset": "Adult",
  "protected": "age",
  "runtime": 7200,
  "no_disc": 4214093,
  "no_test": 6994716,
  "prec": 0.602468063035011,
  "cpu_time": 454.16323633,
  "real_time": 454.1885869503021,
  "partition": {
    "cpu_time": 174.52482303700003,
    "real_time": 174.54835176467896,
    "no_test": 1994716,
    "no_disc": 691190,
    "n_regions": 939
  },
  "generation": {
    "cpu_time": 279.638413293,
    "real_time": 279.64023518562317,
    "no_test": 5000000,
    "no_disc": 3522903
  },
  "config": {
    "max_depth": 10,
    "min_samples_per_region": 1000,
    "max_samples_per_region": 3000,
    "min_gain": 0.0,
    "gini_weight_mode": "sample",
    "max_split_ratio": 1.0,
    "sampling_risk_focus_alpha": 0.75,
    "sampling_risk_floor": 1e-05,
    "batch_size": 512,
    "disc_phase": "generation",
    "sample_draws": 5000000,
    "random_seed": 1
  }
}