{
  "label": "regionft_a0p75-GBDT-Adult-race-d5000000",
  "repeat": 3,
  "method": "regionft_a0p75",
  "model": "GBDT",
  "dataset": "Adult",
  "protected": "race",
  "runtime": 7200,
  "no_disc": 384573,
  "no_test": 6856022,
  "prec": 0.056092731324374395,
  "cpu_time": 267.729761136,
  "real_time": 267.72966718673706,
  "partition": {
    "cpu_time": 116.37498969900003,
    "real_time": 116.37577176094055,
    "no_test": 1856022,
    "no_disc": 100000,
    "n_regions": 897
  },
  "generation": {
    "cpu_time": 151.35477143699995,
    "real_time": 151.3538954257965,
    "no_test": 5000000,
    "no_disc": 284573
  },
  "config": {
    "max_depth": 10,
    "min_samples_per_region": 1000,
    "max_samples_per_region": 3000,
    "min_gain": 0.0,
    "gini_weight_mode": "sample",
    "max_split_ratio": 1.0,
    "sampling_risk_focus_alpha": 0.75,
    "sampling_risk_floor": 1e-05,
    "batch_size": 512,
    "disc_phase": "generation",
    "sample_draws": 5000000,
    "random_seed": 3
  }
}