{
  "label": "regionft_a0p75-DecTree-Adult-race-d5000000",
  "repeat": 4,
  "method": "regionft_a0p75",
  "model": "DecTree",
  "dataset": "Adult",
  "protected": "race",
  "runtime": 7200,
  "no_disc": 3681047,
  "no_test": 5467139,
  "prec": 0.673304080982759,
  "cpu_time": 172.7068049259999,
  "real_time": 172.70805406570435,
  "partition": {
    "cpu_time": 26.36086228099998,
    "real_time": 26.362833738327026,
    "no_test": 467139,
    "no_disc": 43928,
    "n_regions": 223
  },
  "generation": {
    "cpu_time": 146.34594264499992,
    "real_time": 146.34522032737732,
    "no_test": 5000000,
    "no_disc": 3637119
  },
  "config": {
    "max_depth": 10,
    "min_samples_per_region": 1000,
    "max_samples_per_region": 3000,
    "min_gain": 0.0,
    "gini_weight_mode": "sample",
    "max_split_ratio": 1.0,
    "sampling_risk_focus_alpha": 0.75,
    "sampling_risk_floor": 1e-05,
    "batch_size": 512,
    "disc_phase": "generation",
    "sample_draws": 5000000,
    "random_seed": 4
  }
}