{
  "label": "regionft_a0p1-LogReg-Adult-race-d5000000",
  "repeat": 3,
  "method": "regionft_a0p1",
  "model": "LogReg",
  "dataset": "Adult",
  "protected": "race",
  "runtime": 7200,
  "no_disc": 167902,
  "no_test": 6567836,
  "prec": 0.02556428022867806,
  "cpu_time": 206.93578271599972,
  "real_time": 206.93918776512146,
  "partition": {
    "cpu_time": 85.39981865699974,
    "real_time": 85.40207815170288,
    "no_test": 1567836,
    "no_disc": 93802,
    "n_regions": 755
  },
  "generation": {
    "cpu_time": 121.53596405899998,
    "real_time": 121.53710961341858,
    "no_test": 5000000,
    "no_disc": 74100
  },
  "config": {
    "max_depth": 10,
    "min_samples_per_region": 1000,
    "max_samples_per_region": 3000,
    "min_gain": 0.0,
    "gini_weight_mode": "sample",
    "max_split_ratio": 1.0,
    "sampling_risk_focus_alpha": 0.1,
    "sampling_risk_floor": 1e-05,
    "batch_size": 512,
    "disc_phase": "generation",
    "sample_draws": 5000000,
    "random_seed": 3
  }
}