{
  "label": "regionft_a0p1-GBDT-Lsac-race-d5000000",
  "repeat": 1,
  "method": "regionft_a0p1",
  "model": "GBDT",
  "dataset": "Lsac",
  "protected": "race",
  "runtime": 7200,
  "no_disc": 824507,
  "no_test": 7135292,
  "prec": 0.11555336487981151,
  "cpu_time": 246.9092573969997,
  "real_time": 246.91567134857178,
  "partition": {
    "cpu_time": 140.42842137399975,
    "real_time": 140.4341995716095,
    "no_test": 2135292,
    "no_disc": 317560,
    "n_regions": 994
  },
  "generation": {
    "cpu_time": 106.48083602299994,
    "real_time": 106.48147177696228,
    "no_test": 5000000,
    "no_disc": 506947
  },
  "config": {
    "max_depth": 10,
    "min_samples_per_region": 1000,
    "max_samples_per_region": 3000,
    "min_gain": 0.0,
    "gini_weight_mode": "sample",
    "max_split_ratio": 1.0,
    "sampling_risk_focus_alpha": 0.1,
    "sampling_risk_floor": 1e-05,
    "batch_size": 512,
    "disc_phase": "generation",
    "sample_draws": 5000000,
    "random_seed": 1
  }
}