{
  "label": "regionft_a0p1-LogReg-Adult-age-d5000000",
  "repeat": 4,
  "method": "regionft_a0p1",
  "model": "LogReg",
  "dataset": "Adult",
  "protected": "age",
  "runtime": 7200,
  "no_disc": 990650,
  "no_test": 6705017,
  "prec": 0.1477475746892215,
  "cpu_time": 341.89541343200017,
  "real_time": 341.9016227722168,
  "partition": {
    "cpu_time": 124.22542215000021,
    "real_time": 124.2274022102356,
    "no_test": 1705017,
    "no_disc": 484435,
    "n_regions": 817
  },
  "generation": {
    "cpu_time": 217.66999128199996,
    "real_time": 217.6742205619812,
    "no_test": 5000000,
    "no_disc": 506215
  },
  "config": {
    "max_depth": 10,
    "min_samples_per_region": 1000,
    "max_samples_per_region": 3000,
    "min_gain": 0.0,
    "gini_weight_mode": "sample",
    "max_split_ratio": 1.0,
    "sampling_risk_focus_alpha": 0.1,
    "sampling_risk_floor": 1e-05,
    "batch_size": 512,
    "disc_phase": "generation",
    "sample_draws": 5000000,
    "random_seed": 4
  }
}