{
  "label": "regionft_a0p1-GBDT-Adult-race-d5000000",
  "repeat": 2,
  "method": "regionft_a0p1",
  "model": "GBDT",
  "dataset": "Adult",
  "protected": "race",
  "runtime": 7200,
  "no_disc": 139945,
  "no_test": 6702112,
  "prec": 0.020880731327677007,
  "cpu_time": 254.8169999150001,
  "real_time": 254.82054662704468,
  "partition": {
    "cpu_time": 108.82026667499997,
    "real_time": 108.8230345249176,
    "no_test": 1702112,
    "no_disc": 85231,
    "n_regions": 814
  },
  "generation": {
    "cpu_time": 145.99673324000014,
    "real_time": 145.99751210212708,
    "no_test": 5000000,
    "no_disc": 54714
  },
  "config": {
    "max_depth": 10,
    "min_samples_per_region": 1000,
    "max_samples_per_region": 3000,
    "min_gain": 0.0,
    "gini_weight_mode": "sample",
    "max_split_ratio": 1.0,
    "sampling_risk_focus_alpha": 0.1,
    "sampling_risk_floor": 1e-05,
    "batch_size": 512,
    "disc_phase": "generation",
    "sample_draws": 5000000,
    "random_seed": 2
  }
}