{
  "label": "regionft_a0p1-DecTree-Lsac-race-d5000000",
  "repeat": 4,
  "method": "regionft_a0p1",
  "model": "DecTree",
  "dataset": "Lsac",
  "protected": "race",
  "runtime": 7200,
  "no_disc": 730301,
  "no_test": 5836139,
  "prec": 0.12513427113370673,
  "cpu_time": 144.45068870700015,
  "real_time": 144.4538815021515,
  "partition": {
    "cpu_time": 58.21546603300021,
    "real_time": 58.21792197227478,
    "no_test": 836139,
    "no_disc": 119453,
    "n_regions": 378
  },
  "generation": {
    "cpu_time": 86.23522267399994,
    "real_time": 86.23595952987671,
    "no_test": 5000000,
    "no_disc": 610848
  },
  "config": {
    "max_depth": 10,
    "min_samples_per_region": 1000,
    "max_samples_per_region": 3000,
    "min_gain": 0.0,
    "gini_weight_mode": "sample",
    "max_split_ratio": 1.0,
    "sampling_risk_focus_alpha": 0.1,
    "sampling_risk_floor": 1e-05,
    "batch_size": 512,
    "disc_phase": "generation",
    "sample_draws": 5000000,
    "random_seed": 4
  }
}