{
  "label": "regionft_a0p1-MLP-Lsac-race-d5000000",
  "repeat": 3,
  "method": "regionft_a0p1",
  "model": "MLP",
  "dataset": "Lsac",
  "protected": "race",
  "runtime": 7200,
  "no_disc": 407930,
  "no_test": 7176170,
  "prec": 0.056845085888433525,
  "cpu_time": 217.601836972,
  "real_time": 217.6071503162384,
  "partition": {
    "cpu_time": 126.02645879400006,
    "real_time": 126.03043675422668,
    "no_test": 2176170,
    "no_disc": 148442,
    "n_regions": 1014
  },
  "generation": {
    "cpu_time": 91.57537817799994,
    "real_time": 91.57671356201172,
    "no_test": 5000000,
    "no_disc": 259488
  },
  "config": {
    "max_depth": 10,
    "min_samples_per_region": 1000,
    "max_samples_per_region": 3000,
    "min_gain": 0.0,
    "gini_weight_mode": "sample",
    "max_split_ratio": 1.0,
    "sampling_risk_focus_alpha": 0.1,
    "sampling_risk_floor": 1e-05,
    "batch_size": 512,
    "disc_phase": "generation",
    "sample_draws": 5000000,
    "random_seed": 3
  }
}