{
  "label": "regionft_a0p1-MLP-Credit-sex-d5000000",
  "repeat": 3,
  "method": "regionft_a0p1",
  "model": "MLP",
  "dataset": "Credit",
  "protected": "sex",
  "runtime": 7200,
  "no_disc": 442852,
  "no_test": 6998426,
  "prec": 0.06327880011876956,
  "cpu_time": 171.65468939200014,
  "real_time": 171.66428327560425,
  "partition": {
    "cpu_time": 88.5995615920001,
    "real_time": 88.60758018493652,
    "no_test": 1998426,
    "no_disc": 131026,
    "n_regions": 932
  },
  "generation": {
    "cpu_time": 83.05512780000004,
    "real_time": 83.05670309066772,
    "no_test": 5000000,
    "no_disc": 311826
  },
  "config": {
    "max_depth": 10,
    "min_samples_per_region": 1000,
    "max_samples_per_region": 3000,
    "min_gain": 0.0,
    "gini_weight_mode": "sample",
    "max_split_ratio": 1.0,
    "sampling_risk_focus_alpha": 0.1,
    "sampling_risk_floor": 1e-05,
    "batch_size": 512,
    "disc_phase": "generation",
    "sample_draws": 5000000,
    "random_seed": 3
  }
}