{
  "label": "regionft_a0p1-DecTree-Lsac-sex-d5000000",
  "repeat": 2,
  "method": "regionft_a0p1",
  "model": "DecTree",
  "dataset": "Lsac",
  "protected": "sex",
  "runtime": 7200,
  "no_disc": 832881,
  "no_test": 6316054,
  "prec": 0.13186730195783633,
  "cpu_time": 153.7682956829999,
  "real_time": 153.77944922447205,
  "partition": {
    "cpu_time": 84.29477350900015,
    "real_time": 84.305504322052,
    "no_test": 1316054,
    "no_disc": 177803,
    "n_regions": 609
  },
  "generation": {
    "cpu_time": 69.47352217399975,
    "real_time": 69.47394490242004,
    "no_test": 5000000,
    "no_disc": 655078
  },
  "config": {
    "max_depth": 10,
    "min_samples_per_region": 1000,
    "max_samples_per_region": 3000,
    "min_gain": 0.0,
    "gini_weight_mode": "sample",
    "max_split_ratio": 1.0,
    "sampling_risk_focus_alpha": 0.1,
    "sampling_risk_floor": 1e-05,
    "batch_size": 512,
    "disc_phase": "generation",
    "sample_draws": 5000000,
    "random_seed": 2
  }
}