{
  "label": "regionft_a0p1-DecTree-Adult-sex-d5000000",
  "repeat": 0,
  "method": "regionft_a0p1",
  "model": "DecTree",
  "dataset": "Adult",
  "protected": "sex",
  "runtime": 7200,
  "no_disc": 183006,
  "no_test": 5792915,
  "prec": 0.0315913490876355,
  "cpu_time": 106.64834292499995,
  "real_time": 106.65582013130188,
  "partition": {
    "cpu_time": 40.07330351999997,
    "real_time": 40.081528663635254,
    "no_test": 792915,
    "no_disc": 123946,
    "n_regions": 383
  },
  "generation": {
    "cpu_time": 66.57503940499998,
    "real_time": 66.57429146766663,
    "no_test": 5000000,
    "no_disc": 59060
  },
  "config": {
    "max_depth": 10,
    "min_samples_per_region": 1000,
    "max_samples_per_region": 3000,
    "min_gain": 0.0,
    "gini_weight_mode": "sample",
    "max_split_ratio": 1.0,
    "sampling_risk_focus_alpha": 0.1,
    "sampling_risk_floor": 1e-05,
    "batch_size": 512,
    "disc_phase": "generation",
    "sample_draws": 5000000,
    "random_seed": 0
  }
}