{
  "label": "regionft_a0p1-LogReg-Adult-age-d5000000",
  "repeat": 1,
  "method": "regionft_a0p1",
  "model": "LogReg",
  "dataset": "Adult",
  "protected": "age",
  "runtime": 7200,
  "no_disc": 1049366,
  "no_test": 6834282,
  "prec": 0.153544439635356,
  "cpu_time": 350.54935767200004,
  "real_time": 350.5598728656769,
  "partition": {
    "cpu_time": 134.19699033400002,
    "real_time": 134.20495867729187,
    "no_test": 1834282,
    "no_disc": 534560,
    "n_regions": 882
  },
  "generation": {
    "cpu_time": 216.35236733800002,
    "real_time": 216.354914188385,
    "no_test": 5000000,
    "no_disc": 514806
  },
  "config": {
    "max_depth": 10,
    "min_samples_per_region": 1000,
    "max_samples_per_region": 3000,
    "min_gain": 0.0,
    "gini_weight_mode": "sample",
    "max_split_ratio": 1.0,
    "sampling_risk_focus_alpha": 0.1,
    "sampling_risk_floor": 1e-05,
    "batch_size": 512,
    "disc_phase": "generation",
    "sample_draws": 5000000,
    "random_seed": 1
  }
}