{
  "label": "regionft_a0p1-DecTree-Credit-age-d5000000",
  "repeat": 0,
  "method": "regionft_a0p1",
  "model": "DecTree",
  "dataset": "Credit",
  "protected": "age",
  "runtime": 7200,
  "no_disc": 1094550,
  "no_test": 5263041,
  "prec": 0.20796911899413287,
  "cpu_time": 203.89708589699967,
  "real_time": 203.90144157409668,
  "partition": {
    "cpu_time": 21.504242007999892,
    "real_time": 21.50637197494507,
    "no_test": 263041,
    "no_disc": 151937,
    "n_regions": 122
  },
  "generation": {
    "cpu_time": 182.39284388899978,
    "real_time": 182.3950695991516,
    "no_test": 5000000,
    "no_disc": 942613
  },
  "config": {
    "max_depth": 10,
    "min_samples_per_region": 1000,
    "max_samples_per_region": 3000,
    "min_gain": 0.0,
    "gini_weight_mode": "sample",
    "max_split_ratio": 1.0,
    "sampling_risk_focus_alpha": 0.1,
    "sampling_risk_floor": 1e-05,
    "batch_size": 512,
    "disc_phase": "generation",
    "sample_draws": 5000000,
    "random_seed": 0
  }
}