{
  "label": "regionft_a0p1-MLP-Adult-sex-d5000000",
  "repeat": 4,
  "method": "regionft_a0p1",
  "model": "MLP",
  "dataset": "Adult",
  "protected": "sex",
  "runtime": 7200,
  "no_disc": 141276,
  "no_test": 7085931,
  "prec": 0.019937535378202243,
  "cpu_time": 188.09942990199988,
  "real_time": 188.10098958015442,
  "partition": {
    "cpu_time": 98.13497975600012,
    "real_time": 98.13592219352722,
    "no_test": 2085931,
    "no_disc": 78449,
    "n_regions": 990
  },
  "generation": {
    "cpu_time": 89.96445014599976,
    "real_time": 89.9650673866272,
    "no_test": 5000000,
    "no_disc": 62827
  },
  "config": {
    "max_depth": 10,
    "min_samples_per_region": 1000,
    "max_samples_per_region": 3000,
    "min_gain": 0.0,
    "gini_weight_mode": "sample",
    "max_split_ratio": 1.0,
    "sampling_risk_focus_alpha": 0.1,
    "sampling_risk_floor": 1e-05,
    "batch_size": 512,
    "disc_phase": "generation",
    "sample_draws": 5000000,
    "random_seed": 4
  }
}