{
  "label": "regionft_a0p1-MLP-Adult-age-d5000000",
  "repeat": 3,
  "method": "regionft_a0p1",
  "model": "MLP",
  "dataset": "Adult",
  "protected": "age",
  "runtime": 7200,
  "no_disc": 1647131,
  "no_test": 7188404,
  "prec": 0.22913723268753397,
  "cpu_time": 519.323980841,
  "real_time": 519.3993649482727,
  "partition": {
    "cpu_time": 199.30612263500004,
    "real_time": 199.34335684776306,
    "no_test": 2188404,
    "no_disc": 614532,
    "n_regions": 1021
  },
  "generation": {
    "cpu_time": 320.0178582059999,
    "real_time": 320.05600810050964,
    "no_test": 5000000,
    "no_disc": 1032599
  },
  "config": {
    "max_depth": 10,
    "min_samples_per_region": 1000,
    "max_samples_per_region": 3000,
    "min_gain": 0.0,
    "gini_weight_mode": "sample",
    "max_split_ratio": 1.0,
    "sampling_risk_focus_alpha": 0.1,
    "sampling_risk_floor": 1e-05,
    "batch_size": 512,
    "disc_phase": "generation",
    "sample_draws": 5000000,
    "random_seed": 3
  }
}