{
  "label": "regionft_a0p1-DecTree-Lsac-sex-d5000000",
  "repeat": 0,
  "method": "regionft_a0p1",
  "model": "DecTree",
  "dataset": "Lsac",
  "protected": "sex",
  "runtime": 7200,
  "no_disc": 829466,
  "no_test": 6028530,
  "prec": 0.13759009244376325,
  "cpu_time": 135.84647237900003,
  "real_time": 135.85809564590454,
  "partition": {
    "cpu_time": 66.08511742399992,
    "real_time": 66.09575152397156,
    "no_test": 1028530,
    "no_disc": 165390,
    "n_regions": 473
  },
  "generation": {
    "cpu_time": 69.76135495500012,
    "real_time": 69.76234412193298,
    "no_test": 5000000,
    "no_disc": 664076
  },
  "config": {
    "max_depth": 10,
    "min_samples_per_region": 1000,
    "max_samples_per_region": 3000,
    "min_gain": 0.0,
    "gini_weight_mode": "sample",
    "max_split_ratio": 1.0,
    "sampling_risk_focus_alpha": 0.1,
    "sampling_risk_floor": 1e-05,
    "batch_size": 512,
    "disc_phase": "generation",
    "sample_draws": 5000000,
    "random_seed": 0
  }
}