{
  "label": "regionft_a0p1-DecTree-Adult-race-d5000000",
  "repeat": 1,
  "method": "regionft_a0p1",
  "model": "DecTree",
  "dataset": "Adult",
  "protected": "race",
  "runtime": 7200,
  "no_disc": 132443,
  "no_test": 5794989,
  "prec": 0.022854745712200662,
  "cpu_time": 165.69751070400002,
  "real_time": 165.70853567123413,
  "partition": {
    "cpu_time": 45.47138701200004,
    "real_time": 45.47979664802551,
    "no_test": 794989,
    "no_disc": 72178,
    "n_regions": 383
  },
  "generation": {
    "cpu_time": 120.22612369199999,
    "real_time": 120.22873902320862,
    "no_test": 5000000,
    "no_disc": 60265
  },
  "config": {
    "max_depth": 10,
    "min_samples_per_region": 1000,
    "max_samples_per_region": 3000,
    "min_gain": 0.0,
    "gini_weight_mode": "sample",
    "max_split_ratio": 1.0,
    "sampling_risk_focus_alpha": 0.1,
    "sampling_risk_floor": 1e-05,
    "batch_size": 512,
    "disc_phase": "generation",
    "sample_draws": 5000000,
    "random_seed": 1
  }
}