{
  "label": "regionft_a0p1-GBDT-Bank-age-d5000000",
  "repeat": 0,
  "method": "regionft_a0p1",
  "model": "GBDT",
  "dataset": "Bank",
  "protected": "age",
  "runtime": 7200,
  "no_disc": 1939454,
  "no_test": 6875939,
  "prec": 0.28206387520308135,
  "cpu_time": 439.2432125380001,
  "real_time": 439.2581102848053,
  "partition": {
    "cpu_time": 172.04944917400007,
    "real_time": 172.06721186637878,
    "no_test": 1875939,
    "no_disc": 444926,
    "n_regions": 869
  },
  "generation": {
    "cpu_time": 267.193763364,
    "real_time": 267.1908984184265,
    "no_test": 5000000,
    "no_disc": 1494528
  },
  "config": {
    "max_depth": 10,
    "min_samples_per_region": 1000,
    "max_samples_per_region": 3000,
    "min_gain": 0.0,
    "gini_weight_mode": "sample",
    "max_split_ratio": 1.0,
    "sampling_risk_focus_alpha": 0.1,
    "sampling_risk_floor": 1e-05,
    "batch_size": 512,
    "disc_phase": "generation",
    "sample_draws": 5000000,
    "random_seed": 0
  }
}