{
  "label": "regionft_a0p1-LogReg-Credit-age-d5000000",
  "repeat": 0,
  "method": "regionft_a0p1",
  "model": "LogReg",
  "dataset": "Credit",
  "protected": "age",
  "runtime": 7200,
  "no_disc": 973831,
  "no_test": 7170852,
  "prec": 0.13580408576275177,
  "cpu_time": 321.538756575,
  "real_time": 321.5555462837219,
  "partition": {
    "cpu_time": 138.06676780800012,
    "real_time": 138.0718173980713,
    "no_test": 2170852,
    "no_disc": 264065,
    "n_regions": 1008
  },
  "generation": {
    "cpu_time": 183.47198876699986,
    "real_time": 183.48372888565063,
    "no_test": 5000000,
    "no_disc": 709766
  },
  "config": {
    "max_depth": 10,
    "min_samples_per_region": 1000,
    "max_samples_per_region": 3000,
    "min_gain": 0.0,
    "gini_weight_mode": "sample",
    "max_split_ratio": 1.0,
    "sampling_risk_focus_alpha": 0.1,
    "sampling_risk_floor": 1e-05,
    "batch_size": 512,
    "disc_phase": "generation",
    "sample_draws": 5000000,
    "random_seed": 0
  }
}