{
  "label": "regionft_a0p1-MLP-Credit-sex-d5000000",
  "repeat": 1,
  "method": "regionft_a0p1",
  "model": "MLP",
  "dataset": "Credit",
  "protected": "sex",
  "runtime": 7200,
  "no_disc": 439074,
  "no_test": 6883365,
  "prec": 0.06378769686047449,
  "cpu_time": 170.86602884400008,
  "real_time": 170.86886596679688,
  "partition": {
    "cpu_time": 86.13666002900027,
    "real_time": 86.13886523246765,
    "no_test": 1883365,
    "no_disc": 129926,
    "n_regions": 878
  },
  "generation": {
    "cpu_time": 84.72936881499982,
    "real_time": 84.73000073432922,
    "no_test": 5000000,
    "no_disc": 309148
  },
  "config": {
    "max_depth": 10,
    "min_samples_per_region": 1000,
    "max_samples_per_region": 3000,
    "min_gain": 0.0,
    "gini_weight_mode": "sample",
    "max_split_ratio": 1.0,
    "sampling_risk_focus_alpha": 0.1,
    "sampling_risk_floor": 1e-05,
    "batch_size": 512,
    "disc_phase": "generation",
    "sample_draws": 5000000,
    "random_seed": 1
  }
}