{
  "label": "regionft_a0p1-MLP-Lsac-race-d5000000",
  "repeat": 2,
  "method": "regionft_a0p1",
  "model": "MLP",
  "dataset": "Lsac",
  "protected": "race",
  "runtime": 7200,
  "no_disc": 394431,
  "no_test": 7192328,
  "prec": 0.054840518952973226,
  "cpu_time": 218.8134464929999,
  "real_time": 218.82462978363037,
  "partition": {
    "cpu_time": 127.52530710700012,
    "real_time": 127.53622722625732,
    "no_test": 2192328,
    "no_disc": 144238,
    "n_regions": 1022
  },
  "generation": {
    "cpu_time": 91.28813938599978,
    "real_time": 91.28840255737305,
    "no_test": 5000000,
    "no_disc": 250193
  },
  "config": {
    "max_depth": 10,
    "min_samples_per_region": 1000,
    "max_samples_per_region": 3000,
    "min_gain": 0.0,
    "gini_weight_mode": "sample",
    "max_split_ratio": 1.0,
    "sampling_risk_focus_alpha": 0.1,
    "sampling_risk_floor": 1e-05,
    "batch_size": 512,
    "disc_phase": "generation",
    "sample_draws": 5000000,
    "random_seed": 2
  }
}