{
  "label": "regionft_a0p1-DecTree-Bank-age-d5000000",
  "repeat": 4,
  "method": "regionft_a0p1",
  "model": "DecTree",
  "dataset": "Bank",
  "protected": "age",
  "runtime": 7200,
  "no_disc": 2172636,
  "no_test": 6374657,
  "prec": 0.3408239847257664,
  "cpu_time": 346.0063428049998,
  "real_time": 346.0131733417511,
  "partition": {
    "cpu_time": 118.31616069599977,
    "real_time": 118.32163119316101,
    "no_test": 1374657,
    "no_disc": 360363,
    "n_regions": 627
  },
  "generation": {
    "cpu_time": 227.69018210900003,
    "real_time": 227.6915421485901,
    "no_test": 5000000,
    "no_disc": 1812273
  },
  "config": {
    "max_depth": 10,
    "min_samples_per_region": 1000,
    "max_samples_per_region": 3000,
    "min_gain": 0.0,
    "gini_weight_mode": "sample",
    "max_split_ratio": 1.0,
    "sampling_risk_focus_alpha": 0.1,
    "sampling_risk_floor": 1e-05,
    "batch_size": 512,
    "disc_phase": "generation",
    "sample_draws": 5000000,
    "random_seed": 4
  }
}