{
  "label": "regionft_a0p1-DecTree-Bank-age-d5000000",
  "repeat": 3,
  "method": "regionft_a0p1",
  "model": "DecTree",
  "dataset": "Bank",
  "protected": "age",
  "runtime": 7200,
  "no_disc": 2153814,
  "no_test": 6297890,
  "prec": 0.3419897775286644,
  "cpu_time": 336.3062811630002,
  "real_time": 336.30964064598083,
  "partition": {
    "cpu_time": 110.90863987400007,
    "real_time": 110.91091728210449,
    "no_test": 1297890,
    "no_disc": 357783,
    "n_regions": 587
  },
  "generation": {
    "cpu_time": 225.39764128900015,
    "real_time": 225.39872336387634,
    "no_test": 5000000,
    "no_disc": 1796031
  },
  "config": {
    "max_depth": 10,
    "min_samples_per_region": 1000,
    "max_samples_per_region": 3000,
    "min_gain": 0.0,
    "gini_weight_mode": "sample",
    "max_split_ratio": 1.0,
    "sampling_risk_focus_alpha": 0.1,
    "sampling_risk_floor": 1e-05,
    "batch_size": 512,
    "disc_phase": "generation",
    "sample_draws": 5000000,
    "random_seed": 3
  }
}