{
  "label": "regionft_a0p1-GBDT-Adult-age-d5000000",
  "repeat": 1,
  "method": "regionft_a0p1",
  "model": "GBDT",
  "dataset": "Adult",
  "protected": "age",
  "runtime": 7200,
  "no_disc": 3085364,
  "no_test": 6994716,
  "prec": 0.4410992526358468,
  "cpu_time": 451.61093029000006,
  "real_time": 451.63637018203735,
  "partition": {
    "cpu_time": 177.7146619,
    "real_time": 177.7402572631836,
    "no_test": 1994716,
    "no_disc": 691190,
    "n_regions": 939
  },
  "generation": {
    "cpu_time": 273.89626839000005,
    "real_time": 273.89611291885376,
    "no_test": 5000000,
    "no_disc": 2394174
  },
  "config": {
    "max_depth": 10,
    "min_samples_per_region": 1000,
    "max_samples_per_region": 3000,
    "min_gain": 0.0,
    "gini_weight_mode": "sample",
    "max_split_ratio": 1.0,
    "sampling_risk_focus_alpha": 0.1,
    "sampling_risk_floor": 1e-05,
    "batch_size": 512,
    "disc_phase": "generation",
    "sample_draws": 5000000,
    "random_seed": 1
  }
}