{
  "label": "regionft_a0p1-LogReg-Lsac-sex-d5000000",
  "repeat": 4,
  "method": "regionft_a0p1",
  "model": "LogReg",
  "dataset": "Lsac",
  "protected": "sex",
  "runtime": 7200,
  "no_disc": 155380,
  "no_test": 7050389,
  "prec": 0.02203850028700544,
  "cpu_time": 169.83653667999988,
  "real_time": 169.84137845039368,
  "partition": {
    "cpu_time": 105.57182733499985,
    "real_time": 105.57652568817139,
    "no_test": 2050389,
    "no_disc": 63562,
    "n_regions": 972
  },
  "generation": {
    "cpu_time": 64.26470934500003,
    "real_time": 64.26485276222229,
    "no_test": 5000000,
    "no_disc": 91818
  },
  "config": {
    "max_depth": 10,
    "min_samples_per_region": 1000,
    "max_samples_per_region": 3000,
    "min_gain": 0.0,
    "gini_weight_mode": "sample",
    "max_split_ratio": 1.0,
    "sampling_risk_focus_alpha": 0.1,
    "sampling_risk_floor": 1e-05,
    "batch_size": 512,
    "disc_phase": "generation",
    "sample_draws": 5000000,
    "random_seed": 4
  }
}