{
  "label": "regionft_a0p1-MLP-Adult-sex-d5000000",
  "repeat": 3,
  "method": "regionft_a0p1",
  "model": "MLP",
  "dataset": "Adult",
  "protected": "sex",
  "runtime": 7200,
  "no_disc": 145605,
  "no_test": 7111298,
  "prec": 0.020475165012069526,
  "cpu_time": 187.13138904900006,
  "real_time": 187.13346004486084,
  "partition": {
    "cpu_time": 98.08666283599996,
    "real_time": 98.0886287689209,
    "no_test": 2111298,
    "no_disc": 81074,
    "n_regions": 1010
  },
  "generation": {
    "cpu_time": 89.0447262130001,
    "real_time": 89.04483127593994,
    "no_test": 5000000,
    "no_disc": 64531
  },
  "config": {
    "max_depth": 10,
    "min_samples_per_region": 1000,
    "max_samples_per_region": 3000,
    "min_gain": 0.0,
    "gini_weight_mode": "sample",
    "max_split_ratio": 1.0,
    "sampling_risk_focus_alpha": 0.1,
    "sampling_risk_floor": 1e-05,
    "batch_size": 512,
    "disc_phase": "generation",
    "sample_draws": 5000000,
    "random_seed": 3
  }
}