{
  "label": "regionft_a0p1-LogReg-Bank-age-d5000000",
  "repeat": 3,
  "method": "regionft_a0p1",
  "model": "LogReg",
  "dataset": "Bank",
  "protected": "age",
  "runtime": 7200,
  "no_disc": 208295,
  "no_test": 6819030,
  "prec": 0.03054613339433908,
  "cpu_time": 342.50634304100004,
  "real_time": 342.5136601924896,
  "partition": {
    "cpu_time": 138.8790518830001,
    "real_time": 138.8813283443451,
    "no_test": 1819030,
    "no_disc": 103418,
    "n_regions": 865
  },
  "generation": {
    "cpu_time": 203.62729115799993,
    "real_time": 203.63233184814453,
    "no_test": 5000000,
    "no_disc": 104877
  },
  "config": {
    "max_depth": 10,
    "min_samples_per_region": 1000,
    "max_samples_per_region": 3000,
    "min_gain": 0.0,
    "gini_weight_mode": "sample",
    "max_split_ratio": 1.0,
    "sampling_risk_focus_alpha": 0.1,
    "sampling_risk_floor": 1e-05,
    "batch_size": 512,
    "disc_phase": "generation",
    "sample_draws": 5000000,
    "random_seed": 3
  }
}