{
  "label": "regionft_a0p1-DecTree-Lsac-sex-d5000000",
  "repeat": 1,
  "method": "regionft_a0p1",
  "model": "DecTree",
  "dataset": "Lsac",
  "protected": "sex",
  "runtime": 7200,
  "no_disc": 850833,
  "no_test": 6307926,
  "prec": 0.1348831612799516,
  "cpu_time": 151.71305175099997,
  "real_time": 151.71519112586975,
  "partition": {
    "cpu_time": 81.89533440700006,
    "real_time": 81.8971529006958,
    "no_test": 1307926,
    "no_disc": 193728,
    "n_regions": 606
  },
  "generation": {
    "cpu_time": 69.8177173439999,
    "real_time": 69.81803822517395,
    "no_test": 5000000,
    "no_disc": 657105
  },
  "config": {
    "max_depth": 10,
    "min_samples_per_region": 1000,
    "max_samples_per_region": 3000,
    "min_gain": 0.0,
    "gini_weight_mode": "sample",
    "max_split_ratio": 1.0,
    "sampling_risk_focus_alpha": 0.1,
    "sampling_risk_floor": 1e-05,
    "batch_size": 512,
    "disc_phase": "generation",
    "sample_draws": 5000000,
    "random_seed": 1
  }
}