{
  "label": "regionft_a0p1-GBDT-Credit-age-d5000000",
  "repeat": 3,
  "method": "regionft_a0p1",
  "model": "GBDT",
  "dataset": "Credit",
  "protected": "age",
  "runtime": 7200,
  "no_disc": 1064369,
  "no_test": 7124523,
  "prec": 0.14939512441745223,
  "cpu_time": 387.4395785199997,
  "real_time": 387.44487714767456,
  "partition": {
    "cpu_time": 169.08691901299994,
    "real_time": 169.09061288833618,
    "no_test": 2124523,
    "no_disc": 321589,
    "n_regions": 977
  },
  "generation": {
    "cpu_time": 218.35265950699977,
    "real_time": 218.35426425933838,
    "no_test": 5000000,
    "no_disc": 742780
  },
  "config": {
    "max_depth": 10,
    "min_samples_per_region": 1000,
    "max_samples_per_region": 3000,
    "min_gain": 0.0,
    "gini_weight_mode": "sample",
    "max_split_ratio": 1.0,
    "sampling_risk_focus_alpha": 0.1,
    "sampling_risk_floor": 1e-05,
    "batch_size": 512,
    "disc_phase": "generation",
    "sample_draws": 5000000,
    "random_seed": 3
  }
}