{
  "label": "regionft_a0p1-MLP-Credit-age-d5000000",
  "repeat": 2,
  "method": "regionft_a0p1",
  "model": "MLP",
  "dataset": "Credit",
  "protected": "age",
  "runtime": 7200,
  "no_disc": 844610,
  "no_test": 7007636,
  "prec": 0.12052709358762356,
  "cpu_time": 346.32835494100027,
  "real_time": 346.3377296924591,
  "partition": {
    "cpu_time": 136.84910280800023,
    "real_time": 136.8565559387207,
    "no_test": 2007636,
    "no_disc": 250127,
    "n_regions": 931
  },
  "generation": {
    "cpu_time": 209.47925213300005,
    "real_time": 209.4811737537384,
    "no_test": 5000000,
    "no_disc": 594483
  },
  "config": {
    "max_depth": 10,
    "min_samples_per_region": 1000,
    "max_samples_per_region": 3000,
    "min_gain": 0.0,
    "gini_weight_mode": "sample",
    "max_split_ratio": 1.0,
    "sampling_risk_focus_alpha": 0.1,
    "sampling_risk_floor": 1e-05,
    "batch_size": 512,
    "disc_phase": "generation",
    "sample_draws": 5000000,
    "random_seed": 2
  }
}