{
  "label": "regionft_a0p1-DecTree-Credit-age-d5000000",
  "repeat": 2,
  "method": "regionft_a0p1",
  "model": "DecTree",
  "dataset": "Credit",
  "protected": "age",
  "runtime": 7200,
  "no_disc": 1086372,
  "no_test": 5258954,
  "prec": 0.20657568025884995,
  "cpu_time": 196.21171073200003,
  "real_time": 196.21724939346313,
  "partition": {
    "cpu_time": 20.68634892099999,
    "real_time": 20.68812894821167,
    "no_test": 258954,
    "no_disc": 146538,
    "n_regions": 120
  },
  "generation": {
    "cpu_time": 175.52536181100004,
    "real_time": 175.52912044525146,
    "no_test": 5000000,
    "no_disc": 939834
  },
  "config": {
    "max_depth": 10,
    "min_samples_per_region": 1000,
    "max_samples_per_region": 3000,
    "min_gain": 0.0,
    "gini_weight_mode": "sample",
    "max_split_ratio": 1.0,
    "sampling_risk_focus_alpha": 0.1,
    "sampling_risk_floor": 1e-05,
    "batch_size": 512,
    "disc_phase": "generation",
    "sample_draws": 5000000,
    "random_seed": 2
  }
}