{
  "label": "regionft_a0p1-MLP-Adult-sex-d5000000",
  "repeat": 1,
  "method": "regionft_a0p1",
  "model": "MLP",
  "dataset": "Adult",
  "protected": "sex",
  "runtime": 7200,
  "no_disc": 139046,
  "no_test": 7060066,
  "prec": 0.019694716734942705,
  "cpu_time": 186.5676873509999,
  "real_time": 186.57434511184692,
  "partition": {
    "cpu_time": 96.18887973899996,
    "real_time": 96.19524478912354,
    "no_test": 2060066,
    "no_disc": 76443,
    "n_regions": 982
  },
  "generation": {
    "cpu_time": 90.37880761199995,
    "real_time": 90.37910032272339,
    "no_test": 5000000,
    "no_disc": 62603
  },
  "config": {
    "max_depth": 10,
    "min_samples_per_region": 1000,
    "max_samples_per_region": 3000,
    "min_gain": 0.0,
    "gini_weight_mode": "sample",
    "max_split_ratio": 1.0,
    "sampling_risk_focus_alpha": 0.1,
    "sampling_risk_floor": 1e-05,
    "batch_size": 512,
    "disc_phase": "generation",
    "sample_draws": 5000000,
    "random_seed": 1
  }
}