{
  "label": "regionft_a0p1-GBDT-Credit-age-d5000000",
  "repeat": 1,
  "method": "regionft_a0p1",
  "model": "GBDT",
  "dataset": "Credit",
  "protected": "age",
  "runtime": 7200,
  "no_disc": 1127741,
  "no_test": 7199870,
  "prec": 0.1566335225497127,
  "cpu_time": 372.56396290400016,
  "real_time": 372.5664300918579,
  "partition": {
    "cpu_time": 166.55540319200009,
    "real_time": 166.55712509155273,
    "no_test": 2199870,
    "no_disc": 393373,
    "n_regions": 1016
  },
  "generation": {
    "cpu_time": 206.00855971200008,
    "real_time": 206.00930500030518,
    "no_test": 5000000,
    "no_disc": 734368
  },
  "config": {
    "max_depth": 10,
    "min_samples_per_region": 1000,
    "max_samples_per_region": 3000,
    "min_gain": 0.0,
    "gini_weight_mode": "sample",
    "max_split_ratio": 1.0,
    "sampling_risk_focus_alpha": 0.1,
    "sampling_risk_floor": 1e-05,
    "batch_size": 512,
    "disc_phase": "generation",
    "sample_draws": 5000000,
    "random_seed": 1
  }
}