{
  "label": "regionft_a0p1-MLP-Lsac-race-d5000000",
  "repeat": 0,
  "method": "regionft_a0p1",
  "model": "MLP",
  "dataset": "Lsac",
  "protected": "race",
  "runtime": 7200,
  "no_disc": 383541,
  "no_test": 7084084,
  "prec": 0.05414122700973054,
  "cpu_time": 211.06336000400006,
  "real_time": 211.06715726852417,
  "partition": {
    "cpu_time": 120.12556836099975,
    "real_time": 120.12854957580566,
    "no_test": 2084084,
    "no_disc": 124428,
    "n_regions": 972
  },
  "generation": {
    "cpu_time": 90.93779164300031,
    "real_time": 90.9386076927185,
    "no_test": 5000000,
    "no_disc": 259113
  },
  "config": {
    "max_depth": 10,
    "min_samples_per_region": 1000,
    "max_samples_per_region": 3000,
    "min_gain": 0.0,
    "gini_weight_mode": "sample",
    "max_split_ratio": 1.0,
    "sampling_risk_focus_alpha": 0.1,
    "sampling_risk_floor": 1e-05,
    "batch_size": 512,
    "disc_phase": "generation",
    "sample_draws": 5000000,
    "random_seed": 0
  }
}