{
  "label": "regionft_a0p1-LogReg-Bank-age-d5000000",
  "repeat": 1,
  "method": "regionft_a0p1",
  "model": "LogReg",
  "dataset": "Bank",
  "protected": "age",
  "runtime": 7200,
  "no_disc": 207685,
  "no_test": 6765386,
  "prec": 0.03069817450179487,
  "cpu_time": 340.34641058299985,
  "real_time": 340.35069513320923,
  "partition": {
    "cpu_time": 138.49884367899995,
    "real_time": 138.5021390914917,
    "no_test": 1765386,
    "no_disc": 98430,
    "n_regions": 838
  },
  "generation": {
    "cpu_time": 201.8475669039999,
    "real_time": 201.84855604171753,
    "no_test": 5000000,
    "no_disc": 109255
  },
  "config": {
    "max_depth": 10,
    "min_samples_per_region": 1000,
    "max_samples_per_region": 3000,
    "min_gain": 0.0,
    "gini_weight_mode": "sample",
    "max_split_ratio": 1.0,
    "sampling_risk_focus_alpha": 0.1,
    "sampling_risk_floor": 1e-05,
    "batch_size": 512,
    "disc_phase": "generation",
    "sample_draws": 5000000,
    "random_seed": 1
  }
}