{
  "label": "regionft_a0p1-MLP-Bank-age-d5000000",
  "repeat": 4,
  "method": "regionft_a0p1",
  "model": "MLP",
  "dataset": "Bank",
  "protected": "age",
  "runtime": 7200,
  "no_disc": 1142487,
  "no_test": 7138959,
  "prec": 0.16003551778347516,
  "cpu_time": 482.6690346539999,
  "real_time": 482.6797535419464,
  "partition": {
    "cpu_time": 188.67944415300008,
    "real_time": 188.68621373176575,
    "no_test": 2138959,
    "no_disc": 349804,
    "n_regions": 992
  },
  "generation": {
    "cpu_time": 293.98959050099984,
    "real_time": 293.99353981018066,
    "no_test": 5000000,
    "no_disc": 792683
  },
  "config": {
    "max_depth": 10,
    "min_samples_per_region": 1000,
    "max_samples_per_region": 3000,
    "min_gain": 0.0,
    "gini_weight_mode": "sample",
    "max_split_ratio": 1.0,
    "sampling_risk_focus_alpha": 0.1,
    "sampling_risk_floor": 1e-05,
    "batch_size": 512,
    "disc_phase": "generation",
    "sample_draws": 5000000,
    "random_seed": 4
  }
}