{
  "label": "regionft_a0p1-LogReg-Lsac-sex-d5000000",
  "repeat": 2,
  "method": "regionft_a0p1",
  "model": "LogReg",
  "dataset": "Lsac",
  "protected": "sex",
  "runtime": 7200,
  "no_disc": 165805,
  "no_test": 6946868,
  "prec": 0.023867590401890463,
  "cpu_time": 164.33615182199992,
  "real_time": 164.3413372039795,
  "partition": {
    "cpu_time": 100.28397360600002,
    "real_time": 100.28789901733398,
    "no_test": 1946868,
    "no_disc": 66163,
    "n_regions": 923
  },
  "generation": {
    "cpu_time": 64.0521782159999,
    "real_time": 64.05343818664551,
    "no_test": 5000000,
    "no_disc": 99642
  },
  "config": {
    "max_depth": 10,
    "min_samples_per_region": 1000,
    "max_samples_per_region": 3000,
    "min_gain": 0.0,
    "gini_weight_mode": "sample",
    "max_split_ratio": 1.0,
    "sampling_risk_focus_alpha": 0.1,
    "sampling_risk_floor": 1e-05,
    "batch_size": 512,
    "disc_phase": "generation",
    "sample_draws": 5000000,
    "random_seed": 2
  }
}