{
  "label": "regionft_a0p1-MLP-Lsac-sex-d5000000",
  "repeat": 0,
  "method": "regionft_a0p1",
  "model": "MLP",
  "dataset": "Lsac",
  "protected": "sex",
  "runtime": 7200,
  "no_disc": 161842,
  "no_test": 7102411,
  "prec": 0.02278690996620725,
  "cpu_time": 188.09589970299976,
  "real_time": 188.09751343727112,
  "partition": {
    "cpu_time": 113.71448826400001,
    "real_time": 113.71564173698425,
    "no_test": 2102411,
    "no_disc": 63248,
    "n_regions": 992
  },
  "generation": {
    "cpu_time": 74.38141143899975,
    "real_time": 74.38187170028687,
    "no_test": 5000000,
    "no_disc": 98594
  },
  "config": {
    "max_depth": 10,
    "min_samples_per_region": 1000,
    "max_samples_per_region": 3000,
    "min_gain": 0.0,
    "gini_weight_mode": "sample",
    "max_split_ratio": 1.0,
    "sampling_risk_focus_alpha": 0.1,
    "sampling_risk_floor": 1e-05,
    "batch_size": 512,
    "disc_phase": "generation",
    "sample_draws": 5000000,
    "random_seed": 0
  }
}