{
  "label": "regionft_a0p1-GBDT-Credit-sex-d5000000",
  "repeat": 2,
  "method": "regionft_a0p1",
  "model": "GBDT",
  "dataset": "Credit",
  "protected": "sex",
  "runtime": 7200,
  "no_disc": 170593,
  "no_test": 6797065,
  "prec": 0.025098038638735984,
  "cpu_time": 165.52916862900003,
  "real_time": 165.53096628189087,
  "partition": {
    "cpu_time": 75.94104025999997,
    "real_time": 75.94210743904114,
    "no_test": 1797065,
    "no_disc": 74189,
    "n_regions": 856
  },
  "generation": {
    "cpu_time": 89.58812836900006,
    "real_time": 89.58885884284973,
    "no_test": 5000000,
    "no_disc": 96404
  },
  "config": {
    "max_depth": 10,
    "min_samples_per_region": 1000,
    "max_samples_per_region": 3000,
    "min_gain": 0.0,
    "gini_weight_mode": "sample",
    "max_split_ratio": 1.0,
    "sampling_risk_focus_alpha": 0.1,
    "sampling_risk_floor": 1e-05,
    "batch_size": 512,
    "disc_phase": "generation",
    "sample_draws": 5000000,
    "random_seed": 2
  }
}