{
  "label": "regionft_a0p1-GBDT-Lsac-race-d5000000",
  "repeat": 2,
  "method": "regionft_a0p1",
  "model": "GBDT",
  "dataset": "Lsac",
  "protected": "race",
  "runtime": 7200,
  "no_disc": 826638,
  "no_test": 7065098,
  "prec": 0.11700304794073628,
  "cpu_time": 234.94288872200013,
  "real_time": 234.96300196647644,
  "partition": {
    "cpu_time": 132.73040562799997,
    "real_time": 132.7491888999939,
    "no_test": 2065098,
    "no_disc": 319048,
    "n_regions": 963
  },
  "generation": {
    "cpu_time": 102.21248309400016,
    "real_time": 102.21381306648254,
    "no_test": 5000000,
    "no_disc": 507590
  },
  "config": {
    "max_depth": 10,
    "min_samples_per_region": 1000,
    "max_samples_per_region": 3000,
    "min_gain": 0.0,
    "gini_weight_mode": "sample",
    "max_split_ratio": 1.0,
    "sampling_risk_focus_alpha": 0.1,
    "sampling_risk_floor": 1e-05,
    "batch_size": 512,
    "disc_phase": "generation",
    "sample_draws": 5000000,
    "random_seed": 2
  }
}