{
  "label": "regionft_a0p1-GBDT-Lsac-sex-d5000000",
  "repeat": 3,
  "method": "regionft_a0p1",
  "model": "GBDT",
  "dataset": "Lsac",
  "protected": "sex",
  "runtime": 7200,
  "no_disc": 195545,
  "no_test": 6978472,
  "prec": 0.02802117712874681,
  "cpu_time": 204.35914988100012,
  "real_time": 204.36439108848572,
  "partition": {
    "cpu_time": 120.51425460000019,
    "real_time": 120.5189528465271,
    "no_test": 1978472,
    "no_disc": 134712,
    "n_regions": 946
  },
  "generation": {
    "cpu_time": 83.84489528099994,
    "real_time": 83.84543824195862,
    "no_test": 5000000,
    "no_disc": 60833
  },
  "config": {
    "max_depth": 10,
    "min_samples_per_region": 1000,
    "max_samples_per_region": 3000,
    "min_gain": 0.0,
    "gini_weight_mode": "sample",
    "max_split_ratio": 1.0,
    "sampling_risk_focus_alpha": 0.1,
    "sampling_risk_floor": 1e-05,
    "batch_size": 512,
    "disc_phase": "generation",
    "sample_draws": 5000000,
    "random_seed": 3
  }
}