{
  "label": "regionft_a0p1-GBDT-Credit-sex-d5000000",
  "repeat": 3,
  "method": "regionft_a0p1",
  "model": "GBDT",
  "dataset": "Credit",
  "protected": "sex",
  "runtime": 7200,
  "no_disc": 194157,
  "no_test": 6729751,
  "prec": 0.02885054736794868,
  "cpu_time": 167.66643955699996,
  "real_time": 167.66959190368652,
  "partition": {
    "cpu_time": 75.67830772099998,
    "real_time": 75.68082928657532,
    "no_test": 1729751,
    "no_disc": 96528,
    "n_regions": 823
  },
  "generation": {
    "cpu_time": 91.98813183599998,
    "real_time": 91.9887626171112,
    "no_test": 5000000,
    "no_disc": 97629
  },
  "config": {
    "max_depth": 10,
    "min_samples_per_region": 1000,
    "max_samples_per_region": 3000,
    "min_gain": 0.0,
    "gini_weight_mode": "sample",
    "max_split_ratio": 1.0,
    "sampling_risk_focus_alpha": 0.1,
    "sampling_risk_floor": 1e-05,
    "batch_size": 512,
    "disc_phase": "generation",
    "sample_draws": 5000000,
    "random_seed": 3
  }
}