{
  "label": "regionft_a0p1-MLP-Bank-age-d5000000",
  "repeat": 2,
  "method": "regionft_a0p1",
  "model": "MLP",
  "dataset": "Bank",
  "protected": "age",
  "runtime": 7200,
  "no_disc": 1145331,
  "no_test": 7113917,
  "prec": 0.1609986453313976,
  "cpu_time": 490.88412901899983,
  "real_time": 490.88993525505066,
  "partition": {
    "cpu_time": 191.88521564999974,
    "real_time": 191.88995361328125,
    "no_test": 2113917,
    "no_disc": 345316,
    "n_regions": 980
  },
  "generation": {
    "cpu_time": 298.9989133690001,
    "real_time": 298.9999816417694,
    "no_test": 5000000,
    "no_disc": 800015
  },
  "config": {
    "max_depth": 10,
    "min_samples_per_region": 1000,
    "max_samples_per_region": 3000,
    "min_gain": 0.0,
    "gini_weight_mode": "sample",
    "max_split_ratio": 1.0,
    "sampling_risk_focus_alpha": 0.1,
    "sampling_risk_floor": 1e-05,
    "batch_size": 512,
    "disc_phase": "generation",
    "sample_draws": 5000000,
    "random_seed": 2
  }
}