{
  "label": "regionft_a0p1-MLP-Adult-sex-d5000000",
  "repeat": 2,
  "method": "regionft_a0p1",
  "model": "MLP",
  "dataset": "Adult",
  "protected": "sex",
  "runtime": 7200,
  "no_disc": 119900,
  "no_test": 6856021,
  "prec": 0.017488277821786136,
  "cpu_time": 172.76570329800006,
  "real_time": 172.7684087753296,
  "partition": {
    "cpu_time": 83.36049437199995,
    "real_time": 83.36302709579468,
    "no_test": 1856021,
    "no_disc": 57632,
    "n_regions": 881
  },
  "generation": {
    "cpu_time": 89.40520892600011,
    "real_time": 89.40538167953491,
    "no_test": 5000000,
    "no_disc": 62268
  },
  "config": {
    "max_depth": 10,
    "min_samples_per_region": 1000,
    "max_samples_per_region": 3000,
    "min_gain": 0.0,
    "gini_weight_mode": "sample",
    "max_split_ratio": 1.0,
    "sampling_risk_focus_alpha": 0.1,
    "sampling_risk_floor": 1e-05,
    "batch_size": 512,
    "disc_phase": "generation",
    "sample_draws": 5000000,
    "random_seed": 2
  }
}