{
  "label": "regionft_a0p1-GBDT-Lsac-sex-d5000000",
  "repeat": 1,
  "method": "regionft_a0p1",
  "model": "GBDT",
  "dataset": "Lsac",
  "protected": "sex",
  "runtime": 7200,
  "no_disc": 173551,
  "no_test": 7019527,
  "prec": 0.024724030550776425,
  "cpu_time": 197.26030385800027,
  "real_time": 197.26816391944885,
  "partition": {
    "cpu_time": 115.00830352399998,
    "real_time": 115.01570558547974,
    "no_test": 2019527,
    "no_disc": 113154,
    "n_regions": 966
  },
  "generation": {
    "cpu_time": 82.25200033400029,
    "real_time": 82.25245833396912,
    "no_test": 5000000,
    "no_disc": 60397
  },
  "config": {
    "max_depth": 10,
    "min_samples_per_region": 1000,
    "max_samples_per_region": 3000,
    "min_gain": 0.0,
    "gini_weight_mode": "sample",
    "max_split_ratio": 1.0,
    "sampling_risk_focus_alpha": 0.1,
    "sampling_risk_floor": 1e-05,
    "batch_size": 512,
    "disc_phase": "generation",
    "sample_draws": 5000000,
    "random_seed": 1
  }
}