{
  "label": "regionft_a0p1-LogReg-Credit-age-d5000000",
  "repeat": 3,
  "method": "regionft_a0p1",
  "model": "LogReg",
  "dataset": "Credit",
  "protected": "age",
  "runtime": 7200,
  "no_disc": 1012828,
  "no_test": 7202946,
  "prec": 0.1406130213943017,
  "cpu_time": 328.6989944730003,
  "real_time": 328.70708751678467,
  "partition": {
    "cpu_time": 146.79446954500008,
    "real_time": 146.8015697002411,
    "no_test": 2202946,
    "no_disc": 312825,
    "n_regions": 1015
  },
  "generation": {
    "cpu_time": 181.90452492800023,
    "real_time": 181.90551781654358,
    "no_test": 5000000,
    "no_disc": 700003
  },
  "config": {
    "max_depth": 10,
    "min_samples_per_region": 1000,
    "max_samples_per_region": 3000,
    "min_gain": 0.0,
    "gini_weight_mode": "sample",
    "max_split_ratio": 1.0,
    "sampling_risk_focus_alpha": 0.1,
    "sampling_risk_floor": 1e-05,
    "batch_size": 512,
    "disc_phase": "generation",
    "sample_draws": 5000000,
    "random_seed": 3
  }
}