{
  "label": "regionft_a0p1-LogReg-Adult-sex-d5000000",
  "repeat": 4,
  "method": "regionft_a0p1",
  "model": "LogReg",
  "dataset": "Adult",
  "protected": "sex",
  "runtime": 7200,
  "no_disc": 142682,
  "no_test": 6506516,
  "prec": 0.021929093849919066,
  "cpu_time": 128.68548557000008,
  "real_time": 128.686105966568,
  "partition": {
    "cpu_time": 64.95487662000005,
    "real_time": 64.95537829399109,
    "no_test": 1506516,
    "no_disc": 83521,
    "n_regions": 727
  },
  "generation": {
    "cpu_time": 63.73060895000003,
    "real_time": 63.730727672576904,
    "no_test": 5000000,
    "no_disc": 59161
  },
  "config": {
    "max_depth": 10,
    "min_samples_per_region": 1000,
    "max_samples_per_region": 3000,
    "min_gain": 0.0,
    "gini_weight_mode": "sample",
    "max_split_ratio": 1.0,
    "sampling_risk_focus_alpha": 0.1,
    "sampling_risk_floor": 1e-05,
    "batch_size": 512,
    "disc_phase": "generation",
    "sample_draws": 5000000,
    "random_seed": 4
  }
}