{
  "label": "regionft_a0p1-DecTree-Adult-sex-d5000000",
  "repeat": 3,
  "method": "regionft_a0p1",
  "model": "DecTree",
  "dataset": "Adult",
  "protected": "sex",
  "runtime": 7200,
  "no_disc": 121594,
  "no_test": 5429334,
  "prec": 0.02239574872350826,
  "cpu_time": 84.09868298499998,
  "real_time": 84.09998893737793,
  "partition": {
    "cpu_time": 20.796001287999957,
    "real_time": 20.797166347503662,
    "no_test": 429334,
    "no_disc": 63390,
    "n_regions": 205
  },
  "generation": {
    "cpu_time": 63.302681697000025,
    "real_time": 63.30282258987427,
    "no_test": 5000000,
    "no_disc": 58204
  },
  "config": {
    "max_depth": 10,
    "min_samples_per_region": 1000,
    "max_samples_per_region": 3000,
    "min_gain": 0.0,
    "gini_weight_mode": "sample",
    "max_split_ratio": 1.0,
    "sampling_risk_focus_alpha": 0.1,
    "sampling_risk_floor": 1e-05,
    "batch_size": 512,
    "disc_phase": "generation",
    "sample_draws": 5000000,
    "random_seed": 3
  }
}