{
  "label": "regionft_a0p1-DecTree-Adult-age-d5000000",
  "repeat": 3,
  "method": "regionft_a0p1",
  "model": "DecTree",
  "dataset": "Adult",
  "protected": "age",
  "runtime": 7200,
  "no_disc": 4072059,
  "no_test": 5310228,
  "prec": 0.7668331755246668,
  "cpu_time": 274.6562544220001,
  "real_time": 274.67340087890625,
  "partition": {
    "cpu_time": 28.36612267700002,
    "real_time": 28.36897349357605,
    "no_test": 310228,
    "no_disc": 128406,
    "n_regions": 138
  },
  "generation": {
    "cpu_time": 246.29013174500005,
    "real_time": 246.3044273853302,
    "no_test": 5000000,
    "no_disc": 3943653
  },
  "config": {
    "max_depth": 10,
    "min_samples_per_region": 1000,
    "max_samples_per_region": 3000,
    "min_gain": 0.0,
    "gini_weight_mode": "sample",
    "max_split_ratio": 1.0,
    "sampling_risk_focus_alpha": 0.1,
    "sampling_risk_floor": 1e-05,
    "batch_size": 512,
    "disc_phase": "generation",
    "sample_draws": 5000000,
    "random_seed": 3
  }
}