{
  "label": "regionft_a0p1-MLP-Credit-age-d5000000",
  "repeat": 0,
  "method": "regionft_a0p1",
  "model": "MLP",
  "dataset": "Credit",
  "protected": "age",
  "runtime": 7200,
  "no_disc": 817615,
  "no_test": 7125052,
  "prec": 0.11475214496680164,
  "cpu_time": 345.1019303989997,
  "real_time": 345.10542273521423,
  "partition": {
    "cpu_time": 141.76086020899993,
    "real_time": 141.76344394683838,
    "no_test": 2125052,
    "no_disc": 223084,
    "n_regions": 988
  },
  "generation": {
    "cpu_time": 203.34107018999975,
    "real_time": 203.34197878837585,
    "no_test": 5000000,
    "no_disc": 594531
  },
  "config": {
    "max_depth": 10,
    "min_samples_per_region": 1000,
    "max_samples_per_region": 3000,
    "min_gain": 0.0,
    "gini_weight_mode": "sample",
    "max_split_ratio": 1.0,
    "sampling_risk_focus_alpha": 0.1,
    "sampling_risk_floor": 1e-05,
    "batch_size": 512,
    "disc_phase": "generation",
    "sample_draws": 5000000,
    "random_seed": 0
  }
}