{
  "label": "regionft_a0p1-LogReg-Adult-sex-d5000000",
  "repeat": 3,
  "method": "regionft_a0p1",
  "model": "LogReg",
  "dataset": "Adult",
  "protected": "sex",
  "runtime": 7200,
  "no_disc": 147251,
  "no_test": 6585514,
  "prec": 0.022359834023585705,
  "cpu_time": 129.00321277199987,
  "real_time": 129.00415015220642,
  "partition": {
    "cpu_time": 65.84643355099979,
    "real_time": 65.847177028656,
    "no_test": 1585514,
    "no_disc": 89421,
    "n_regions": 767
  },
  "generation": {
    "cpu_time": 63.15677922100008,
    "real_time": 63.156973123550415,
    "no_test": 5000000,
    "no_disc": 57830
  },
  "config": {
    "max_depth": 10,
    "min_samples_per_region": 1000,
    "max_samples_per_region": 3000,
    "min_gain": 0.0,
    "gini_weight_mode": "sample",
    "max_split_ratio": 1.0,
    "sampling_risk_focus_alpha": 0.1,
    "sampling_risk_floor": 1e-05,
    "batch_size": 512,
    "disc_phase": "generation",
    "sample_draws": 5000000,
    "random_seed": 3
  }
}