{
  "label": "regionft_a0p1-MLP-Lsac-sex-d5000000",
  "repeat": 1,
  "method": "regionft_a0p1",
  "model": "MLP",
  "dataset": "Lsac",
  "protected": "sex",
  "runtime": 7200,
  "no_disc": 168879,
  "no_test": 7153056,
  "prec": 0.023609349626229684,
  "cpu_time": 191.08337239899993,
  "real_time": 191.0873157978058,
  "partition": {
    "cpu_time": 116.86121179600013,
    "real_time": 116.86450338363647,
    "no_test": 2153056,
    "no_disc": 71491,
    "n_regions": 1016
  },
  "generation": {
    "cpu_time": 74.2221606029998,
    "real_time": 74.22281241416931,
    "no_test": 5000000,
    "no_disc": 97388
  },
  "config": {
    "max_depth": 10,
    "min_samples_per_region": 1000,
    "max_samples_per_region": 3000,
    "min_gain": 0.0,
    "gini_weight_mode": "sample",
    "max_split_ratio": 1.0,
    "sampling_risk_focus_alpha": 0.1,
    "sampling_risk_floor": 1e-05,
    "batch_size": 512,
    "disc_phase": "generation",
    "sample_draws": 5000000,
    "random_seed": 1
  }
}