{
  "label": "regionft_a0p1-DecTree-Bank-age-d5000000",
  "repeat": 0,
  "method": "regionft_a0p1",
  "model": "DecTree",
  "dataset": "Bank",
  "protected": "age",
  "runtime": 7200,
  "no_disc": 2224331,
  "no_test": 6413813,
  "prec": 0.3468032198631298,
  "cpu_time": 346.859112763,
  "real_time": 346.87098574638367,
  "partition": {
    "cpu_time": 120.07181155099988,
    "real_time": 120.08166718482971,
    "no_test": 1413813,
    "no_disc": 381854,
    "n_regions": 643
  },
  "generation": {
    "cpu_time": 226.7873012120001,
    "real_time": 226.78931856155396,
    "no_test": 5000000,
    "no_disc": 1842477
  },
  "config": {
    "max_depth": 10,
    "min_samples_per_region": 1000,
    "max_samples_per_region": 3000,
    "min_gain": 0.0,
    "gini_weight_mode": "sample",
    "max_split_ratio": 1.0,
    "sampling_risk_focus_alpha": 0.1,
    "sampling_risk_floor": 1e-05,
    "batch_size": 512,
    "disc_phase": "generation",
    "sample_draws": 5000000,
    "random_seed": 0
  }
}