{
  "label": "regionft_a0p1-MLP-Lsac-race-d5000000",
  "repeat": 1,
  "method": "regionft_a0p1",
  "model": "MLP",
  "dataset": "Lsac",
  "protected": "race",
  "runtime": 7200,
  "no_disc": 385728,
  "no_test": 7126144,
  "prec": 0.05412857219837264,
  "cpu_time": 214.75872613,
  "real_time": 214.7619059085846,
  "partition": {
    "cpu_time": 123.24585726299983,
    "real_time": 123.24892044067383,
    "no_test": 2126144,
    "no_disc": 130797,
    "n_regions": 989
  },
  "generation": {
    "cpu_time": 91.51286886700018,
    "real_time": 91.51298546791077,
    "no_test": 5000000,
    "no_disc": 254931
  },
  "config": {
    "max_depth": 10,
    "min_samples_per_region": 1000,
    "max_samples_per_region": 3000,
    "min_gain": 0.0,
    "gini_weight_mode": "sample",
    "max_split_ratio": 1.0,
    "sampling_risk_focus_alpha": 0.1,
    "sampling_risk_floor": 1e-05,
    "batch_size": 512,
    "disc_phase": "generation",
    "sample_draws": 5000000,
    "random_seed": 1
  }
}