{
  "label": "regionft_a0p1-LogReg-Lsac-sex-d5000000",
  "repeat": 3,
  "method": "regionft_a0p1",
  "model": "LogReg",
  "dataset": "Lsac",
  "protected": "sex",
  "runtime": 7200,
  "no_disc": 169505,
  "no_test": 7081359,
  "prec": 0.02393678953432526,
  "cpu_time": 173.57512061099987,
  "real_time": 173.5825526714325,
  "partition": {
    "cpu_time": 109.75445958099999,
    "real_time": 109.76093769073486,
    "no_test": 2081359,
    "no_disc": 73131,
    "n_regions": 985
  },
  "generation": {
    "cpu_time": 63.82066102999988,
    "real_time": 63.82161498069763,
    "no_test": 5000000,
    "no_disc": 96374
  },
  "config": {
    "max_depth": 10,
    "min_samples_per_region": 1000,
    "max_samples_per_region": 3000,
    "min_gain": 0.0,
    "gini_weight_mode": "sample",
    "max_split_ratio": 1.0,
    "sampling_risk_focus_alpha": 0.1,
    "sampling_risk_floor": 1e-05,
    "batch_size": 512,
    "disc_phase": "generation",
    "sample_draws": 5000000,
    "random_seed": 3
  }
}