{
  "label": "regionft_a0p1-DecTree-Lsac-race-d5000000",
  "repeat": 2,
  "method": "regionft_a0p1",
  "model": "DecTree",
  "dataset": "Lsac",
  "protected": "race",
  "runtime": 7200,
  "no_disc": 753528,
  "no_test": 5982086,
  "prec": 0.12596408677508147,
  "cpu_time": 152.29653823299986,
  "real_time": 152.3001880645752,
  "partition": {
    "cpu_time": 67.43319862199996,
    "real_time": 67.43647146224976,
    "no_test": 982086,
    "no_disc": 137189,
    "n_regions": 456
  },
  "generation": {
    "cpu_time": 84.8633396109999,
    "real_time": 84.86371660232544,
    "no_test": 5000000,
    "no_disc": 616339
  },
  "config": {
    "max_depth": 10,
    "min_samples_per_region": 1000,
    "max_samples_per_region": 3000,
    "min_gain": 0.0,
    "gini_weight_mode": "sample",
    "max_split_ratio": 1.0,
    "sampling_risk_focus_alpha": 0.1,
    "sampling_risk_floor": 1e-05,
    "batch_size": 512,
    "disc_phase": "generation",
    "sample_draws": 5000000,
    "random_seed": 2
  }
}