{
  "label": "regionft_a0p1-MLP-Credit-sex-d5000000",
  "repeat": 2,
  "method": "regionft_a0p1",
  "model": "MLP",
  "dataset": "Credit",
  "protected": "sex",
  "runtime": 7200,
  "no_disc": 434599,
  "no_test": 7071481,
  "prec": 0.061457988786224556,
  "cpu_time": 173.65706064899996,
  "real_time": 173.65921783447266,
  "partition": {
    "cpu_time": 86.97141891000001,
    "real_time": 86.97310876846313,
    "no_test": 2071481,
    "no_disc": 128340,
    "n_regions": 967
  },
  "generation": {
    "cpu_time": 86.68564173899995,
    "real_time": 86.68610906600952,
    "no_test": 5000000,
    "no_disc": 306259
  },
  "config": {
    "max_depth": 10,
    "min_samples_per_region": 1000,
    "max_samples_per_region": 3000,
    "min_gain": 0.0,
    "gini_weight_mode": "sample",
    "max_split_ratio": 1.0,
    "sampling_risk_focus_alpha": 0.1,
    "sampling_risk_floor": 1e-05,
    "batch_size": 512,
    "disc_phase": "generation",
    "sample_draws": 5000000,
    "random_seed": 2
  }
}