{
  "label": "regionft_a0p1-GBDT-Bank-age-d5000000",
  "repeat": 3,
  "method": "regionft_a0p1",
  "model": "GBDT",
  "dataset": "Bank",
  "protected": "age",
  "runtime": 7200,
  "no_disc": 1984699,
  "no_test": 6963671,
  "prec": 0.28500757718163305,
  "cpu_time": 455.7175786360001,
  "real_time": 455.71543288230896,
  "partition": {
    "cpu_time": 187.34096617900013,
    "real_time": 187.3415777683258,
    "no_test": 1963671,
    "no_disc": 475215,
    "n_regions": 913
  },
  "generation": {
    "cpu_time": 268.37661245699996,
    "real_time": 268.37385511398315,
    "no_test": 5000000,
    "no_disc": 1509484
  },
  "config": {
    "max_depth": 10,
    "min_samples_per_region": 1000,
    "max_samples_per_region": 3000,
    "min_gain": 0.0,
    "gini_weight_mode": "sample",
    "max_split_ratio": 1.0,
    "sampling_risk_focus_alpha": 0.1,
    "sampling_risk_floor": 1e-05,
    "batch_size": 512,
    "disc_phase": "generation",
    "sample_draws": 5000000,
    "random_seed": 3
  }
}