{
  "label": "regionft_a0p1-MLP-Bank-age-d5000000",
  "repeat": 1,
  "method": "regionft_a0p1",
  "model": "MLP",
  "dataset": "Bank",
  "protected": "age",
  "runtime": 7200,
  "no_disc": 1132504,
  "no_test": 7096608,
  "prec": 0.15958384625443592,
  "cpu_time": 489.2492697830003,
  "real_time": 489.2522394657135,
  "partition": {
    "cpu_time": 189.5578936730003,
    "real_time": 189.56010842323303,
    "no_test": 2096608,
    "no_disc": 325324,
    "n_regions": 972
  },
  "generation": {
    "cpu_time": 299.69137610999996,
    "real_time": 299.69213104248047,
    "no_test": 5000000,
    "no_disc": 807180
  },
  "config": {
    "max_depth": 10,
    "min_samples_per_region": 1000,
    "max_samples_per_region": 3000,
    "min_gain": 0.0,
    "gini_weight_mode": "sample",
    "max_split_ratio": 1.0,
    "sampling_risk_focus_alpha": 0.1,
    "sampling_risk_floor": 1e-05,
    "batch_size": 512,
    "disc_phase": "generation",
    "sample_draws": 5000000,
    "random_seed": 1
  }
}