{
  "label": "regionft_a0p1-MLP-Lsac-sex-d5000000",
  "repeat": 4,
  "method": "regionft_a0p1",
  "model": "MLP",
  "dataset": "Lsac",
  "protected": "sex",
  "runtime": 7200,
  "no_disc": 155243,
  "no_test": 7116821,
  "prec": 0.021813531631609113,
  "cpu_time": 185.6020811860003,
  "real_time": 185.61059427261353,
  "partition": {
    "cpu_time": 113.85527309500003,
    "real_time": 113.86372065544128,
    "no_test": 2116821,
    "no_disc": 56363,
    "n_regions": 993
  },
  "generation": {
    "cpu_time": 71.74680809100028,
    "real_time": 71.74687361717224,
    "no_test": 5000000,
    "no_disc": 98880
  },
  "config": {
    "max_depth": 10,
    "min_samples_per_region": 1000,
    "max_samples_per_region": 3000,
    "min_gain": 0.0,
    "gini_weight_mode": "sample",
    "max_split_ratio": 1.0,
    "sampling_risk_focus_alpha": 0.1,
    "sampling_risk_floor": 1e-05,
    "batch_size": 512,
    "disc_phase": "generation",
    "sample_draws": 5000000,
    "random_seed": 4
  }
}