{
  "label": "regionft_a0p1-LogReg-Lsac-race-d5000000",
  "repeat": 3,
  "method": "regionft_a0p1",
  "model": "LogReg",
  "dataset": "Lsac",
  "protected": "race",
  "runtime": 7200,
  "no_disc": 540475,
  "no_test": 6993830,
  "prec": 0.07727883005449089,
  "cpu_time": 194.17230852899996,
  "real_time": 194.1755130290985,
  "partition": {
    "cpu_time": 114.12790613500005,
    "real_time": 114.13080215454102,
    "no_test": 1993830,
    "no_disc": 192893,
    "n_regions": 934
  },
  "generation": {
    "cpu_time": 80.04440239399992,
    "real_time": 80.0447108745575,
    "no_test": 5000000,
    "no_disc": 347582
  },
  "config": {
    "max_depth": 10,
    "min_samples_per_region": 1000,
    "max_samples_per_region": 3000,
    "min_gain": 0.0,
    "gini_weight_mode": "sample",
    "max_split_ratio": 1.0,
    "sampling_risk_focus_alpha": 0.1,
    "sampling_risk_floor": 1e-05,
    "batch_size": 512,
    "disc_phase": "generation",
    "sample_draws": 5000000,
    "random_seed": 3
  }
}