{
  "label": "regionft_a0p1-DecTree-Adult-race-d5000000",
  "repeat": 2,
  "method": "regionft_a0p1",
  "model": "DecTree",
  "dataset": "Adult",
  "protected": "race",
  "runtime": 7200,
  "no_disc": 116803,
  "no_test": 5583069,
  "prec": 0.020920930764065426,
  "cpu_time": 155.83848641600002,
  "real_time": 155.83774542808533,
  "partition": {
    "cpu_time": 34.113670503000094,
    "real_time": 34.11440563201904,
    "no_test": 583069,
    "no_disc": 57546,
    "n_regions": 281
  },
  "generation": {
    "cpu_time": 121.72481591299993,
    "real_time": 121.72333979606628,
    "no_test": 5000000,
    "no_disc": 59257
  },
  "config": {
    "max_depth": 10,
    "min_samples_per_region": 1000,
    "max_samples_per_region": 3000,
    "min_gain": 0.0,
    "gini_weight_mode": "sample",
    "max_split_ratio": 1.0,
    "sampling_risk_focus_alpha": 0.1,
    "sampling_risk_floor": 1e-05,
    "batch_size": 512,
    "disc_phase": "generation",
    "sample_draws": 5000000,
    "random_seed": 2
  }
}