{
  "label": "regionft_a0p1-GBDT-Adult-age-d5000000",
  "repeat": 3,
  "method": "regionft_a0p1",
  "model": "GBDT",
  "dataset": "Adult",
  "protected": "age",
  "runtime": 7200,
  "no_disc": 3164805,
  "no_test": 6964488,
  "prec": 0.4544203392984524,
  "cpu_time": 450.0006988829999,
  "real_time": 450.0079028606415,
  "partition": {
    "cpu_time": 174.68490026400002,
    "real_time": 174.69460010528564,
    "no_test": 1964488,
    "no_disc": 728203,
    "n_regions": 924
  },
  "generation": {
    "cpu_time": 275.3157986189999,
    "real_time": 275.31330275535583,
    "no_test": 5000000,
    "no_disc": 2436602
  },
  "config": {
    "max_depth": 10,
    "min_samples_per_region": 1000,
    "max_samples_per_region": 3000,
    "min_gain": 0.0,
    "gini_weight_mode": "sample",
    "max_split_ratio": 1.0,
    "sampling_risk_focus_alpha": 0.1,
    "sampling_risk_floor": 1e-05,
    "batch_size": 512,
    "disc_phase": "generation",
    "sample_draws": 5000000,
    "random_seed": 3
  }
}