{
  "label": "regionft_a0p1-MLP-Adult-age-d5000000",
  "repeat": 2,
  "method": "regionft_a0p1",
  "model": "MLP",
  "dataset": "Adult",
  "protected": "age",
  "runtime": 7200,
  "no_disc": 1701380,
  "no_test": 7172314,
  "prec": 0.23721493509626043,
  "cpu_time": 513.8692457029999,
  "real_time": 513.8809101581573,
  "partition": {
    "cpu_time": 194.969837795,
    "real_time": 194.97851991653442,
    "no_test": 2172314,
    "no_disc": 647224,
    "n_regions": 1014
  },
  "generation": {
    "cpu_time": 318.89940790799994,
    "real_time": 318.9023902416229,
    "no_test": 5000000,
    "no_disc": 1054156
  },
  "config": {
    "max_depth": 10,
    "min_samples_per_region": 1000,
    "max_samples_per_region": 3000,
    "min_gain": 0.0,
    "gini_weight_mode": "sample",
    "max_split_ratio": 1.0,
    "sampling_risk_focus_alpha": 0.1,
    "sampling_risk_floor": 1e-05,
    "batch_size": 512,
    "disc_phase": "generation",
    "sample_draws": 5000000,
    "random_seed": 2
  }
}