{
  "label": "regionft_a0p1-MLP-Lsac-sex-d5000000",
  "repeat": 2,
  "method": "regionft_a0p1",
  "model": "MLP",
  "dataset": "Lsac",
  "protected": "sex",
  "runtime": 7200,
  "no_disc": 144790,
  "no_test": 6915556,
  "prec": 0.02093685598092185,
  "cpu_time": 175.65900004500008,
  "real_time": 175.66030859947205,
  "partition": {
    "cpu_time": 103.47864708499992,
    "real_time": 103.4796257019043,
    "no_test": 1915556,
    "no_disc": 46867,
    "n_regions": 907
  },
  "generation": {
    "cpu_time": 72.18035296000016,
    "real_time": 72.18068289756775,
    "no_test": 5000000,
    "no_disc": 97923
  },
  "config": {
    "max_depth": 10,
    "min_samples_per_region": 1000,
    "max_samples_per_region": 3000,
    "min_gain": 0.0,
    "gini_weight_mode": "sample",
    "max_split_ratio": 1.0,
    "sampling_risk_focus_alpha": 0.1,
    "sampling_risk_floor": 1e-05,
    "batch_size": 512,
    "disc_phase": "generation",
    "sample_draws": 5000000,
    "random_seed": 2
  }
}