{
  "label": "regionft_a0p1-GBDT-Credit-age-d5000000",
  "repeat": 4,
  "method": "regionft_a0p1",
  "model": "GBDT",
  "dataset": "Credit",
  "protected": "age",
  "runtime": 7200,
  "no_disc": 1122420,
  "no_test": 7154123,
  "prec": 0.15689134782837813,
  "cpu_time": 388.22985676400003,
  "real_time": 388.23352313041687,
  "partition": {
    "cpu_time": 167.61942008899996,
    "real_time": 167.62224221229553,
    "no_test": 2154123,
    "no_disc": 364743,
    "n_regions": 997
  },
  "generation": {
    "cpu_time": 220.61043667500007,
    "real_time": 220.61128091812134,
    "no_test": 5000000,
    "no_disc": 757677
  },
  "config": {
    "max_depth": 10,
    "min_samples_per_region": 1000,
    "max_samples_per_region": 3000,
    "min_gain": 0.0,
    "gini_weight_mode": "sample",
    "max_split_ratio": 1.0,
    "sampling_risk_focus_alpha": 0.1,
    "sampling_risk_floor": 1e-05,
    "batch_size": 512,
    "disc_phase": "generation",
    "sample_draws": 5000000,
    "random_seed": 4
  }
}