{
  "label": "regionft_a0p1-LogReg-Adult-sex-d5000000",
  "repeat": 1,
  "method": "regionft_a0p1",
  "model": "LogReg",
  "dataset": "Adult",
  "protected": "sex",
  "runtime": 7200,
  "no_disc": 111390,
  "no_test": 6047497,
  "prec": 0.01841919061720907,
  "cpu_time": 105.19880727600003,
  "real_time": 105.20062065124512,
  "partition": {
    "cpu_time": 43.12748370899999,
    "real_time": 43.1292290687561,
    "no_test": 1047497,
    "no_disc": 54529,
    "n_regions": 504
  },
  "generation": {
    "cpu_time": 62.071323567000036,
    "real_time": 62.071391582489014,
    "no_test": 5000000,
    "no_disc": 56861
  },
  "config": {
    "max_depth": 10,
    "min_samples_per_region": 1000,
    "max_samples_per_region": 3000,
    "min_gain": 0.0,
    "gini_weight_mode": "sample",
    "max_split_ratio": 1.0,
    "sampling_risk_focus_alpha": 0.1,
    "sampling_risk_floor": 1e-05,
    "batch_size": 512,
    "disc_phase": "generation",
    "sample_draws": 5000000,
    "random_seed": 1
  }
}