{
  "label": "regionft_a0p1-GBDT-Adult-race-d5000000",
  "repeat": 4,
  "method": "regionft_a0p1",
  "model": "GBDT",
  "dataset": "Adult",
  "protected": "race",
  "runtime": 7200,
  "no_disc": 139092,
  "no_test": 6733561,
  "prec": 0.020656529286658277,
  "cpu_time": 251.84226602399997,
  "real_time": 251.84277844429016,
  "partition": {
    "cpu_time": 106.73571337999999,
    "real_time": 106.73709726333618,
    "no_test": 1733561,
    "no_disc": 85759,
    "n_regions": 833
  },
  "generation": {
    "cpu_time": 145.10655264399998,
    "real_time": 145.10568118095398,
    "no_test": 5000000,
    "no_disc": 53333
  },
  "config": {
    "max_depth": 10,
    "min_samples_per_region": 1000,
    "max_samples_per_region": 3000,
    "min_gain": 0.0,
    "gini_weight_mode": "sample",
    "max_split_ratio": 1.0,
    "sampling_risk_focus_alpha": 0.1,
    "sampling_risk_floor": 1e-05,
    "batch_size": 512,
    "disc_phase": "generation",
    "sample_draws": 5000000,
    "random_seed": 4
  }
}