{
  "label": "regionft_a0p1-LogReg-Credit-sex-d5000000",
  "repeat": 0,
  "method": "regionft_a0p1",
  "model": "LogReg",
  "dataset": "Credit",
  "protected": "sex",
  "runtime": 7200,
  "no_disc": 425499,
  "no_test": 7154909,
  "prec": 0.05946951945859828,
  "cpu_time": 168.63014399199983,
  "real_time": 168.6360068321228,
  "partition": {
    "cpu_time": 92.02216117700004,
    "real_time": 92.02749109268188,
    "no_test": 2154909,
    "no_disc": 123993,
    "n_regions": 1002
  },
  "generation": {
    "cpu_time": 76.60798281499979,
    "real_time": 76.60851573944092,
    "no_test": 5000000,
    "no_disc": 301506
  },
  "config": {
    "max_depth": 10,
    "min_samples_per_region": 1000,
    "max_samples_per_region": 3000,
    "min_gain": 0.0,
    "gini_weight_mode": "sample",
    "max_split_ratio": 1.0,
    "sampling_risk_focus_alpha": 0.1,
    "sampling_risk_floor": 1e-05,
    "batch_size": 512,
    "disc_phase": "generation",
    "sample_draws": 5000000,
    "random_seed": 0
  }
}