{
  "label": "regionft_a0p1-GBDT-Lsac-race-d5000000",
  "repeat": 4,
  "method": "regionft_a0p1",
  "model": "GBDT",
  "dataset": "Lsac",
  "protected": "race",
  "runtime": 7200,
  "no_disc": 789536,
  "no_test": 7127326,
  "prec": 0.11077590670049328,
  "cpu_time": 241.6948490230002,
  "real_time": 241.70385551452637,
  "partition": {
    "cpu_time": 139.11697000699996,
    "real_time": 139.12569499015808,
    "no_test": 2127326,
    "no_disc": 278297,
    "n_regions": 988
  },
  "generation": {
    "cpu_time": 102.57787901600022,
    "real_time": 102.57816052436829,
    "no_test": 5000000,
    "no_disc": 511239
  },
  "config": {
    "max_depth": 10,
    "min_samples_per_region": 1000,
    "max_samples_per_region": 3000,
    "min_gain": 0.0,
    "gini_weight_mode": "sample",
    "max_split_ratio": 1.0,
    "sampling_risk_focus_alpha": 0.1,
    "sampling_risk_floor": 1e-05,
    "batch_size": 512,
    "disc_phase": "generation",
    "sample_draws": 5000000,
    "random_seed": 4
  }
}