{
  "label": "regionft_a0p1-LogReg-Adult-age-d5000000",
  "repeat": 3,
  "method": "regionft_a0p1",
  "model": "LogReg",
  "dataset": "Adult",
  "protected": "age",
  "runtime": 7200,
  "no_disc": 1062703,
  "no_test": 6941069,
  "prec": 0.1531036501726175,
  "cpu_time": 359.27546482599973,
  "real_time": 359.2800703048706,
  "partition": {
    "cpu_time": 142.19354223699975,
    "real_time": 142.19592237472534,
    "no_test": 1941069,
    "no_disc": 547826,
    "n_regions": 934
  },
  "generation": {
    "cpu_time": 217.081922589,
    "real_time": 217.08414793014526,
    "no_test": 5000000,
    "no_disc": 514877
  },
  "config": {
    "max_depth": 10,
    "min_samples_per_region": 1000,
    "max_samples_per_region": 3000,
    "min_gain": 0.0,
    "gini_weight_mode": "sample",
    "max_split_ratio": 1.0,
    "sampling_risk_focus_alpha": 0.1,
    "sampling_risk_floor": 1e-05,
    "batch_size": 512,
    "disc_phase": "generation",
    "sample_draws": 5000000,
    "random_seed": 3
  }
}