{
  "label": "regionft_a0p1-LogReg-Lsac-race-d5000000",
  "repeat": 1,
  "method": "regionft_a0p1",
  "model": "LogReg",
  "dataset": "Lsac",
  "protected": "race",
  "runtime": 7200,
  "no_disc": 536140,
  "no_test": 7081041,
  "prec": 0.07571485605012031,
  "cpu_time": 196.57794307300003,
  "real_time": 196.58122730255127,
  "partition": {
    "cpu_time": 116.86972207299993,
    "real_time": 116.87265634536743,
    "no_test": 2081041,
    "no_disc": 225281,
    "n_regions": 983
  },
  "generation": {
    "cpu_time": 79.7082210000001,
    "real_time": 79.70857095718384,
    "no_test": 5000000,
    "no_disc": 310859
  },
  "config": {
    "max_depth": 10,
    "min_samples_per_region": 1000,
    "max_samples_per_region": 3000,
    "min_gain": 0.0,
    "gini_weight_mode": "sample",
    "max_split_ratio": 1.0,
    "sampling_risk_focus_alpha": 0.1,
    "sampling_risk_floor": 1e-05,
    "batch_size": 512,
    "disc_phase": "generation",
    "sample_draws": 5000000,
    "random_seed": 1
  }
}