{
  "label": "regionft_a0p1-MLP-Bank-age-d5000000",
  "repeat": 0,
  "method": "regionft_a0p1",
  "model": "MLP",
  "dataset": "Bank",
  "protected": "age",
  "runtime": 7200,
  "no_disc": 1163924,
  "no_test": 7161542,
  "prec": 0.16252421615344853,
  "cpu_time": 493.38057537099985,
  "real_time": 493.3925986289978,
  "partition": {
    "cpu_time": 195.28078496199987,
    "real_time": 195.29107761383057,
    "no_test": 2161542,
    "no_disc": 376031,
    "n_regions": 1002
  },
  "generation": {
    "cpu_time": 298.099790409,
    "real_time": 298.10152101516724,
    "no_test": 5000000,
    "no_disc": 787893
  },
  "config": {
    "max_depth": 10,
    "min_samples_per_region": 1000,
    "max_samples_per_region": 3000,
    "min_gain": 0.0,
    "gini_weight_mode": "sample",
    "max_split_ratio": 1.0,
    "sampling_risk_focus_alpha": 0.1,
    "sampling_risk_floor": 1e-05,
    "batch_size": 512,
    "disc_phase": "generation",
    "sample_draws": 5000000,
    "random_seed": 0
  }
}