{
  "label": "regionft_a0p1-DecTree-Lsac-sex-d5000000",
  "repeat": 4,
  "method": "regionft_a0p1",
  "model": "DecTree",
  "dataset": "Lsac",
  "protected": "sex",
  "runtime": 7200,
  "no_disc": 897534,
  "no_test": 6473023,
  "prec": 0.13865762565651318,
  "cpu_time": 161.0044885540001,
  "real_time": 161.00940918922424,
  "partition": {
    "cpu_time": 89.71024609400001,
    "real_time": 89.71470546722412,
    "no_test": 1473023,
    "no_disc": 206987,
    "n_regions": 684
  },
  "generation": {
    "cpu_time": 71.29424246000008,
    "real_time": 71.29470372200012,
    "no_test": 5000000,
    "no_disc": 690547
  },
  "config": {
    "max_depth": 10,
    "min_samples_per_region": 1000,
    "max_samples_per_region": 3000,
    "min_gain": 0.0,
    "gini_weight_mode": "sample",
    "max_split_ratio": 1.0,
    "sampling_risk_focus_alpha": 0.1,
    "sampling_risk_floor": 1e-05,
    "batch_size": 512,
    "disc_phase": "generation",
    "sample_draws": 5000000,
    "random_seed": 4
  }
}