{
  "label": "regionft_a0p1-LogReg-Adult-sex-d5000000",
  "repeat": 0,
  "method": "regionft_a0p1",
  "model": "LogReg",
  "dataset": "Adult",
  "protected": "sex",
  "runtime": 7200,
  "no_disc": 135729,
  "no_test": 6491017,
  "prec": 0.020910282625973713,
  "cpu_time": 125.16569407299994,
  "real_time": 125.16769003868103,
  "partition": {
    "cpu_time": 62.07725393299961,
    "real_time": 62.07907795906067,
    "no_test": 1491017,
    "no_disc": 74925,
    "n_regions": 716
  },
  "generation": {
    "cpu_time": 63.08844014000033,
    "real_time": 63.08861207962036,
    "no_test": 5000000,
    "no_disc": 60804
  },
  "config": {
    "max_depth": 10,
    "min_samples_per_region": 1000,
    "max_samples_per_region": 3000,
    "min_gain": 0.0,
    "gini_weight_mode": "sample",
    "max_split_ratio": 1.0,
    "sampling_risk_focus_alpha": 0.1,
    "sampling_risk_floor": 1e-05,
    "batch_size": 512,
    "disc_phase": "generation",
    "sample_draws": 5000000,
    "random_seed": 0
  }
}