{
  "label": "regionft_a0p1-LogReg-Lsac-sex-d5000000",
  "repeat": 1,
  "method": "regionft_a0p1",
  "model": "LogReg",
  "dataset": "Lsac",
  "protected": "sex",
  "runtime": 7200,
  "no_disc": 146374,
  "no_test": 6757456,
  "prec": 0.02166111033501365,
  "cpu_time": 156.13667662199987,
  "real_time": 156.14042854309082,
  "partition": {
    "cpu_time": 92.61729845899981,
    "real_time": 92.62094235420227,
    "no_test": 1757456,
    "no_disc": 53613,
    "n_regions": 835
  },
  "generation": {
    "cpu_time": 63.519378163000056,
    "real_time": 63.51948618888855,
    "no_test": 5000000,
    "no_disc": 92761
  },
  "config": {
    "max_depth": 10,
    "min_samples_per_region": 1000,
    "max_samples_per_region": 3000,
    "min_gain": 0.0,
    "gini_weight_mode": "sample",
    "max_split_ratio": 1.0,
    "sampling_risk_focus_alpha": 0.1,
    "sampling_risk_floor": 1e-05,
    "batch_size": 512,
    "disc_phase": "generation",
    "sample_draws": 5000000,
    "random_seed": 1
  }
}