{
  "label": "regionft_a0p1-DecTree-Lsac-race-d5000000",
  "repeat": 0,
  "method": "regionft_a0p1",
  "model": "DecTree",
  "dataset": "Lsac",
  "protected": "race",
  "runtime": 7200,
  "no_disc": 735337,
  "no_test": 5764248,
  "prec": 0.12756859177467728,
  "cpu_time": 136.70924957499983,
  "real_time": 136.71388244628906,
  "partition": {
    "cpu_time": 53.15135907900003,
    "real_time": 53.15365433692932,
    "no_test": 764248,
    "no_disc": 112578,
    "n_regions": 348
  },
  "generation": {
    "cpu_time": 83.5578904959998,
    "real_time": 83.56022810935974,
    "no_test": 5000000,
    "no_disc": 622759
  },
  "config": {
    "max_depth": 10,
    "min_samples_per_region": 1000,
    "max_samples_per_region": 3000,
    "min_gain": 0.0,
    "gini_weight_mode": "sample",
    "max_split_ratio": 1.0,
    "sampling_risk_focus_alpha": 0.1,
    "sampling_risk_floor": 1e-05,
    "batch_size": 512,
    "disc_phase": "generation",
    "sample_draws": 5000000,
    "random_seed": 0
  }
}