{
  "label": "regionft_a0p1-LogReg-Credit-sex-d5000000",
  "repeat": 2,
  "method": "regionft_a0p1",
  "model": "LogReg",
  "dataset": "Credit",
  "protected": "sex",
  "runtime": 7200,
  "no_disc": 434141,
  "no_test": 7193699,
  "prec": 0.06035017589698985,
  "cpu_time": 173.37122104399987,
  "real_time": 173.37504982948303,
  "partition": {
    "cpu_time": 96.7426019149998,
    "real_time": 96.74590063095093,
    "no_test": 2193699,
    "no_disc": 140467,
    "n_regions": 1013
  },
  "generation": {
    "cpu_time": 76.62861912900007,
    "real_time": 76.6291491985321,
    "no_test": 5000000,
    "no_disc": 293674
  },
  "config": {
    "max_depth": 10,
    "min_samples_per_region": 1000,
    "max_samples_per_region": 3000,
    "min_gain": 0.0,
    "gini_weight_mode": "sample",
    "max_split_ratio": 1.0,
    "sampling_risk_focus_alpha": 0.1,
    "sampling_risk_floor": 1e-05,
    "batch_size": 512,
    "disc_phase": "generation",
    "sample_draws": 5000000,
    "random_seed": 2
  }
}