{
  "label": "regionft_a0p1-LogReg-Lsac-sex-d5000000",
  "repeat": 0,
  "method": "regionft_a0p1",
  "model": "LogReg",
  "dataset": "Lsac",
  "protected": "sex",
  "runtime": 7200,
  "no_disc": 160696,
  "no_test": 7012830,
  "prec": 0.02291457229107222,
  "cpu_time": 167.27481230600006,
  "real_time": 167.2779357433319,
  "partition": {
    "cpu_time": 104.40708734999998,
    "real_time": 104.41008257865906,
    "no_test": 2012830,
    "no_disc": 70061,
    "n_regions": 950
  },
  "generation": {
    "cpu_time": 62.867724956000075,
    "real_time": 62.86785316467285,
    "no_test": 5000000,
    "no_disc": 90635
  },
  "config": {
    "max_depth": 10,
    "min_samples_per_region": 1000,
    "max_samples_per_region": 3000,
    "min_gain": 0.0,
    "gini_weight_mode": "sample",
    "max_split_ratio": 1.0,
    "sampling_risk_focus_alpha": 0.1,
    "sampling_risk_floor": 1e-05,
    "batch_size": 512,
    "disc_phase": "generation",
    "sample_draws": 5000000,
    "random_seed": 0
  }
}