{
  "label": "regionft_a0p1-DecTree-Lsac-race-d5000000",
  "repeat": 1,
  "method": "regionft_a0p1",
  "model": "DecTree",
  "dataset": "Lsac",
  "protected": "race",
  "runtime": 7200,
  "no_disc": 791029,
  "no_test": 5999669,
  "prec": 0.1318454401401144,
  "cpu_time": 151.31257364700014,
  "real_time": 151.31711101531982,
  "partition": {
    "cpu_time": 67.8401116770001,
    "real_time": 67.84305739402771,
    "no_test": 999669,
    "no_disc": 156034,
    "n_regions": 463
  },
  "generation": {
    "cpu_time": 83.47246197000004,
    "real_time": 83.47405362129211,
    "no_test": 5000000,
    "no_disc": 634995
  },
  "config": {
    "max_depth": 10,
    "min_samples_per_region": 1000,
    "max_samples_per_region": 3000,
    "min_gain": 0.0,
    "gini_weight_mode": "sample",
    "max_split_ratio": 1.0,
    "sampling_risk_focus_alpha": 0.1,
    "sampling_risk_floor": 1e-05,
    "batch_size": 512,
    "disc_phase": "generation",
    "sample_draws": 5000000,
    "random_seed": 1
  }
}