{
  "label": "regionft_a0p1-LogReg-Lsac-race-d5000000",
  "repeat": 4,
  "method": "regionft_a0p1",
  "model": "LogReg",
  "dataset": "Lsac",
  "protected": "race",
  "runtime": 7200,
  "no_disc": 549297,
  "no_test": 7040396,
  "prec": 0.07802075337807703,
  "cpu_time": 199.793700654,
  "real_time": 199.80074071884155,
  "partition": {
    "cpu_time": 117.78663525599998,
    "real_time": 117.79115653038025,
    "no_test": 2040396,
    "no_disc": 211902,
    "n_regions": 958
  },
  "generation": {
    "cpu_time": 82.00706539800001,
    "real_time": 82.0095841884613,
    "no_test": 5000000,
    "no_disc": 337395
  },
  "config": {
    "max_depth": 10,
    "min_samples_per_region": 1000,
    "max_samples_per_region": 3000,
    "min_gain": 0.0,
    "gini_weight_mode": "sample",
    "max_split_ratio": 1.0,
    "sampling_risk_focus_alpha": 0.1,
    "sampling_risk_floor": 1e-05,
    "batch_size": 512,
    "disc_phase": "generation",
    "sample_draws": 5000000,
    "random_seed": 4
  }
}