{
  "label": "regionft_a0p1-LogReg-Adult-sex-d5000000",
  "repeat": 2,
  "method": "regionft_a0p1",
  "model": "LogReg",
  "dataset": "Adult",
  "protected": "sex",
  "runtime": 7200,
  "no_disc": 147633,
  "no_test": 6816861,
  "prec": 0.02165703540089786,
  "cpu_time": 141.12184628900013,
  "real_time": 141.13369965553284,
  "partition": {
    "cpu_time": 76.9036227040001,
    "real_time": 76.91401672363281,
    "no_test": 1816861,
    "no_disc": 88977,
    "n_regions": 876
  },
  "generation": {
    "cpu_time": 64.21822358500003,
    "real_time": 64.21968293190002,
    "no_test": 5000000,
    "no_disc": 58656
  },
  "config": {
    "max_depth": 10,
    "min_samples_per_region": 1000,
    "max_samples_per_region": 3000,
    "min_gain": 0.0,
    "gini_weight_mode": "sample",
    "max_split_ratio": 1.0,
    "sampling_risk_focus_alpha": 0.1,
    "sampling_risk_floor": 1e-05,
    "batch_size": 512,
    "disc_phase": "generation",
    "sample_draws": 5000000,
    "random_seed": 2
  }
}