{
  "label": "regionft_a0p1-DecTree-Adult-age-d5000000",
  "repeat": 2,
  "method": "regionft_a0p1",
  "model": "DecTree",
  "dataset": "Adult",
  "protected": "age",
  "runtime": 7200,
  "no_disc": 4068517,
  "no_test": 5297321,
  "prec": 0.768032935893445,
  "cpu_time": 267.0576533899999,
  "real_time": 267.0645101070404,
  "partition": {
    "cpu_time": 24.42545347099997,
    "real_time": 24.431504726409912,
    "no_test": 297321,
    "no_disc": 117938,
    "n_regions": 132
  },
  "generation": {
    "cpu_time": 242.63219991899996,
    "real_time": 242.6330053806305,
    "no_test": 5000000,
    "no_disc": 3950579
  },
  "config": {
    "max_depth": 10,
    "min_samples_per_region": 1000,
    "max_samples_per_region": 3000,
    "min_gain": 0.0,
    "gini_weight_mode": "sample",
    "max_split_ratio": 1.0,
    "sampling_risk_focus_alpha": 0.1,
    "sampling_risk_floor": 1e-05,
    "batch_size": 512,
    "disc_phase": "generation",
    "sample_draws": 5000000,
    "random_seed": 2
  }
}