{
  "label": "regionft_a0p1-MLP-Adult-race-d5000000",
  "repeat": 3,
  "method": "regionft_a0p1",
  "model": "MLP",
  "dataset": "Adult",
  "protected": "race",
  "runtime": 7200,
  "no_disc": 344098,
  "no_test": 7116207,
  "prec": 0.04835413022695939,
  "cpu_time": 313.1405737309997,
  "real_time": 313.14169478416443,
  "partition": {
    "cpu_time": 133.7436485229996,
    "real_time": 133.7440710067749,
    "no_test": 2116207,
    "no_disc": 169213,
    "n_regions": 1002
  },
  "generation": {
    "cpu_time": 179.39692520800008,
    "real_time": 179.39762377738953,
    "no_test": 5000000,
    "no_disc": 174885
  },
  "config": {
    "max_depth": 10,
    "min_samples_per_region": 1000,
    "max_samples_per_region": 3000,
    "min_gain": 0.0,
    "gini_weight_mode": "sample",
    "max_split_ratio": 1.0,
    "sampling_risk_focus_alpha": 0.1,
    "sampling_risk_floor": 1e-05,
    "batch_size": 512,
    "disc_phase": "generation",
    "sample_draws": 5000000,
    "random_seed": 3
  }
}