{
  "label": "regionft_a0p1-DecTree-Bank-age-d5000000",
  "repeat": 1,
  "method": "regionft_a0p1",
  "model": "DecTree",
  "dataset": "Bank",
  "protected": "age",
  "runtime": 7200,
  "no_disc": 2098787,
  "no_test": 6274598,
  "prec": 0.33448947645729654,
  "cpu_time": 331.55012072299996,
  "real_time": 331.56065607070923,
  "partition": {
    "cpu_time": 106.35721095400004,
    "real_time": 106.3665246963501,
    "no_test": 1274598,
    "no_disc": 340635,
    "n_regions": 578
  },
  "generation": {
    "cpu_time": 225.19290976899993,
    "real_time": 225.19413137435913,
    "no_test": 5000000,
    "no_disc": 1758152
  },
  "config": {
    "max_depth": 10,
    "min_samples_per_region": 1000,
    "max_samples_per_region": 3000,
    "min_gain": 0.0,
    "gini_weight_mode": "sample",
    "max_split_ratio": 1.0,
    "sampling_risk_focus_alpha": 0.1,
    "sampling_risk_floor": 1e-05,
    "batch_size": 512,
    "disc_phase": "generation",
    "sample_draws": 5000000,
    "random_seed": 1
  }
}