{
  "label": "regionft_a0p1-MLP-Credit-age-d5000000",
  "repeat": 4,
  "method": "regionft_a0p1",
  "model": "MLP",
  "dataset": "Credit",
  "protected": "age",
  "runtime": 7200,
  "no_disc": 870968,
  "no_test": 7193464,
  "prec": 0.12107768941361213,
  "cpu_time": 342.7122344630002,
  "real_time": 342.7648539543152,
  "partition": {
    "cpu_time": 147.11634955400018,
    "real_time": 147.1542637348175,
    "no_test": 2193464,
    "no_disc": 279041,
    "n_regions": 1020
  },
  "generation": {
    "cpu_time": 195.595884909,
    "real_time": 195.61059021949768,
    "no_test": 5000000,
    "no_disc": 591927
  },
  "config": {
    "max_depth": 10,
    "min_samples_per_region": 1000,
    "max_samples_per_region": 3000,
    "min_gain": 0.0,
    "gini_weight_mode": "sample",
    "max_split_ratio": 1.0,
    "sampling_risk_focus_alpha": 0.1,
    "sampling_risk_floor": 1e-05,
    "batch_size": 512,
    "disc_phase": "generation",
    "sample_draws": 5000000,
    "random_seed": 4
  }
}