{
  "label": "regionft_a0p1-MLP-Adult-race-d5000000",
  "repeat": 4,
  "method": "regionft_a0p1",
  "model": "MLP",
  "dataset": "Adult",
  "protected": "race",
  "runtime": 7200,
  "no_disc": 374054,
  "no_test": 7121526,
  "prec": 0.052524416817406834,
  "cpu_time": 320.25879549499996,
  "real_time": 320.2692868709564,
  "partition": {
    "cpu_time": 137.616096792,
    "real_time": 137.6253364086151,
    "no_test": 2121526,
    "no_disc": 199872,
    "n_regions": 1005
  },
  "generation": {
    "cpu_time": 182.64269870299995,
    "real_time": 182.6439504623413,
    "no_test": 5000000,
    "no_disc": 174182
  },
  "config": {
    "max_depth": 10,
    "min_samples_per_region": 1000,
    "max_samples_per_region": 3000,
    "min_gain": 0.0,
    "gini_weight_mode": "sample",
    "max_split_ratio": 1.0,
    "sampling_risk_focus_alpha": 0.1,
    "sampling_risk_floor": 1e-05,
    "batch_size": 512,
    "disc_phase": "generation",
    "sample_draws": 5000000,
    "random_seed": 4
  }
}