{
  "label": "regionft_a0p1-LogReg-Adult-race-d5000000",
  "repeat": 2,
  "method": "regionft_a0p1",
  "model": "LogReg",
  "dataset": "Adult",
  "protected": "race",
  "runtime": 7200,
  "no_disc": 135528,
  "no_test": 6035149,
  "prec": 0.022456446394281234,
  "cpu_time": 175.69510714100034,
  "real_time": 175.69922614097595,
  "partition": {
    "cpu_time": 56.954271742999936,
    "real_time": 56.95644807815552,
    "no_test": 1035149,
    "no_disc": 63192,
    "n_regions": 495
  },
  "generation": {
    "cpu_time": 118.7408353980004,
    "real_time": 118.74277806282043,
    "no_test": 5000000,
    "no_disc": 72336
  },
  "config": {
    "max_depth": 10,
    "min_samples_per_region": 1000,
    "max_samples_per_region": 3000,
    "min_gain": 0.0,
    "gini_weight_mode": "sample",
    "max_split_ratio": 1.0,
    "sampling_risk_focus_alpha": 0.1,
    "sampling_risk_floor": 1e-05,
    "batch_size": 512,
    "disc_phase": "generation",
    "sample_draws": 5000000,
    "random_seed": 2
  }
}