{
  "label": "regionft_a0p1-DecTree-Adult-race-d5000000",
  "repeat": 3,
  "method": "regionft_a0p1",
  "model": "DecTree",
  "dataset": "Adult",
  "protected": "race",
  "runtime": 7200,
  "no_disc": 140367,
  "no_test": 5741170,
  "prec": 0.02444919763741537,
  "cpu_time": 161.79586701100004,
  "real_time": 161.7988772392273,
  "partition": {
    "cpu_time": 43.121809649000056,
    "real_time": 43.12551808357239,
    "no_test": 741170,
    "no_disc": 80043,
    "n_regions": 356
  },
  "generation": {
    "cpu_time": 118.67405736199999,
    "real_time": 118.67335915565491,
    "no_test": 5000000,
    "no_disc": 60324
  },
  "config": {
    "max_depth": 10,
    "min_samples_per_region": 1000,
    "max_samples_per_region": 3000,
    "min_gain": 0.0,
    "gini_weight_mode": "sample",
    "max_split_ratio": 1.0,
    "sampling_risk_focus_alpha": 0.1,
    "sampling_risk_floor": 1e-05,
    "batch_size": 512,
    "disc_phase": "generation",
    "sample_draws": 5000000,
    "random_seed": 3
  }
}