{
  "label": "regionft_a0p1-MLP-Lsac-race-d5000000",
  "repeat": 4,
  "method": "regionft_a0p1",
  "model": "MLP",
  "dataset": "Lsac",
  "protected": "race",
  "runtime": 7200,
  "no_disc": 388344,
  "no_test": 7161918,
  "prec": 0.05422346360290637,
  "cpu_time": 220.33757483199997,
  "real_time": 220.34236454963684,
  "partition": {
    "cpu_time": 126.48350413800017,
    "real_time": 126.4873559474945,
    "no_test": 2161918,
    "no_disc": 130198,
    "n_regions": 1006
  },
  "generation": {
    "cpu_time": 93.8540706939998,
    "real_time": 93.85500860214233,
    "no_test": 5000000,
    "no_disc": 258146
  },
  "config": {
    "max_depth": 10,
    "min_samples_per_region": 1000,
    "max_samples_per_region": 3000,
    "min_gain": 0.0,
    "gini_weight_mode": "sample",
    "max_split_ratio": 1.0,
    "sampling_risk_focus_alpha": 0.1,
    "sampling_risk_floor": 1e-05,
    "batch_size": 512,
    "disc_phase": "generation",
    "sample_draws": 5000000,
    "random_seed": 4
  }
}