{
  "label": "regionft_a0p1-MLP-Lsac-sex-d5000000",
  "repeat": 3,
  "method": "regionft_a0p1",
  "model": "MLP",
  "dataset": "Lsac",
  "protected": "sex",
  "runtime": 7200,
  "no_disc": 171616,
  "no_test": 7089251,
  "prec": 0.02420791702818817,
  "cpu_time": 179.854517536,
  "real_time": 179.86730289459229,
  "partition": {
    "cpu_time": 109.84637004800015,
    "real_time": 109.85685276985168,
    "no_test": 2089251,
    "no_disc": 69876,
    "n_regions": 981
  },
  "generation": {
    "cpu_time": 70.00814748799985,
    "real_time": 70.0104501247406,
    "no_test": 5000000,
    "no_disc": 101740
  },
  "config": {
    "max_depth": 10,
    "min_samples_per_region": 1000,
    "max_samples_per_region": 3000,
    "min_gain": 0.0,
    "gini_weight_mode": "sample",
    "max_split_ratio": 1.0,
    "sampling_risk_focus_alpha": 0.1,
    "sampling_risk_floor": 1e-05,
    "batch_size": 512,
    "disc_phase": "generation",
    "sample_draws": 5000000,
    "random_seed": 3
  }
}