{
  "label": "regionft_a0p1-MLP-Adult-race-d5000000",
  "repeat": 2,
  "method": "regionft_a0p1",
  "model": "MLP",
  "dataset": "Adult",
  "protected": "race",
  "runtime": 7200,
  "no_disc": 331178,
  "no_test": 7084018,
  "prec": 0.04675002237430791,
  "cpu_time": 311.17808087000003,
  "real_time": 311.18072056770325,
  "partition": {
    "cpu_time": 130.85805599700006,
    "real_time": 130.86024284362793,
    "no_test": 2084018,
    "no_disc": 158058,
    "n_regions": 984
  },
  "generation": {
    "cpu_time": 180.32002487299997,
    "real_time": 180.32047772407532,
    "no_test": 5000000,
    "no_disc": 173120
  },
  "config": {
    "max_depth": 10,
    "min_samples_per_region": 1000,
    "max_samples_per_region": 3000,
    "min_gain": 0.0,
    "gini_weight_mode": "sample",
    "max_split_ratio": 1.0,
    "sampling_risk_focus_alpha": 0.1,
    "sampling_risk_floor": 1e-05,
    "batch_size": 512,
    "disc_phase": "generation",
    "sample_draws": 5000000,
    "random_seed": 2
  }
}