{
  "label": "regionft_a0p1-GBDT-Bank-age-d5000000",
  "repeat": 2,
  "method": "regionft_a0p1",
  "model": "GBDT",
  "dataset": "Bank",
  "protected": "age",
  "runtime": 7200,
  "no_disc": 1927410,
  "no_test": 7003751,
  "prec": 0.27519681953284747,
  "cpu_time": 457.22297128799994,
  "real_time": 457.24342489242554,
  "partition": {
    "cpu_time": 188.91140273099995,
    "real_time": 188.93410420417786,
    "no_test": 2003751,
    "no_disc": 454170,
    "n_regions": 933
  },
  "generation": {
    "cpu_time": 268.311568557,
    "real_time": 268.3093206882477,
    "no_test": 5000000,
    "no_disc": 1473240
  },
  "config": {
    "max_depth": 10,
    "min_samples_per_region": 1000,
    "max_samples_per_region": 3000,
    "min_gain": 0.0,
    "gini_weight_mode": "sample",
    "max_split_ratio": 1.0,
    "sampling_risk_focus_alpha": 0.1,
    "sampling_risk_floor": 1e-05,
    "batch_size": 512,
    "disc_phase": "generation",
    "sample_draws": 5000000,
    "random_seed": 2
  }
}