{
  "label": "regionft_a0p1-MLP-Bank-age-d5000000",
  "repeat": 3,
  "method": "regionft_a0p1",
  "model": "MLP",
  "dataset": "Bank",
  "protected": "age",
  "runtime": 7200,
  "no_disc": 1175138,
  "no_test": 7191719,
  "prec": 0.1634015455831909,
  "cpu_time": 487.85869496600003,
  "real_time": 487.8811891078949,
  "partition": {
    "cpu_time": 193.92682184399996,
    "real_time": 193.94673466682434,
    "no_test": 2191719,
    "no_disc": 380194,
    "n_regions": 1016
  },
  "generation": {
    "cpu_time": 293.93187312200007,
    "real_time": 293.93445444107056,
    "no_test": 5000000,
    "no_disc": 794944
  },
  "config": {
    "max_depth": 10,
    "min_samples_per_region": 1000,
    "max_samples_per_region": 3000,
    "min_gain": 0.0,
    "gini_weight_mode": "sample",
    "max_split_ratio": 1.0,
    "sampling_risk_focus_alpha": 0.1,
    "sampling_risk_floor": 1e-05,
    "batch_size": 512,
    "disc_phase": "generation",
    "sample_draws": 5000000,
    "random_seed": 3
  }
}