{
  "label": "regionft_a0p1-GBDT-Lsac-race-d5000000",
  "repeat": 3,
  "method": "regionft_a0p1",
  "model": "GBDT",
  "dataset": "Lsac",
  "protected": "race",
  "runtime": 7200,
  "no_disc": 830691,
  "no_test": 7018879,
  "prec": 0.11835095034406491,
  "cpu_time": 234.65089749699996,
  "real_time": 234.65366077423096,
  "partition": {
    "cpu_time": 131.6386737539999,
    "real_time": 131.64112210273743,
    "no_test": 2018879,
    "no_disc": 317365,
    "n_regions": 939
  },
  "generation": {
    "cpu_time": 103.01222374300005,
    "real_time": 103.01253867149353,
    "no_test": 5000000,
    "no_disc": 513326
  },
  "config": {
    "max_depth": 10,
    "min_samples_per_region": 1000,
    "max_samples_per_region": 3000,
    "min_gain": 0.0,
    "gini_weight_mode": "sample",
    "max_split_ratio": 1.0,
    "sampling_risk_focus_alpha": 0.1,
    "sampling_risk_floor": 1e-05,
    "batch_size": 512,
    "disc_phase": "generation",
    "sample_draws": 5000000,
    "random_seed": 3
  }
}