{
  "label": "regionft_a0p1-GBDT-Credit-age-d5000000",
  "repeat": 0,
  "method": "regionft_a0p1",
  "model": "GBDT",
  "dataset": "Credit",
  "protected": "age",
  "runtime": 7200,
  "no_disc": 1117602,
  "no_test": 7205496,
  "prec": 0.15510410386738124,
  "cpu_time": 373.92189402500003,
  "real_time": 373.93698358535767,
  "partition": {
    "cpu_time": 167.58738503400014,
    "real_time": 167.60175919532776,
    "no_test": 2205496,
    "no_disc": 380164,
    "n_regions": 1015
  },
  "generation": {
    "cpu_time": 206.3345089909999,
    "real_time": 206.3352243900299,
    "no_test": 5000000,
    "no_disc": 737438
  },
  "config": {
    "max_depth": 10,
    "min_samples_per_region": 1000,
    "max_samples_per_region": 3000,
    "min_gain": 0.0,
    "gini_weight_mode": "sample",
    "max_split_ratio": 1.0,
    "sampling_risk_focus_alpha": 0.1,
    "sampling_risk_floor": 1e-05,
    "batch_size": 512,
    "disc_phase": "generation",
    "sample_draws": 5000000,
    "random_seed": 0
  }
}