{
  "label": "regionft_a0p1-LogReg-Credit-sex-d5000000",
  "repeat": 4,
  "method": "regionft_a0p1",
  "model": "LogReg",
  "dataset": "Credit",
  "protected": "sex",
  "runtime": 7200,
  "no_disc": 429825,
  "no_test": 7153850,
  "prec": 0.060083032213423544,
  "cpu_time": 174.42059284900006,
  "real_time": 174.42483139038086,
  "partition": {
    "cpu_time": 97.26901123100015,
    "real_time": 97.27246308326721,
    "no_test": 2153850,
    "no_disc": 132963,
    "n_regions": 999
  },
  "generation": {
    "cpu_time": 77.15158161799991,
    "real_time": 77.15236830711365,
    "no_test": 5000000,
    "no_disc": 296862
  },
  "config": {
    "max_depth": 10,
    "min_samples_per_region": 1000,
    "max_samples_per_region": 3000,
    "min_gain": 0.0,
    "gini_weight_mode": "sample",
    "max_split_ratio": 1.0,
    "sampling_risk_focus_alpha": 0.1,
    "sampling_risk_floor": 1e-05,
    "batch_size": 512,
    "disc_phase": "generation",
    "sample_draws": 5000000,
    "random_seed": 4
  }
}