{
  "label": "regionft_a0p1-LogReg-Adult-race-d5000000",
  "repeat": 1,
  "method": "regionft_a0p1",
  "model": "LogReg",
  "dataset": "Adult",
  "protected": "race",
  "runtime": 7200,
  "no_disc": 159011,
  "no_test": 6537788,
  "prec": 0.02432183484689317,
  "cpu_time": 199.02809402599996,
  "real_time": 199.03066492080688,
  "partition": {
    "cpu_time": 81.16763411800002,
    "real_time": 81.16906023025513,
    "no_test": 1537788,
    "no_disc": 85991,
    "n_regions": 740
  },
  "generation": {
    "cpu_time": 117.86045990799994,
    "real_time": 117.86160469055176,
    "no_test": 5000000,
    "no_disc": 73020
  },
  "config": {
    "max_depth": 10,
    "min_samples_per_region": 1000,
    "max_samples_per_region": 3000,
    "min_gain": 0.0,
    "gini_weight_mode": "sample",
    "max_split_ratio": 1.0,
    "sampling_risk_focus_alpha": 0.1,
    "sampling_risk_floor": 1e-05,
    "batch_size": 512,
    "disc_phase": "generation",
    "sample_draws": 5000000,
    "random_seed": 1
  }
}