{
  "label": "regionft_a0p1-GBDT-Adult-sex-d5000000",
  "repeat": 3,
  "method": "regionft_a0p1",
  "model": "GBDT",
  "dataset": "Adult",
  "protected": "sex",
  "runtime": 7200,
  "no_disc": 257792,
  "no_test": 6721468,
  "prec": 0.038353526342757266,
  "cpu_time": 172.29282741499992,
  "real_time": 172.2961766719818,
  "partition": {
    "cpu_time": 89.21436031099995,
    "real_time": 89.21705627441406,
    "no_test": 1721468,
    "no_disc": 123160,
    "n_regions": 825
  },
  "generation": {
    "cpu_time": 83.07846710399997,
    "real_time": 83.07912039756775,
    "no_test": 5000000,
    "no_disc": 134632
  },
  "config": {
    "max_depth": 10,
    "min_samples_per_region": 1000,
    "max_samples_per_region": 3000,
    "min_gain": 0.0,
    "gini_weight_mode": "sample",
    "max_split_ratio": 1.0,
    "sampling_risk_focus_alpha": 0.1,
    "sampling_risk_floor": 1e-05,
    "batch_size": 512,
    "disc_phase": "generation",
    "sample_draws": 5000000,
    "random_seed": 3
  }
}