{
  "label": "regionft_a0p1-GBDT-Lsac-sex-d5000000",
  "repeat": 2,
  "method": "regionft_a0p1",
  "model": "GBDT",
  "dataset": "Lsac",
  "protected": "sex",
  "runtime": 7200,
  "no_disc": 161814,
  "no_test": 6915669,
  "prec": 0.02339817015533855,
  "cpu_time": 198.49287572000003,
  "real_time": 198.49859881401062,
  "partition": {
    "cpu_time": 115.92087276200027,
    "real_time": 115.92573571205139,
    "no_test": 1915669,
    "no_disc": 93536,
    "n_regions": 908
  },
  "generation": {
    "cpu_time": 82.57200295799976,
    "real_time": 82.57286310195923,
    "no_test": 5000000,
    "no_disc": 68278
  },
  "config": {
    "max_depth": 10,
    "min_samples_per_region": 1000,
    "max_samples_per_region": 3000,
    "min_gain": 0.0,
    "gini_weight_mode": "sample",
    "max_split_ratio": 1.0,
    "sampling_risk_focus_alpha": 0.1,
    "sampling_risk_floor": 1e-05,
    "batch_size": 512,
    "disc_phase": "generation",
    "sample_draws": 5000000,
    "random_seed": 2
  }
}