{
  "label": "regionft_a0p1-MLP-Credit-age-d5000000",
  "repeat": 1,
  "method": "regionft_a0p1",
  "model": "MLP",
  "dataset": "Credit",
  "protected": "age",
  "runtime": 7200,
  "no_disc": 804922,
  "no_test": 7188637,
  "prec": 0.11197143491874746,
  "cpu_time": 359.79242568200016,
  "real_time": 359.79619693756104,
  "partition": {
    "cpu_time": 148.39871049500016,
    "real_time": 148.4004192352295,
    "no_test": 2188637,
    "no_disc": 246103,
    "n_regions": 1018
  },
  "generation": {
    "cpu_time": 211.393715187,
    "real_time": 211.39577770233154,
    "no_test": 5000000,
    "no_disc": 558819
  },
  "config": {
    "max_depth": 10,
    "min_samples_per_region": 1000,
    "max_samples_per_region": 3000,
    "min_gain": 0.0,
    "gini_weight_mode": "sample",
    "max_split_ratio": 1.0,
    "sampling_risk_focus_alpha": 0.1,
    "sampling_risk_floor": 1e-05,
    "batch_size": 512,
    "disc_phase": "generation",
    "sample_draws": 5000000,
    "random_seed": 1
  }
}