{
  "label": "regionft_a0p1-GBDT-Credit-age-d5000000",
  "repeat": 2,
  "method": "regionft_a0p1",
  "model": "GBDT",
  "dataset": "Credit",
  "protected": "age",
  "runtime": 7200,
  "no_disc": 1103525,
  "no_test": 7182806,
  "prec": 0.15363424823112304,
  "cpu_time": 380.046988802,
  "real_time": 380.0556881427765,
  "partition": {
    "cpu_time": 169.29510435600014,
    "real_time": 169.30229783058167,
    "no_test": 2182806,
    "no_disc": 362115,
    "n_regions": 1008
  },
  "generation": {
    "cpu_time": 210.75188444599985,
    "real_time": 210.75339031219482,
    "no_test": 5000000,
    "no_disc": 741410
  },
  "config": {
    "max_depth": 10,
    "min_samples_per_region": 1000,
    "max_samples_per_region": 3000,
    "min_gain": 0.0,
    "gini_weight_mode": "sample",
    "max_split_ratio": 1.0,
    "sampling_risk_focus_alpha": 0.1,
    "sampling_risk_floor": 1e-05,
    "batch_size": 512,
    "disc_phase": "generation",
    "sample_draws": 5000000,
    "random_seed": 2
  }
}