{
  "label": "regionft_a0p1-GBDT-Lsac-race-d5000000",
  "repeat": 0,
  "method": "regionft_a0p1",
  "model": "GBDT",
  "dataset": "Lsac",
  "protected": "race",
  "runtime": 7200,
  "no_disc": 827499,
  "no_test": 7129263,
  "prec": 0.11607076355578409,
  "cpu_time": 246.84512152199977,
  "real_time": 246.85474157333374,
  "partition": {
    "cpu_time": 140.2038885679999,
    "real_time": 140.2124891281128,
    "no_test": 2129263,
    "no_disc": 328571,
    "n_regions": 993
  },
  "generation": {
    "cpu_time": 106.64123295399986,
    "real_time": 106.64225244522095,
    "no_test": 5000000,
    "no_disc": 498928
  },
  "config": {
    "max_depth": 10,
    "min_samples_per_region": 1000,
    "max_samples_per_region": 3000,
    "min_gain": 0.0,
    "gini_weight_mode": "sample",
    "max_split_ratio": 1.0,
    "sampling_risk_focus_alpha": 0.1,
    "sampling_risk_floor": 1e-05,
    "batch_size": 512,
    "disc_phase": "generation",
    "sample_draws": 5000000,
    "random_seed": 0
  }
}