{
  "label": "regionft_d6-MLP-Lsac-sex-d5000000",
  "repeat": 1,
  "method": "regionft_d6",
  "model": "MLP",
  "dataset": "Lsac",
  "protected": "sex",
  "runtime": 7200,
  "no_disc": 147713,
  "no_test": 5165636,
  "prec": 0.028595317207793968,
  "cpu_time": 85.34314616599998,
  "real_time": 85.34477114677429,
  "partition": {
    "cpu_time": 10.728904546999999,
    "real_time": 10.729727029800415,
    "no_test": 165636,
    "no_disc": 3606,
    "n_regions": 64
  },
  "generation": {
    "cpu_time": 74.61424161899998,
    "real_time": 74.61504411697388,
    "no_test": 5000000,
    "no_disc": 144107
  },
  "config": {
    "max_depth": 6,
    "min_samples_per_region": 1000,
    "max_samples_per_region": 3000,
    "min_gain": 0.0,
    "gini_weight_mode": "sample",
    "max_split_ratio": 1.0,
    "sampling_risk_focus_alpha": 1.0,
    "sampling_risk_floor": 1e-05,
    "batch_size": 512,
    "disc_phase": "generation",
    "sample_draws": 5000000,
    "random_seed": 1
  }
}