{
  "label": "regionft_d6-MLP-Adult-age-d5000000",
  "repeat": 2,
  "method": "regionft_d6",
  "model": "MLP",
  "dataset": "Adult",
  "protected": "age",
  "runtime": 7200,
  "no_disc": 2032365,
  "no_test": 5168643,
  "prec": 0.3932105583612565,
  "cpu_time": 336.18840132799994,
  "real_time": 336.21835350990295,
  "partition": {
    "cpu_time": 15.966038885999978,
    "real_time": 15.967337846755981,
    "no_test": 168643,
    "no_disc": 39501,
    "n_regions": 64
  },
  "generation": {
    "cpu_time": 320.22236244199996,
    "real_time": 320.251015663147,
    "no_test": 5000000,
    "no_disc": 1992864
  },
  "config": {
    "max_depth": 6,
    "min_samples_per_region": 1000,
    "max_samples_per_region": 3000,
    "min_gain": 0.0,
    "gini_weight_mode": "sample",
    "max_split_ratio": 1.0,
    "sampling_risk_focus_alpha": 1.0,
    "sampling_risk_floor": 1e-05,
    "batch_size": 512,
    "disc_phase": "generation",
    "sample_draws": 5000000,
    "random_seed": 2
  }
}