{
  "label": "regionft_d6-LogReg-Bank-age-d5000000",
  "repeat": 0,
  "method": "regionft_d6",
  "model": "LogReg",
  "dataset": "Bank",
  "protected": "age",
  "runtime": 7200,
  "no_disc": 342507,
  "no_test": 5160630,
  "prec": 0.06636922236238599,
  "cpu_time": 226.46251297800018,
  "real_time": 226.4688413143158,
  "partition": {
    "cpu_time": 13.463915153000016,
    "real_time": 13.46638560295105,
    "no_test": 160630,
    "no_disc": 5817,
    "n_regions": 64
  },
  "generation": {
    "cpu_time": 212.99859782500016,
    "real_time": 213.00245571136475,
    "no_test": 5000000,
    "no_disc": 336690
  },
  "config": {
    "max_depth": 6,
    "min_samples_per_region": 1000,
    "max_samples_per_region": 3000,
    "min_gain": 0.0,
    "gini_weight_mode": "sample",
    "max_split_ratio": 1.0,
    "sampling_risk_focus_alpha": 1.0,
    "sampling_risk_floor": 1e-05,
    "batch_size": 512,
    "disc_phase": "generation",
    "sample_draws": 5000000,
    "random_seed": 0
  }
}