{
  "label": "regionft_d6-LogReg-Adult-age-d5000000",
  "repeat": 3,
  "method": "regionft_d6",
  "model": "LogReg",
  "dataset": "Adult",
  "protected": "age",
  "runtime": 7200,
  "no_disc": 1966846,
  "no_test": 5146957,
  "prec": 0.38213763977433657,
  "cpu_time": 232.02544273699993,
  "real_time": 232.03235602378845,
  "partition": {
    "cpu_time": 12.117740723999987,
    "real_time": 12.118956565856934,
    "no_test": 146957,
    "no_disc": 29532,
    "n_regions": 61
  },
  "generation": {
    "cpu_time": 219.90770201299995,
    "real_time": 219.91339945793152,
    "no_test": 5000000,
    "no_disc": 1937314
  },
  "config": {
    "max_depth": 6,
    "min_samples_per_region": 1000,
    "max_samples_per_region": 3000,
    "min_gain": 0.0,
    "gini_weight_mode": "sample",
    "max_split_ratio": 1.0,
    "sampling_risk_focus_alpha": 1.0,
    "sampling_risk_floor": 1e-05,
    "batch_size": 512,
    "disc_phase": "generation",
    "sample_draws": 5000000,
    "random_seed": 3
  }
}