{
  "label": "regionft_d6-LogReg-Credit-age-d5000000",
  "repeat": 4,
  "method": "regionft_d6",
  "model": "LogReg",
  "dataset": "Credit",
  "protected": "age",
  "runtime": 7200,
  "no_disc": 989194,
  "no_test": 5172453,
  "prec": 0.19124272371348758,
  "cpu_time": 204.32681478699996,
  "real_time": 204.33968925476074,
  "partition": {
    "cpu_time": 12.304922886999975,
    "real_time": 12.307154178619385,
    "no_test": 172453,
    "no_disc": 21694,
    "n_regions": 64
  },
  "generation": {
    "cpu_time": 192.02189189999999,
    "real_time": 192.03253507614136,
    "no_test": 5000000,
    "no_disc": 967500
  },
  "config": {
    "max_depth": 6,
    "min_samples_per_region": 1000,
    "max_samples_per_region": 3000,
    "min_gain": 0.0,
    "gini_weight_mode": "sample",
    "max_split_ratio": 1.0,
    "sampling_risk_focus_alpha": 1.0,
    "sampling_risk_floor": 1e-05,
    "batch_size": 512,
    "disc_phase": "generation",
    "sample_draws": 5000000,
    "random_seed": 4
  }
}