{
  "label": "regionft_d6-MLP-Credit-age-d5000000",
  "repeat": 3,
  "method": "regionft_d6",
  "model": "MLP",
  "dataset": "Credit",
  "protected": "age",
  "runtime": 7200,
  "no_disc": 1116801,
  "no_test": 5171115,
  "prec": 0.21596908983845844,
  "cpu_time": 226.07174563900003,
  "real_time": 226.08406043052673,
  "partition": {
    "cpu_time": 11.966394140999967,
    "real_time": 11.967811107635498,
    "no_test": 171115,
    "no_disc": 19005,
    "n_regions": 64
  },
  "generation": {
    "cpu_time": 214.10535149800006,
    "real_time": 214.11624932289124,
    "no_test": 5000000,
    "no_disc": 1097796
  },
  "config": {
    "max_depth": 6,
    "min_samples_per_region": 1000,
    "max_samples_per_region": 3000,
    "min_gain": 0.0,
    "gini_weight_mode": "sample",
    "max_split_ratio": 1.0,
    "sampling_risk_focus_alpha": 1.0,
    "sampling_risk_floor": 1e-05,
    "batch_size": 512,
    "disc_phase": "generation",
    "sample_draws": 5000000,
    "random_seed": 3
  }
}