{
  "label": "regionft_d6-LogReg-Credit-age-d5000000",
  "repeat": 2,
  "method": "regionft_d6",
  "model": "LogReg",
  "dataset": "Credit",
  "protected": "age",
  "runtime": 7200,
  "no_disc": 999153,
  "no_test": 5171811,
  "prec": 0.19319209460670547,
  "cpu_time": 200.9366208460001,
  "real_time": 200.94060826301575,
  "partition": {
    "cpu_time": 11.493113036000068,
    "real_time": 11.494646072387695,
    "no_test": 171811,
    "no_disc": 20645,
    "n_regions": 64
  },
  "generation": {
    "cpu_time": 189.44350781000003,
    "real_time": 189.44596219062805,
    "no_test": 5000000,
    "no_disc": 978508
  },
  "config": {
    "max_depth": 6,
    "min_samples_per_region": 1000,
    "max_samples_per_region": 3000,
    "min_gain": 0.0,
    "gini_weight_mode": "sample",
    "max_split_ratio": 1.0,
    "sampling_risk_focus_alpha": 1.0,
    "sampling_risk_floor": 1e-05,
    "batch_size": 512,
    "disc_phase": "generation",
    "sample_draws": 5000000,
    "random_seed": 2
  }
}