{
  "label": "regionft_d6-MLP-Bank-age-d5000000",
  "repeat": 2,
  "method": "regionft_d6",
  "model": "MLP",
  "dataset": "Bank",
  "protected": "age",
  "runtime": 7200,
  "no_disc": 1470617,
  "no_test": 5168838,
  "prec": 0.2845159782527524,
  "cpu_time": 324.74582021599997,
  "real_time": 324.76280641555786,
  "partition": {
    "cpu_time": 17.489780119999978,
    "real_time": 17.492071390151978,
    "no_test": 168838,
    "no_disc": 26727,
    "n_regions": 63
  },
  "generation": {
    "cpu_time": 307.256040096,
    "real_time": 307.2707350254059,
    "no_test": 5000000,
    "no_disc": 1443890
  },
  "config": {
    "max_depth": 6,
    "min_samples_per_region": 1000,
    "max_samples_per_region": 3000,
    "min_gain": 0.0,
    "gini_weight_mode": "sample",
    "max_split_ratio": 1.0,
    "sampling_risk_focus_alpha": 1.0,
    "sampling_risk_floor": 1e-05,
    "batch_size": 512,
    "disc_phase": "generation",
    "sample_draws": 5000000,
    "random_seed": 2
  }
}