{
  "label": "regionft_d6-MLP-Bank-age-d5000000",
  "repeat": 1,
  "method": "regionft_d6",
  "model": "MLP",
  "dataset": "Bank",
  "protected": "age",
  "runtime": 7200,
  "no_disc": 1489901,
  "no_test": 5172064,
  "prec": 0.28806700767817256,
  "cpu_time": 323.382979941,
  "real_time": 323.39460039138794,
  "partition": {
    "cpu_time": 15.994582983000043,
    "real_time": 15.996329545974731,
    "no_test": 172064,
    "no_disc": 23797,
    "n_regions": 64
  },
  "generation": {
    "cpu_time": 307.38839695799993,
    "real_time": 307.3982708454132,
    "no_test": 5000000,
    "no_disc": 1466104
  },
  "config": {
    "max_depth": 6,
    "min_samples_per_region": 1000,
    "max_samples_per_region": 3000,
    "min_gain": 0.0,
    "gini_weight_mode": "sample",
    "max_split_ratio": 1.0,
    "sampling_risk_focus_alpha": 1.0,
    "sampling_risk_floor": 1e-05,
    "batch_size": 512,
    "disc_phase": "generation",
    "sample_draws": 5000000,
    "random_seed": 1
  }
}