{
  "label": "regionft_d6-GBDT-Lsac-race-d5000000",
  "repeat": 0,
  "method": "regionft_d6",
  "model": "GBDT",
  "dataset": "Lsac",
  "protected": "race",
  "runtime": 7200,
  "no_disc": 1122767,
  "no_test": 5168935,
  "prec": 0.2172143778167069,
  "cpu_time": 123.23189914099999,
  "real_time": 123.23562002182007,
  "partition": {
    "cpu_time": 12.502433904999975,
    "real_time": 12.504195928573608,
    "no_test": 168935,
    "no_disc": 20684,
    "n_regions": 64
  },
  "generation": {
    "cpu_time": 110.72946523600001,
    "real_time": 110.73142409324646,
    "no_test": 5000000,
    "no_disc": 1102083
  },
  "config": {
    "max_depth": 6,
    "min_samples_per_region": 1000,
    "max_samples_per_region": 3000,
    "min_gain": 0.0,
    "gini_weight_mode": "sample",
    "max_split_ratio": 1.0,
    "sampling_risk_focus_alpha": 1.0,
    "sampling_risk_floor": 1e-05,
    "batch_size": 512,
    "disc_phase": "generation",
    "sample_draws": 5000000,
    "random_seed": 0
  }
}