{
  "label": "regionft_d6-MLP-Lsac-race-d5000000",
  "repeat": 4,
  "method": "regionft_d6",
  "model": "MLP",
  "dataset": "Lsac",
  "protected": "race",
  "runtime": 7200,
  "no_disc": 383424,
  "no_test": 5170286,
  "prec": 0.07415914709553785,
  "cpu_time": 104.84177951999999,
  "real_time": 104.84501767158508,
  "partition": {
    "cpu_time": 11.591129727999999,
    "real_time": 11.592561721801758,
    "no_test": 170286,
    "no_disc": 7966,
    "n_regions": 64
  },
  "generation": {
    "cpu_time": 93.25064979199999,
    "real_time": 93.25245594978333,
    "no_test": 5000000,
    "no_disc": 375458
  },
  "config": {
    "max_depth": 6,
    "min_samples_per_region": 1000,
    "max_samples_per_region": 3000,
    "min_gain": 0.0,
    "gini_weight_mode": "sample",
    "max_split_ratio": 1.0,
    "sampling_risk_focus_alpha": 1.0,
    "sampling_risk_floor": 1e-05,
    "batch_size": 512,
    "disc_phase": "generation",
    "sample_draws": 5000000,
    "random_seed": 4
  }
}