{
  "label": "regionft_d6-DecTree-Bank-age-d5000000",
  "repeat": 2,
  "method": "regionft_d6",
  "model": "DecTree",
  "dataset": "Bank",
  "protected": "age",
  "runtime": 7200,
  "no_disc": 2651245,
  "no_test": 5162680,
  "prec": 0.5135404479843803,
  "cpu_time": 246.74450734200013,
  "real_time": 246.7491102218628,
  "partition": {
    "cpu_time": 14.34497291699995,
    "real_time": 14.347671270370483,
    "no_test": 162680,
    "no_disc": 38434,
    "n_regions": 61
  },
  "generation": {
    "cpu_time": 232.39953442500018,
    "real_time": 232.4014389514923,
    "no_test": 5000000,
    "no_disc": 2612811
  },
  "config": {
    "max_depth": 6,
    "min_samples_per_region": 1000,
    "max_samples_per_region": 3000,
    "min_gain": 0.0,
    "gini_weight_mode": "sample",
    "max_split_ratio": 1.0,
    "sampling_risk_focus_alpha": 1.0,
    "sampling_risk_floor": 1e-05,
    "batch_size": 512,
    "disc_phase": "generation",
    "sample_draws": 5000000,
    "random_seed": 2
  }
}