{
  "label": "regionft_d6-GBDT-Lsac-race-d5000000",
  "repeat": 2,
  "method": "regionft_d6",
  "model": "GBDT",
  "dataset": "Lsac",
  "protected": "race",
  "runtime": 7200,
  "no_disc": 1143302,
  "no_test": 5166595,
  "prec": 0.22128732753389804,
  "cpu_time": 124.13814355700003,
  "real_time": 124.14076519012451,
  "partition": {
    "cpu_time": 12.735660712000026,
    "real_time": 12.73667049407959,
    "no_test": 166595,
    "no_disc": 20321,
    "n_regions": 63
  },
  "generation": {
    "cpu_time": 111.40248284500001,
    "real_time": 111.40409469604492,
    "no_test": 5000000,
    "no_disc": 1122981
  },
  "config": {
    "max_depth": 6,
    "min_samples_per_region": 1000,
    "max_samples_per_region": 3000,
    "min_gain": 0.0,
    "gini_weight_mode": "sample",
    "max_split_ratio": 1.0,
    "sampling_risk_focus_alpha": 1.0,
    "sampling_risk_floor": 1e-05,
    "batch_size": 512,
    "disc_phase": "generation",
    "sample_draws": 5000000,
    "random_seed": 2
  }
}