{
  "label": "regionft_d6-MLP-Lsac-sex-d5000000",
  "repeat": 3,
  "method": "regionft_d6",
  "model": "MLP",
  "dataset": "Lsac",
  "protected": "sex",
  "runtime": 7200,
  "no_disc": 154654,
  "no_test": 5168663,
  "prec": 0.029921470987758342,
  "cpu_time": 84.98635697399999,
  "real_time": 84.98880767822266,
  "partition": {
    "cpu_time": 10.803011650999963,
    "real_time": 10.804284811019897,
    "no_test": 168663,
    "no_disc": 3947,
    "n_regions": 64
  },
  "generation": {
    "cpu_time": 74.18334532300003,
    "real_time": 74.18452286720276,
    "no_test": 5000000,
    "no_disc": 150707
  },
  "config": {
    "max_depth": 6,
    "min_samples_per_region": 1000,
    "max_samples_per_region": 3000,
    "min_gain": 0.0,
    "gini_weight_mode": "sample",
    "max_split_ratio": 1.0,
    "sampling_risk_focus_alpha": 1.0,
    "sampling_risk_floor": 1e-05,
    "batch_size": 512,
    "disc_phase": "generation",
    "sample_draws": 5000000,
    "random_seed": 3
  }
}