{
  "label": "regionft_d6-GBDT-Credit-age-d5000000",
  "repeat": 4,
  "method": "regionft_d6",
  "model": "GBDT",
  "dataset": "Credit",
  "protected": "age",
  "runtime": 7200,
  "no_disc": 970742,
  "no_test": 5169962,
  "prec": 0.18776579015474387,
  "cpu_time": 224.44849064899995,
  "real_time": 224.45555353164673,
  "partition": {
    "cpu_time": 13.359553334999873,
    "real_time": 13.360671758651733,
    "no_test": 169962,
    "no_disc": 26370,
    "n_regions": 64
  },
  "generation": {
    "cpu_time": 211.08893731400008,
    "real_time": 211.094881772995,
    "no_test": 5000000,
    "no_disc": 944372
  },
  "config": {
    "max_depth": 6,
    "min_samples_per_region": 1000,
    "max_samples_per_region": 3000,
    "min_gain": 0.0,
    "gini_weight_mode": "sample",
    "max_split_ratio": 1.0,
    "sampling_risk_focus_alpha": 1.0,
    "sampling_risk_floor": 1e-05,
    "batch_size": 512,
    "disc_phase": "generation",
    "sample_draws": 5000000,
    "random_seed": 4
  }
}