{
  "label": "regionft_d6-GBDT-Adult-age-d5000000",
  "repeat": 0,
  "method": "regionft_d6",
  "model": "GBDT",
  "dataset": "Adult",
  "protected": "age",
  "runtime": 7200,
  "no_disc": 3330054,
  "no_test": 5162109,
  "prec": 0.6450956382362325,
  "cpu_time": 288.39673040100007,
  "real_time": 288.4016823768616,
  "partition": {
    "cpu_time": 13.481279191999988,
    "real_time": 13.483933210372925,
    "no_test": 162109,
    "no_disc": 52962,
    "n_regions": 63
  },
  "generation": {
    "cpu_time": 274.9154512090001,
    "real_time": 274.91774916648865,
    "no_test": 5000000,
    "no_disc": 3277092
  },
  "config": {
    "max_depth": 6,
    "min_samples_per_region": 1000,
    "max_samples_per_region": 3000,
    "min_gain": 0.0,
    "gini_weight_mode": "sample",
    "max_split_ratio": 1.0,
    "sampling_risk_focus_alpha": 1.0,
    "sampling_risk_floor": 1e-05,
    "batch_size": 512,
    "disc_phase": "generation",
    "sample_draws": 5000000,
    "random_seed": 0
  }
}