{
  "label": "regionft_d6-GBDT-Bank-age-d5000000",
  "repeat": 1,
  "method": "regionft_d6",
  "model": "GBDT",
  "dataset": "Bank",
  "protected": "age",
  "runtime": 7200,
  "no_disc": 2007455,
  "no_test": 5170156,
  "prec": 0.38827745236313954,
  "cpu_time": 285.61231875900006,
  "real_time": 285.6328022480011,
  "partition": {
    "cpu_time": 15.666175133000024,
    "real_time": 15.668203115463257,
    "no_test": 170156,
    "no_disc": 33832,
    "n_regions": 64
  },
  "generation": {
    "cpu_time": 269.94614362600004,
    "real_time": 269.96459913253784,
    "no_test": 5000000,
    "no_disc": 1973623
  },
  "config": {
    "max_depth": 6,
    "min_samples_per_region": 1000,
    "max_samples_per_region": 3000,
    "min_gain": 0.0,
    "gini_weight_mode": "sample",
    "max_split_ratio": 1.0,
    "sampling_risk_focus_alpha": 1.0,
    "sampling_risk_floor": 1e-05,
    "batch_size": 512,
    "disc_phase": "generation",
    "sample_draws": 5000000,
    "random_seed": 1
  }
}