{
  "label": "regionft_d6-DecTree-Bank-age-d5000000",
  "repeat": 1,
  "method": "regionft_d6",
  "model": "DecTree",
  "dataset": "Bank",
  "protected": "age",
  "runtime": 7200,
  "no_disc": 2665336,
  "no_test": 5157759,
  "prec": 0.5167624156149987,
  "cpu_time": 245.14080427999988,
  "real_time": 245.14797472953796,
  "partition": {
    "cpu_time": 14.007791006999923,
    "real_time": 14.009629011154175,
    "no_test": 157759,
    "no_disc": 37167,
    "n_regions": 59
  },
  "generation": {
    "cpu_time": 231.13301327299996,
    "real_time": 231.1383457183838,
    "no_test": 5000000,
    "no_disc": 2628169
  },
  "config": {
    "max_depth": 6,
    "min_samples_per_region": 1000,
    "max_samples_per_region": 3000,
    "min_gain": 0.0,
    "gini_weight_mode": "sample",
    "max_split_ratio": 1.0,
    "sampling_risk_focus_alpha": 1.0,
    "sampling_risk_floor": 1e-05,
    "batch_size": 512,
    "disc_phase": "generation",
    "sample_draws": 5000000,
    "random_seed": 1
  }
}