{
  "label": "regionft_d6-MLP-Lsac-race-d5000000",
  "repeat": 3,
  "method": "regionft_d6",
  "model": "MLP",
  "dataset": "Lsac",
  "protected": "race",
  "runtime": 7200,
  "no_disc": 386546,
  "no_test": 5169969,
  "prec": 0.07476756630455618,
  "cpu_time": 105.81230359000003,
  "real_time": 105.81518363952637,
  "partition": {
    "cpu_time": 12.480176095000019,
    "real_time": 12.481761693954468,
    "no_test": 169969,
    "no_disc": 8674,
    "n_regions": 64
  },
  "generation": {
    "cpu_time": 93.33212749500001,
    "real_time": 93.3334219455719,
    "no_test": 5000000,
    "no_disc": 377872
  },
  "config": {
    "max_depth": 6,
    "min_samples_per_region": 1000,
    "max_samples_per_region": 3000,
    "min_gain": 0.0,
    "gini_weight_mode": "sample",
    "max_split_ratio": 1.0,
    "sampling_risk_focus_alpha": 1.0,
    "sampling_risk_floor": 1e-05,
    "batch_size": 512,
    "disc_phase": "generation",
    "sample_draws": 5000000,
    "random_seed": 3
  }
}