{
  "label": "regionft_d6-LogReg-Adult-age-d5000000",
  "repeat": 2,
  "method": "regionft_d6",
  "model": "LogReg",
  "dataset": "Adult",
  "protected": "age",
  "runtime": 7200,
  "no_disc": 1943918,
  "no_test": 5157247,
  "prec": 0.376929396633514,
  "cpu_time": 231.81941831100005,
  "real_time": 231.8232638835907,
  "partition": {
    "cpu_time": 11.757198952000067,
    "real_time": 11.757434368133545,
    "no_test": 157247,
    "no_disc": 29127,
    "n_regions": 64
  },
  "generation": {
    "cpu_time": 220.06221935899998,
    "real_time": 220.06582951545715,
    "no_test": 5000000,
    "no_disc": 1914791
  },
  "config": {
    "max_depth": 6,
    "min_samples_per_region": 1000,
    "max_samples_per_region": 3000,
    "min_gain": 0.0,
    "gini_weight_mode": "sample",
    "max_split_ratio": 1.0,
    "sampling_risk_focus_alpha": 1.0,
    "sampling_risk_floor": 1e-05,
    "batch_size": 512,
    "disc_phase": "generation",
    "sample_draws": 5000000,
    "random_seed": 2
  }
}