{
  "label": "regionft_d6-GBDT-Credit-age-d5000000",
  "repeat": 3,
  "method": "regionft_d6",
  "model": "GBDT",
  "dataset": "Credit",
  "protected": "age",
  "runtime": 7200,
  "no_disc": 926550,
  "no_test": 5169687,
  "prec": 0.17922748514561906,
  "cpu_time": 234.33359404499993,
  "real_time": 234.33872866630554,
  "partition": {
    "cpu_time": 15.167960867000033,
    "real_time": 15.16974925994873,
    "no_test": 169687,
    "no_disc": 23158,
    "n_regions": 63
  },
  "generation": {
    "cpu_time": 219.1656331779999,
    "real_time": 219.1689794063568,
    "no_test": 5000000,
    "no_disc": 903392
  },
  "config": {
    "max_depth": 6,
    "min_samples_per_region": 1000,
    "max_samples_per_region": 3000,
    "min_gain": 0.0,
    "gini_weight_mode": "sample",
    "max_split_ratio": 1.0,
    "sampling_risk_focus_alpha": 1.0,
    "sampling_risk_floor": 1e-05,
    "batch_size": 512,
    "disc_phase": "generation",
    "sample_draws": 5000000,
    "random_seed": 3
  }
}