{
  "label": "regionft_d6-DecTree-Bank-age-d5000000",
  "repeat": 3,
  "method": "regionft_d6",
  "model": "DecTree",
  "dataset": "Bank",
  "protected": "age",
  "runtime": 7200,
  "no_disc": 2711553,
  "no_test": 5158292,
  "prec": 0.5256687678789801,
  "cpu_time": 245.00522462699996,
  "real_time": 245.01430201530457,
  "partition": {
    "cpu_time": 14.912102506999872,
    "real_time": 14.912022352218628,
    "no_test": 158292,
    "no_disc": 39752,
    "n_regions": 59
  },
  "generation": {
    "cpu_time": 230.0931221200001,
    "real_time": 230.10227966308594,
    "no_test": 5000000,
    "no_disc": 2671801
  },
  "config": {
    "max_depth": 6,
    "min_samples_per_region": 1000,
    "max_samples_per_region": 3000,
    "min_gain": 0.0,
    "gini_weight_mode": "sample",
    "max_split_ratio": 1.0,
    "sampling_risk_focus_alpha": 1.0,
    "sampling_risk_floor": 1e-05,
    "batch_size": 512,
    "disc_phase": "generation",
    "sample_draws": 5000000,
    "random_seed": 3
  }
}