{
  "label": "regionft_d6-GBDT-Lsac-race-d5000000",
  "repeat": 4,
  "method": "regionft_d6",
  "model": "GBDT",
  "dataset": "Lsac",
  "protected": "race",
  "runtime": 7200,
  "no_disc": 1082051,
  "no_test": 5171371,
  "prec": 0.20923871058564547,
  "cpu_time": 119.61162720200002,
  "real_time": 119.61366629600525,
  "partition": {
    "cpu_time": 12.803886378000016,
    "real_time": 12.804662227630615,
    "no_test": 171371,
    "no_disc": 17203,
    "n_regions": 64
  },
  "generation": {
    "cpu_time": 106.807740824,
    "real_time": 106.80900406837463,
    "no_test": 5000000,
    "no_disc": 1064848
  },
  "config": {
    "max_depth": 6,
    "min_samples_per_region": 1000,
    "max_samples_per_region": 3000,
    "min_gain": 0.0,
    "gini_weight_mode": "sample",
    "max_split_ratio": 1.0,
    "sampling_risk_focus_alpha": 1.0,
    "sampling_risk_floor": 1e-05,
    "batch_size": 512,
    "disc_phase": "generation",
    "sample_draws": 5000000,
    "random_seed": 4
  }
}