{
  "label": "regionft_d6-LogReg-Credit-age-d5000000",
  "repeat": 0,
  "method": "regionft_d6",
  "model": "LogReg",
  "dataset": "Credit",
  "protected": "age",
  "runtime": 7200,
  "no_disc": 939924,
  "no_test": 5168931,
  "prec": 0.1818410808733953,
  "cpu_time": 200.57124978000013,
  "real_time": 200.5742108821869,
  "partition": {
    "cpu_time": 11.915836990999992,
    "real_time": 11.916167259216309,
    "no_test": 168931,
    "no_disc": 17689,
    "n_regions": 64
  },
  "generation": {
    "cpu_time": 188.65541278900014,
    "real_time": 188.65804362297058,
    "no_test": 5000000,
    "no_disc": 922235
  },
  "config": {
    "max_depth": 6,
    "min_samples_per_region": 1000,
    "max_samples_per_region": 3000,
    "min_gain": 0.0,
    "gini_weight_mode": "sample",
    "max_split_ratio": 1.0,
    "sampling_risk_focus_alpha": 1.0,
    "sampling_risk_floor": 1e-05,
    "batch_size": 512,
    "disc_phase": "generation",
    "sample_draws": 5000000,
    "random_seed": 0
  }
}