{
  "label": "regionft_d6-MLP-Credit-age-d5000000",
  "repeat": 4,
  "method": "regionft_d6",
  "model": "MLP",
  "dataset": "Credit",
  "protected": "age",
  "runtime": 7200,
  "no_disc": 1118848,
  "no_test": 5170587,
  "prec": 0.21638703690702815,
  "cpu_time": 215.33220681800003,
  "real_time": 215.34453964233398,
  "partition": {
    "cpu_time": 11.499117328000011,
    "real_time": 11.499535083770752,
    "no_test": 170587,
    "no_disc": 18511,
    "n_regions": 64
  },
  "generation": {
    "cpu_time": 203.83308949000002,
    "real_time": 203.84500455856323,
    "no_test": 5000000,
    "no_disc": 1100337
  },
  "config": {
    "max_depth": 6,
    "min_samples_per_region": 1000,
    "max_samples_per_region": 3000,
    "min_gain": 0.0,
    "gini_weight_mode": "sample",
    "max_split_ratio": 1.0,
    "sampling_risk_focus_alpha": 1.0,
    "sampling_risk_floor": 1e-05,
    "batch_size": 512,
    "disc_phase": "generation",
    "sample_draws": 5000000,
    "random_seed": 4
  }
}