{
  "label": "regionft_d6-GBDT-Credit-age-d5000000",
  "repeat": 0,
  "method": "regionft_d6",
  "model": "GBDT",
  "dataset": "Credit",
  "protected": "age",
  "runtime": 7200,
  "no_disc": 892052,
  "no_test": 5172329,
  "prec": 0.1724662139628009,
  "cpu_time": 235.58138055600003,
  "real_time": 235.6081087589264,
  "partition": {
    "cpu_time": 14.068956963000005,
    "real_time": 14.071382761001587,
    "no_test": 172329,
    "no_disc": 26082,
    "n_regions": 64
  },
  "generation": {
    "cpu_time": 221.51242359300002,
    "real_time": 221.5367259979248,
    "no_test": 5000000,
    "no_disc": 865970
  },
  "config": {
    "max_depth": 6,
    "min_samples_per_region": 1000,
    "max_samples_per_region": 3000,
    "min_gain": 0.0,
    "gini_weight_mode": "sample",
    "max_split_ratio": 1.0,
    "sampling_risk_focus_alpha": 1.0,
    "sampling_risk_floor": 1e-05,
    "batch_size": 512,
    "disc_phase": "generation",
    "sample_draws": 5000000,
    "random_seed": 0
  }
}