{
  "label": "regionft_d6-MLP-Adult-race-d5000000",
  "repeat": 0,
  "method": "regionft_d6",
  "model": "MLP",
  "dataset": "Adult",
  "protected": "race",
  "runtime": 7200,
  "no_disc": 361177,
  "no_test": 5165070,
  "prec": 0.06992683545431136,
  "cpu_time": 192.63606392000003,
  "real_time": 192.640527009964,
  "partition": {
    "cpu_time": 12.029900126999962,
    "real_time": 12.03095531463623,
    "no_test": 165070,
    "no_disc": 8936,
    "n_regions": 64
  },
  "generation": {
    "cpu_time": 180.60616379300006,
    "real_time": 180.60957169532776,
    "no_test": 5000000,
    "no_disc": 352241
  },
  "config": {
    "max_depth": 6,
    "min_samples_per_region": 1000,
    "max_samples_per_region": 3000,
    "min_gain": 0.0,
    "gini_weight_mode": "sample",
    "max_split_ratio": 1.0,
    "sampling_risk_focus_alpha": 1.0,
    "sampling_risk_floor": 1e-05,
    "batch_size": 512,
    "disc_phase": "generation",
    "sample_draws": 5000000,
    "random_seed": 0
  }
}