{
  "label": "regionft_d6-GBDT-Lsac-race-d5000000",
  "repeat": 3,
  "method": "regionft_d6",
  "model": "GBDT",
  "dataset": "Lsac",
  "protected": "race",
  "runtime": 7200,
  "no_disc": 1143710,
  "no_test": 5169359,
  "prec": 0.22124793422163175,
  "cpu_time": 122.33134949299995,
  "real_time": 122.33369469642639,
  "partition": {
    "cpu_time": 12.843780962999972,
    "real_time": 12.844876050949097,
    "no_test": 169359,
    "no_disc": 23021,
    "n_regions": 64
  },
  "generation": {
    "cpu_time": 109.48756852999998,
    "real_time": 109.4888186454773,
    "no_test": 5000000,
    "no_disc": 1120689
  },
  "config": {
    "max_depth": 6,
    "min_samples_per_region": 1000,
    "max_samples_per_region": 3000,
    "min_gain": 0.0,
    "gini_weight_mode": "sample",
    "max_split_ratio": 1.0,
    "sampling_risk_focus_alpha": 1.0,
    "sampling_risk_floor": 1e-05,
    "batch_size": 512,
    "disc_phase": "generation",
    "sample_draws": 5000000,
    "random_seed": 3
  }
}