{
  "label": "regionft_d6-MLP-Adult-age-d5000000",
  "repeat": 4,
  "method": "regionft_d6",
  "model": "MLP",
  "dataset": "Adult",
  "protected": "age",
  "runtime": 7200,
  "no_disc": 1986456,
  "no_test": 5167558,
  "prec": 0.38440903807949517,
  "cpu_time": 335.53348427000003,
  "real_time": 335.55675315856934,
  "partition": {
    "cpu_time": 15.746205262999979,
    "real_time": 15.747832298278809,
    "no_test": 167558,
    "no_disc": 42848,
    "n_regions": 64
  },
  "generation": {
    "cpu_time": 319.78727900700005,
    "real_time": 319.8089208602905,
    "no_test": 5000000,
    "no_disc": 1943608
  },
  "config": {
    "max_depth": 6,
    "min_samples_per_region": 1000,
    "max_samples_per_region": 3000,
    "min_gain": 0.0,
    "gini_weight_mode": "sample",
    "max_split_ratio": 1.0,
    "sampling_risk_focus_alpha": 1.0,
    "sampling_risk_floor": 1e-05,
    "batch_size": 512,
    "disc_phase": "generation",
    "sample_draws": 5000000,
    "random_seed": 4
  }
}