{
  "label": "regionft_d12-LogReg-Adult-sex-d5000000",
  "repeat": 2,
  "method": "regionft_d12",
  "model": "LogReg",
  "dataset": "Adult",
  "protected": "sex",
  "runtime": 7200,
  "no_disc": 740426,
  "no_test": 11958941,
  "prec": 0.061914010613481577,
  "cpu_time": 353.25989212199966,
  "real_time": 353.272668838501,
  "partition": {
    "cpu_time": 283.0526576049997,
    "real_time": 283.06512689590454,
    "no_test": 6958941,
    "no_disc": 406767,
    "n_regions": 3424
  },
  "generation": {
    "cpu_time": 70.20723451699996,
    "real_time": 70.20754194259644,
    "no_test": 5000000,
    "no_disc": 333659
  },
  "config": {
    "max_depth": 12,
    "min_samples_per_region": 1000,
    "max_samples_per_region": 3000,
    "min_gain": 0.0,
    "gini_weight_mode": "sample",
    "max_split_ratio": 1.0,
    "sampling_risk_focus_alpha": 1.0,
    "sampling_risk_floor": 1e-05,
    "batch_size": 512,
    "disc_phase": "generation",
    "sample_draws": 5000000,
    "random_seed": 2
  }
}