{
  "label": "regionft_d12-DecTree-Adult-race-d5000000",
  "repeat": 1,
  "method": "regionft_d12",
  "model": "DecTree",
  "dataset": "Adult",
  "protected": "race",
  "runtime": 7200,
  "no_disc": 4694837,
  "no_test": 7340242,
  "prec": 0.639602481771037,
  "cpu_time": 281.88229840500003,
  "real_time": 281.889018535614,
  "partition": {
    "cpu_time": 128.806059485,
    "real_time": 128.81431126594543,
    "no_test": 2340242,
    "no_disc": 236815,
    "n_regions": 1150
  },
  "generation": {
    "cpu_time": 153.07623892000004,
    "real_time": 153.07470726966858,
    "no_test": 5000000,
    "no_disc": 4458022
  },
  "config": {
    "max_depth": 12,
    "min_samples_per_region": 1000,
    "max_samples_per_region": 3000,
    "min_gain": 0.0,
    "gini_weight_mode": "sample",
    "max_split_ratio": 1.0,
    "sampling_risk_focus_alpha": 1.0,
    "sampling_risk_floor": 1e-05,
    "batch_size": 512,
    "disc_phase": "generation",
    "sample_draws": 5000000,
    "random_seed": 1
  }
}