{
  "label": "regionft_d12-LogReg-Bank-age-d5000000",
  "repeat": 3,
  "method": "regionft_d12",
  "model": "LogReg",
  "dataset": "Bank",
  "protected": "age",
  "runtime": 7200,
  "no_disc": 1062176,
  "no_test": 11173032,
  "prec": 0.0950660483206349,
  "cpu_time": 699.2940596029998,
  "real_time": 699.3020646572113,
  "partition": {
    "cpu_time": 474.885114444,
    "real_time": 474.89130306243896,
    "no_test": 6173032,
    "no_disc": 428962,
    "n_regions": 3016
  },
  "generation": {
    "cpu_time": 224.4089451589998,
    "real_time": 224.41076159477234,
    "no_test": 5000000,
    "no_disc": 633214
  },
  "config": {
    "max_depth": 12,
    "min_samples_per_region": 1000,
    "max_samples_per_region": 3000,
    "min_gain": 0.0,
    "gini_weight_mode": "sample",
    "max_split_ratio": 1.0,
    "sampling_risk_focus_alpha": 1.0,
    "sampling_risk_floor": 1e-05,
    "batch_size": 512,
    "disc_phase": "generation",
    "sample_draws": 5000000,
    "random_seed": 3
  }
}