{
  "label": "regionft_d12-LogReg-Adult-sex-d5000000",
  "repeat": 0,
  "method": "regionft_d12",
  "model": "LogReg",
  "dataset": "Adult",
  "protected": "sex",
  "runtime": 7200,
  "no_disc": 714979,
  "no_test": 10659798,
  "prec": 0.06707247172976448,
  "cpu_time": 299.5650142490001,
  "real_time": 299.5685393810272,
  "partition": {
    "cpu_time": 227.56921551899995,
    "real_time": 227.57241034507751,
    "no_test": 5659798,
    "no_disc": 345033,
    "n_regions": 2780
  },
  "generation": {
    "cpu_time": 71.99579873000016,
    "real_time": 71.9961290359497,
    "no_test": 5000000,
    "no_disc": 369946
  },
  "config": {
    "max_depth": 12,
    "min_samples_per_region": 1000,
    "max_samples_per_region": 3000,
    "min_gain": 0.0,
    "gini_weight_mode": "sample",
    "max_split_ratio": 1.0,
    "sampling_risk_focus_alpha": 1.0,
    "sampling_risk_floor": 1e-05,
    "batch_size": 512,
    "disc_phase": "generation",
    "sample_draws": 5000000,
    "random_seed": 0
  }
}