{
  "label": "regionft_d12-MLP-Credit-age-d5000000",
  "repeat": 4,
  "method": "regionft_d12",
  "model": "MLP",
  "dataset": "Credit",
  "protected": "age",
  "runtime": 7200,
  "no_disc": 2573838,
  "no_test": 13350655,
  "prec": 0.1927873950753727,
  "cpu_time": 747.6856182779998,
  "real_time": 747.705353975296,
  "partition": {
    "cpu_time": 542.1303609090005,
    "real_time": 542.149026632309,
    "no_test": 8350655,
    "no_disc": 1140627,
    "n_regions": 4033
  },
  "generation": {
    "cpu_time": 205.55525736899926,
    "real_time": 205.55632734298706,
    "no_test": 5000000,
    "no_disc": 1433211
  },
  "config": {
    "max_depth": 12,
    "min_samples_per_region": 1000,
    "max_samples_per_region": 3000,
    "min_gain": 0.0,
    "gini_weight_mode": "sample",
    "max_split_ratio": 1.0,
    "sampling_risk_focus_alpha": 1.0,
    "sampling_risk_floor": 1e-05,
    "batch_size": 512,
    "disc_phase": "generation",
    "sample_draws": 5000000,
    "random_seed": 4
  }
}