{
  "label": "regionft_d12-MLP-Adult-age-d5000000",
  "repeat": 4,
  "method": "regionft_d12",
  "model": "MLP",
  "dataset": "Adult",
  "protected": "age",
  "runtime": 7200,
  "no_disc": 5512479,
  "no_test": 13411021,
  "prec": 0.4110409639952096,
  "cpu_time": 954.7084019509998,
  "real_time": 954.7193202972412,
  "partition": {
    "cpu_time": 677.27569739,
    "real_time": 677.2843806743622,
    "no_test": 8411021,
    "no_disc": 2786326,
    "n_regions": 4072
  },
  "generation": {
    "cpu_time": 277.4327045609998,
    "real_time": 277.434939622879,
    "no_test": 5000000,
    "no_disc": 2726153
  },
  "config": {
    "max_depth": 12,
    "min_samples_per_region": 1000,
    "max_samples_per_region": 3000,
    "min_gain": 0.0,
    "gini_weight_mode": "sample",
    "max_split_ratio": 1.0,
    "sampling_risk_focus_alpha": 1.0,
    "sampling_risk_floor": 1e-05,
    "batch_size": 512,
    "disc_phase": "generation",
    "sample_draws": 5000000,
    "random_seed": 4
  }
}