{
  "label": "regionft_d12-MLP-Lsac-race-d5000000",
  "repeat": 3,
  "method": "regionft_d12",
  "model": "MLP",
  "dataset": "Lsac",
  "protected": "race",
  "runtime": 7200,
  "no_disc": 1186635,
  "no_test": 13320597,
  "prec": 0.08908271904029527,
  "cpu_time": 541.9207437330001,
  "real_time": 541.9277737140656,
  "partition": {
    "cpu_time": 443.73529680499996,
    "real_time": 443.74133014678955,
    "no_test": 8320597,
    "no_disc": 651887,
    "n_regions": 4027
  },
  "generation": {
    "cpu_time": 98.18544692800015,
    "real_time": 98.186443567276,
    "no_test": 5000000,
    "no_disc": 534748
  },
  "config": {
    "max_depth": 12,
    "min_samples_per_region": 1000,
    "max_samples_per_region": 3000,
    "min_gain": 0.0,
    "gini_weight_mode": "sample",
    "max_split_ratio": 1.0,
    "sampling_risk_focus_alpha": 1.0,
    "sampling_risk_floor": 1e-05,
    "batch_size": 512,
    "disc_phase": "generation",
    "sample_draws": 5000000,
    "random_seed": 3
  }
}