{
  "label": "regionft_d12-MLP-Credit-age-d5000000",
  "repeat": 3,
  "method": "regionft_d12",
  "model": "MLP",
  "dataset": "Credit",
  "protected": "age",
  "runtime": 7200,
  "no_disc": 2587774,
  "no_test": 13034513,
  "prec": 0.19853246530959767,
  "cpu_time": 734.4625270019997,
  "real_time": 734.4700381755829,
  "partition": {
    "cpu_time": 517.4573389719999,
    "real_time": 517.464081287384,
    "no_test": 8034513,
    "no_disc": 1144983,
    "n_regions": 3873
  },
  "generation": {
    "cpu_time": 217.00518802999977,
    "real_time": 217.00595688819885,
    "no_test": 5000000,
    "no_disc": 1442791
  },
  "config": {
    "max_depth": 12,
    "min_samples_per_region": 1000,
    "max_samples_per_region": 3000,
    "min_gain": 0.0,
    "gini_weight_mode": "sample",
    "max_split_ratio": 1.0,
    "sampling_risk_focus_alpha": 1.0,
    "sampling_risk_floor": 1e-05,
    "batch_size": 512,
    "disc_phase": "generation",
    "sample_draws": 5000000,
    "random_seed": 3
  }
}