{
  "label": "regionft_d12-GBDT-Credit-age-d5000000",
  "repeat": 4,
  "method": "regionft_d12",
  "model": "GBDT",
  "dataset": "Credit",
  "protected": "age",
  "runtime": 7200,
  "no_disc": 2850263,
  "no_test": 13135409,
  "prec": 0.21699080706204124,
  "cpu_time": 828.7903555390003,
  "real_time": 828.8081538677216,
  "partition": {
    "cpu_time": 603.9617250770007,
    "real_time": 603.9786903858185,
    "no_test": 8135409,
    "no_disc": 1434672,
    "n_regions": 3917
  },
  "generation": {
    "cpu_time": 224.82863046199964,
    "real_time": 224.82946348190308,
    "no_test": 5000000,
    "no_disc": 1415591
  },
  "config": {
    "max_depth": 12,
    "min_samples_per_region": 1000,
    "max_samples_per_region": 3000,
    "min_gain": 0.0,
    "gini_weight_mode": "sample",
    "max_split_ratio": 1.0,
    "sampling_risk_focus_alpha": 1.0,
    "sampling_risk_floor": 1e-05,
    "batch_size": 512,
    "disc_phase": "generation",
    "sample_draws": 5000000,
    "random_seed": 4
  }
}