{
  "label": "regionft_d12-LogReg-Adult-race-d5000000",
  "repeat": 4,
  "method": "regionft_d12",
  "model": "LogReg",
  "dataset": "Adult",
  "protected": "race",
  "runtime": 7200,
  "no_disc": 919331,
  "no_test": 11036649,
  "prec": 0.08329801917230492,
  "cpu_time": 426.82366729800015,
  "real_time": 426.8258798122406,
  "partition": {
    "cpu_time": 300.080838462,
    "real_time": 300.08295249938965,
    "no_test": 6036649,
    "no_disc": 441922,
    "n_regions": 2966
  },
  "generation": {
    "cpu_time": 126.74282883600017,
    "real_time": 126.74292731285095,
    "no_test": 5000000,
    "no_disc": 477409
  },
  "config": {
    "max_depth": 12,
    "min_samples_per_region": 1000,
    "max_samples_per_region": 3000,
    "min_gain": 0.0,
    "gini_weight_mode": "sample",
    "max_split_ratio": 1.0,
    "sampling_risk_focus_alpha": 1.0,
    "sampling_risk_floor": 1e-05,
    "batch_size": 512,
    "disc_phase": "generation",
    "sample_draws": 5000000,
    "random_seed": 4
  }
}