{
  "label": "regionft_d12-DecTree-Adult-age-d5000000",
  "repeat": 1,
  "method": "regionft_d12",
  "model": "DecTree",
  "dataset": "Adult",
  "protected": "age",
  "runtime": 7200,
  "no_disc": 5246627,
  "no_test": 5704619,
  "prec": 0.9197155848620214,
  "cpu_time": 296.88578369699997,
  "real_time": 296.9014163017273,
  "partition": {
    "cpu_time": 55.98389459700002,
    "real_time": 55.9983811378479,
    "no_test": 704619,
    "no_disc": 301872,
    "n_regions": 331
  },
  "generation": {
    "cpu_time": 240.90188909999995,
    "real_time": 240.9030351638794,
    "no_test": 5000000,
    "no_disc": 4944755
  },
  "config": {
    "max_depth": 12,
    "min_samples_per_region": 1000,
    "max_samples_per_region": 3000,
    "min_gain": 0.0,
    "gini_weight_mode": "sample",
    "max_split_ratio": 1.0,
    "sampling_risk_focus_alpha": 1.0,
    "sampling_risk_floor": 1e-05,
    "batch_size": 512,
    "disc_phase": "generation",
    "sample_draws": 5000000,
    "random_seed": 1
  }
}