{
  "label": "regionft_d12-DecTree-Lsac-race-d5000000",
  "repeat": 2,
  "method": "regionft_d12",
  "model": "DecTree",
  "dataset": "Lsac",
  "protected": "race",
  "runtime": 7200,
  "no_disc": 4714137,
  "no_test": 7577848,
  "prec": 0.6220944257525356,
  "cpu_time": 270.74853415199993,
  "real_time": 270.7544708251953,
  "partition": {
    "cpu_time": 164.23804426799995,
    "real_time": 164.24329113960266,
    "no_test": 2577848,
    "no_disc": 435872,
    "n_regions": 1240
  },
  "generation": {
    "cpu_time": 106.51048988399998,
    "real_time": 106.51117968559265,
    "no_test": 5000000,
    "no_disc": 4278265
  },
  "config": {
    "max_depth": 12,
    "min_samples_per_region": 1000,
    "max_samples_per_region": 3000,
    "min_gain": 0.0,
    "gini_weight_mode": "sample",
    "max_split_ratio": 1.0,
    "sampling_risk_focus_alpha": 1.0,
    "sampling_risk_floor": 1e-05,
    "batch_size": 512,
    "disc_phase": "generation",
    "sample_draws": 5000000,
    "random_seed": 2
  }
}