{
  "label": "regionft_d12-LogReg-Bank-age-d5000000",
  "repeat": 1,
  "method": "regionft_d12",
  "model": "LogReg",
  "dataset": "Bank",
  "protected": "age",
  "runtime": 7200,
  "no_disc": 1073074,
  "no_test": 10802140,
  "prec": 0.09933901986087942,
  "cpu_time": 681.5601079720001,
  "real_time": 681.5771539211273,
  "partition": {
    "cpu_time": 454.53790218200004,
    "real_time": 454.5527386665344,
    "no_test": 5802140,
    "no_disc": 410847,
    "n_regions": 2832
  },
  "generation": {
    "cpu_time": 227.02220579000004,
    "real_time": 227.0244152545929,
    "no_test": 5000000,
    "no_disc": 662227
  },
  "config": {
    "max_depth": 12,
    "min_samples_per_region": 1000,
    "max_samples_per_region": 3000,
    "min_gain": 0.0,
    "gini_weight_mode": "sample",
    "max_split_ratio": 1.0,
    "sampling_risk_focus_alpha": 1.0,
    "sampling_risk_floor": 1e-05,
    "batch_size": 512,
    "disc_phase": "generation",
    "sample_draws": 5000000,
    "random_seed": 1
  }
}