{
  "label": "regionft_d12-LogReg-Credit-age-d5000000",
  "repeat": 4,
  "method": "regionft_d12",
  "model": "LogReg",
  "dataset": "Credit",
  "protected": "age",
  "runtime": 7200,
  "no_disc": 2545056,
  "no_test": 13346761,
  "prec": 0.19068716372459205,
  "cpu_time": 717.6635095199999,
  "real_time": 717.6797823905945,
  "partition": {
    "cpu_time": 536.801929789,
    "real_time": 536.816219329834,
    "no_test": 8346761,
    "no_disc": 1298545,
    "n_regions": 4012
  },
  "generation": {
    "cpu_time": 180.8615797309999,
    "real_time": 180.8635630607605,
    "no_test": 5000000,
    "no_disc": 1246511
  },
  "config": {
    "max_depth": 12,
    "min_samples_per_region": 1000,
    "max_samples_per_region": 3000,
    "min_gain": 0.0,
    "gini_weight_mode": "sample",
    "max_split_ratio": 1.0,
    "sampling_risk_focus_alpha": 1.0,
    "sampling_risk_floor": 1e-05,
    "batch_size": 512,
    "disc_phase": "generation",
    "sample_draws": 5000000,
    "random_seed": 4
  }
}