{
  "label": "regionft_d12-GBDT-Credit-age-d5000000",
  "repeat": 3,
  "method": "regionft_d12",
  "model": "GBDT",
  "dataset": "Credit",
  "protected": "age",
  "runtime": 7200,
  "no_disc": 2715497,
  "no_test": 12980173,
  "prec": 0.2092034520649301,
  "cpu_time": 823.5516172129996,
  "real_time": 823.5583443641663,
  "partition": {
    "cpu_time": 602.8329571560002,
    "real_time": 602.8385009765625,
    "no_test": 7980173,
    "no_disc": 1291317,
    "n_regions": 3830
  },
  "generation": {
    "cpu_time": 220.7186600569994,
    "real_time": 220.71984338760376,
    "no_test": 5000000,
    "no_disc": 1424180
  },
  "config": {
    "max_depth": 12,
    "min_samples_per_region": 1000,
    "max_samples_per_region": 3000,
    "min_gain": 0.0,
    "gini_weight_mode": "sample",
    "max_split_ratio": 1.0,
    "sampling_risk_focus_alpha": 1.0,
    "sampling_risk_floor": 1e-05,
    "batch_size": 512,
    "disc_phase": "generation",
    "sample_draws": 5000000,
    "random_seed": 3
  }
}