{
  "label": "regionft_d12-DecTree-Adult-age-d5000000",
  "repeat": 4,
  "method": "regionft_d12",
  "model": "DecTree",
  "dataset": "Adult",
  "protected": "age",
  "runtime": 7200,
  "no_disc": 5125576,
  "no_test": 5461921,
  "prec": 0.9384200174261034,
  "cpu_time": 290.022384442,
  "real_time": 290.0368695259094,
  "partition": {
    "cpu_time": 41.79323192299995,
    "real_time": 41.80231332778931,
    "no_test": 461921,
    "no_disc": 193285,
    "n_regions": 212
  },
  "generation": {
    "cpu_time": 248.22915251900002,
    "real_time": 248.23455619812012,
    "no_test": 5000000,
    "no_disc": 4932291
  },
  "config": {
    "max_depth": 12,
    "min_samples_per_region": 1000,
    "max_samples_per_region": 3000,
    "min_gain": 0.0,
    "gini_weight_mode": "sample",
    "max_split_ratio": 1.0,
    "sampling_risk_focus_alpha": 1.0,
    "sampling_risk_floor": 1e-05,
    "batch_size": 512,
    "disc_phase": "generation",
    "sample_draws": 5000000,
    "random_seed": 4
  }
}