{
  "label": "regionft_d12-DecTree-Lsac-sex-d5000000",
  "repeat": 4,
  "method": "regionft_d12",
  "model": "DecTree",
  "dataset": "Lsac",
  "protected": "sex",
  "runtime": 7200,
  "no_disc": 5334455,
  "no_test": 8977398,
  "prec": 0.594209480297075,
  "cpu_time": 313.7871116030001,
  "real_time": 313.80404019355774,
  "partition": {
    "cpu_time": 227.78225825699997,
    "real_time": 227.79786491394043,
    "no_test": 3977398,
    "no_disc": 611225,
    "n_regions": 1920
  },
  "generation": {
    "cpu_time": 86.00485334600012,
    "real_time": 86.00617527961731,
    "no_test": 5000000,
    "no_disc": 4723230
  },
  "config": {
    "max_depth": 12,
    "min_samples_per_region": 1000,
    "max_samples_per_region": 3000,
    "min_gain": 0.0,
    "gini_weight_mode": "sample",
    "max_split_ratio": 1.0,
    "sampling_risk_focus_alpha": 1.0,
    "sampling_risk_floor": 1e-05,
    "batch_size": 512,
    "disc_phase": "generation",
    "sample_draws": 5000000,
    "random_seed": 4
  }
}