{
  "label": "regionft_d12-GBDT-Lsac-race-d5000000",
  "repeat": 2,
  "method": "regionft_d12",
  "model": "GBDT",
  "dataset": "Lsac",
  "protected": "race",
  "runtime": 7200,
  "no_disc": 3118692,
  "no_test": 12506876,
  "prec": 0.2493581930451697,
  "cpu_time": 562.5328082769997,
  "real_time": 562.5486853122711,
  "partition": {
    "cpu_time": 445.3716382560001,
    "real_time": 445.38671827316284,
    "no_test": 7506876,
    "no_disc": 1278137,
    "n_regions": 3633
  },
  "generation": {
    "cpu_time": 117.16117002099963,
    "real_time": 117.16196703910828,
    "no_test": 5000000,
    "no_disc": 1840555
  },
  "config": {
    "max_depth": 12,
    "min_samples_per_region": 1000,
    "max_samples_per_region": 3000,
    "min_gain": 0.0,
    "gini_weight_mode": "sample",
    "max_split_ratio": 1.0,
    "sampling_risk_focus_alpha": 1.0,
    "sampling_risk_floor": 1e-05,
    "batch_size": 512,
    "disc_phase": "generation",
    "sample_draws": 5000000,
    "random_seed": 2
  }
}