{
  "label": "regionft_d12-GBDT-Credit-age-d5000000",
  "repeat": 2,
  "method": "regionft_d12",
  "model": "GBDT",
  "dataset": "Credit",
  "protected": "age",
  "runtime": 7200,
  "no_disc": 2865005,
  "no_test": 13235466,
  "prec": 0.21646423329560138,
  "cpu_time": 829.0966951830001,
  "real_time": 829.1077136993408,
  "partition": {
    "cpu_time": 608.7950104030001,
    "real_time": 608.8044338226318,
    "no_test": 8235466,
    "no_disc": 1460778,
    "n_regions": 3961
  },
  "generation": {
    "cpu_time": 220.30168477999996,
    "real_time": 220.30327987670898,
    "no_test": 5000000,
    "no_disc": 1404227
  },
  "config": {
    "max_depth": 12,
    "min_samples_per_region": 1000,
    "max_samples_per_region": 3000,
    "min_gain": 0.0,
    "gini_weight_mode": "sample",
    "max_split_ratio": 1.0,
    "sampling_risk_focus_alpha": 1.0,
    "sampling_risk_floor": 1e-05,
    "batch_size": 512,
    "disc_phase": "generation",
    "sample_draws": 5000000,
    "random_seed": 2
  }
}