{
  "label": "regionft_d12-MLP-Lsac-sex-d5000000",
  "repeat": 1,
  "method": "regionft_d12",
  "model": "MLP",
  "dataset": "Lsac",
  "protected": "sex",
  "runtime": 7200,
  "no_disc": 510054,
  "no_test": 13202316,
  "prec": 0.0386336760913767,
  "cpu_time": 464.42554449,
  "real_time": 464.4313576221466,
  "partition": {
    "cpu_time": 389.8873801300001,
    "real_time": 389.89291405677795,
    "no_test": 8202316,
    "no_disc": 326136,
    "n_regions": 3998
  },
  "generation": {
    "cpu_time": 74.53816435999988,
    "real_time": 74.53844356536865,
    "no_test": 5000000,
    "no_disc": 183918
  },
  "config": {
    "max_depth": 12,
    "min_samples_per_region": 1000,
    "max_samples_per_region": 3000,
    "min_gain": 0.0,
    "gini_weight_mode": "sample",
    "max_split_ratio": 1.0,
    "sampling_risk_focus_alpha": 1.0,
    "sampling_risk_floor": 1e-05,
    "batch_size": 512,
    "disc_phase": "generation",
    "sample_draws": 5000000,
    "random_seed": 1
  }
}