{
  "label": "regionft_d12-LogReg-Adult-age-d5000000",
  "repeat": 1,
  "method": "regionft_d12",
  "model": "LogReg",
  "dataset": "Adult",
  "protected": "age",
  "runtime": 7200,
  "no_disc": 5164927,
  "no_test": 12083256,
  "prec": 0.4274449701305675,
  "cpu_time": 718.042979627,
  "real_time": 718.0496454238892,
  "partition": {
    "cpu_time": 481.90429669900004,
    "real_time": 481.910667181015,
    "no_test": 7083256,
    "no_disc": 2241427,
    "n_regions": 3479
  },
  "generation": {
    "cpu_time": 236.13868292799998,
    "real_time": 236.13897824287415,
    "no_test": 5000000,
    "no_disc": 2923500
  },
  "config": {
    "max_depth": 12,
    "min_samples_per_region": 1000,
    "max_samples_per_region": 3000,
    "min_gain": 0.0,
    "gini_weight_mode": "sample",
    "max_split_ratio": 1.0,
    "sampling_risk_focus_alpha": 1.0,
    "sampling_risk_floor": 1e-05,
    "batch_size": 512,
    "disc_phase": "generation",
    "sample_draws": 5000000,
    "random_seed": 1
  }
}