{
  "label": "regionft_d12-LogReg-Lsac-race-d5000000",
  "repeat": 4,
  "method": "regionft_d12",
  "model": "LogReg",
  "dataset": "Lsac",
  "protected": "race",
  "runtime": 7200,
  "no_disc": 1949461,
  "no_test": 12545099,
  "prec": 0.15539622285962032,
  "cpu_time": 495.66254833299996,
  "real_time": 495.66544485092163,
  "partition": {
    "cpu_time": 409.500295276,
    "real_time": 409.50285172462463,
    "no_test": 7545099,
    "no_disc": 1004154,
    "n_regions": 3667
  },
  "generation": {
    "cpu_time": 86.16225305699999,
    "real_time": 86.162593126297,
    "no_test": 5000000,
    "no_disc": 945307
  },
  "config": {
    "max_depth": 12,
    "min_samples_per_region": 1000,
    "max_samples_per_region": 3000,
    "min_gain": 0.0,
    "gini_weight_mode": "sample",
    "max_split_ratio": 1.0,
    "sampling_risk_focus_alpha": 1.0,
    "sampling_risk_floor": 1e-05,
    "batch_size": 512,
    "disc_phase": "generation",
    "sample_draws": 5000000,
    "random_seed": 4
  }
}