{
  "label": "regionft_d12-MLP-Credit-age-d5000000",
  "repeat": 0,
  "method": "regionft_d12",
  "model": "MLP",
  "dataset": "Credit",
  "protected": "age",
  "runtime": 7200,
  "no_disc": 2288773,
  "no_test": 13023447,
  "prec": 0.17574248968034345,
  "cpu_time": 739.0844214999998,
  "real_time": 739.1001725196838,
  "partition": {
    "cpu_time": 522.085632445,
    "real_time": 522.1003308296204,
    "no_test": 8023447,
    "no_disc": 923514,
    "n_regions": 3874
  },
  "generation": {
    "cpu_time": 216.99878905499986,
    "real_time": 216.99984169006348,
    "no_test": 5000000,
    "no_disc": 1365259
  },
  "config": {
    "max_depth": 12,
    "min_samples_per_region": 1000,
    "max_samples_per_region": 3000,
    "min_gain": 0.0,
    "gini_weight_mode": "sample",
    "max_split_ratio": 1.0,
    "sampling_risk_focus_alpha": 1.0,
    "sampling_risk_floor": 1e-05,
    "batch_size": 512,
    "disc_phase": "generation",
    "sample_draws": 5000000,
    "random_seed": 0
  }
}