{
  "label": "regionft_d12-GBDT-Credit-age-d5000000",
  "repeat": 1,
  "method": "regionft_d12",
  "model": "GBDT",
  "dataset": "Credit",
  "protected": "age",
  "runtime": 7200,
  "no_disc": 3027455,
  "no_test": 13357196,
  "prec": 0.2266534832610078,
  "cpu_time": 823.785465705,
  "real_time": 823.8084752559662,
  "partition": {
    "cpu_time": 609.4177895730002,
    "real_time": 609.4371473789215,
    "no_test": 8357196,
    "no_disc": 1578226,
    "n_regions": 4020
  },
  "generation": {
    "cpu_time": 214.36767613199981,
    "real_time": 214.37132787704468,
    "no_test": 5000000,
    "no_disc": 1449229
  },
  "config": {
    "max_depth": 12,
    "min_samples_per_region": 1000,
    "max_samples_per_region": 3000,
    "min_gain": 0.0,
    "gini_weight_mode": "sample",
    "max_split_ratio": 1.0,
    "sampling_risk_focus_alpha": 1.0,
    "sampling_risk_floor": 1e-05,
    "batch_size": 512,
    "disc_phase": "generation",
    "sample_draws": 5000000,
    "random_seed": 1
  }
}