{
  "label": "regionft_d12-DecTree-Credit-age-d5000000",
  "repeat": 3,
  "method": "regionft_d12",
  "model": "DecTree",
  "dataset": "Credit",
  "protected": "age",
  "runtime": 7200,
  "no_disc": 5245612,
  "no_test": 5471448,
  "prec": 0.958724637426875,
  "cpu_time": 246.85179678300028,
  "real_time": 246.86031198501587,
  "partition": {
    "cpu_time": 37.77794537300042,
    "real_time": 37.785205364227295,
    "no_test": 471448,
    "no_disc": 259540,
    "n_regions": 225
  },
  "generation": {
    "cpu_time": 209.07385140999986,
    "real_time": 209.07510662078857,
    "no_test": 5000000,
    "no_disc": 4986072
  },
  "config": {
    "max_depth": 12,
    "min_samples_per_region": 1000,
    "max_samples_per_region": 3000,
    "min_gain": 0.0,
    "gini_weight_mode": "sample",
    "max_split_ratio": 1.0,
    "sampling_risk_focus_alpha": 1.0,
    "sampling_risk_floor": 1e-05,
    "batch_size": 512,
    "disc_phase": "generation",
    "sample_draws": 5000000,
    "random_seed": 3
  }
}