{
  "label": "regionft_d12-GBDT-Adult-age-d5000000",
  "repeat": 4,
  "method": "regionft_d12",
  "model": "GBDT",
  "dataset": "Adult",
  "protected": "age",
  "runtime": 7200,
  "no_disc": 6311418,
  "no_test": 12116163,
  "prec": 0.520908970934115,
  "cpu_time": 891.3662338650001,
  "real_time": 891.380490064621,
  "partition": {
    "cpu_time": 623.064417606,
    "real_time": 623.0816624164581,
    "no_test": 7116163,
    "no_disc": 2420138,
    "n_regions": 3453
  },
  "generation": {
    "cpu_time": 268.30181625900013,
    "real_time": 268.29882764816284,
    "no_test": 5000000,
    "no_disc": 3891280
  },
  "config": {
    "max_depth": 12,
    "min_samples_per_region": 1000,
    "max_samples_per_region": 3000,
    "min_gain": 0.0,
    "gini_weight_mode": "sample",
    "max_split_ratio": 1.0,
    "sampling_risk_focus_alpha": 1.0,
    "sampling_risk_floor": 1e-05,
    "batch_size": 512,
    "disc_phase": "generation",
    "sample_draws": 5000000,
    "random_seed": 4
  }
}