{
  "label": "regionft_d12-DecTree-Credit-age-d5000000",
  "repeat": 1,
  "method": "regionft_d12",
  "model": "DecTree",
  "dataset": "Credit",
  "protected": "age",
  "runtime": 7200,
  "no_disc": 5246522,
  "no_test": 5467413,
  "prec": 0.9595986255291122,
  "cpu_time": 244.58214828100017,
  "real_time": 244.5898470878601,
  "partition": {
    "cpu_time": 37.90594504699993,
    "real_time": 37.9101357460022,
    "no_test": 467413,
    "no_disc": 259812,
    "n_regions": 223
  },
  "generation": {
    "cpu_time": 206.67620323400024,
    "real_time": 206.6797113418579,
    "no_test": 5000000,
    "no_disc": 4986710
  },
  "config": {
    "max_depth": 12,
    "min_samples_per_region": 1000,
    "max_samples_per_region": 3000,
    "min_gain": 0.0,
    "gini_weight_mode": "sample",
    "max_split_ratio": 1.0,
    "sampling_risk_focus_alpha": 1.0,
    "sampling_risk_floor": 1e-05,
    "batch_size": 512,
    "disc_phase": "generation",
    "sample_draws": 5000000,
    "random_seed": 1
  }
}