{
  "label": "regionft_d12-MLP-Adult-age-d5000000",
  "repeat": 2,
  "method": "regionft_d12",
  "model": "MLP",
  "dataset": "Adult",
  "protected": "age",
  "runtime": 7200,
  "no_disc": 5482131,
  "no_test": 13341960,
  "prec": 0.41089397659714166,
  "cpu_time": 952.0172483650001,
  "real_time": 952.0454411506653,
  "partition": {
    "cpu_time": 674.1345113140001,
    "real_time": 674.1517355442047,
    "no_test": 8341960,
    "no_disc": 2687075,
    "n_regions": 4038
  },
  "generation": {
    "cpu_time": 277.88273705100005,
    "real_time": 277.89370560646057,
    "no_test": 5000000,
    "no_disc": 2795056
  },
  "config": {
    "max_depth": 12,
    "min_samples_per_region": 1000,
    "max_samples_per_region": 3000,
    "min_gain": 0.0,
    "gini_weight_mode": "sample",
    "max_split_ratio": 1.0,
    "sampling_risk_focus_alpha": 1.0,
    "sampling_risk_floor": 1e-05,
    "batch_size": 512,
    "disc_phase": "generation",
    "sample_draws": 5000000,
    "random_seed": 2
  }
}