{
  "label": "regionft_d12-MLP-Adult-sex-d5000000",
  "repeat": 0,
  "method": "regionft_d12",
  "model": "MLP",
  "dataset": "Adult",
  "protected": "sex",
  "runtime": 7200,
  "no_disc": 519253,
  "no_test": 12603038,
  "prec": 0.04120062162789639,
  "cpu_time": 430.1368603210001,
  "real_time": 430.16043162345886,
  "partition": {
    "cpu_time": 333.8993963610001,
    "real_time": 333.9201502799988,
    "no_test": 7603038,
    "no_disc": 296303,
    "n_regions": 3714
  },
  "generation": {
    "cpu_time": 96.23746396000001,
    "real_time": 96.24028134346008,
    "no_test": 5000000,
    "no_disc": 222950
  },
  "config": {
    "max_depth": 12,
    "min_samples_per_region": 1000,
    "max_samples_per_region": 3000,
    "min_gain": 0.0,
    "gini_weight_mode": "sample",
    "max_split_ratio": 1.0,
    "sampling_risk_focus_alpha": 1.0,
    "sampling_risk_floor": 1e-05,
    "batch_size": 512,
    "disc_phase": "generation",
    "sample_draws": 5000000,
    "random_seed": 0
  }
}