{
  "label": "regionft_d12-LogReg-Lsac-sex-d5000000",
  "repeat": 2,
  "method": "regionft_d12",
  "model": "LogReg",
  "dataset": "Lsac",
  "protected": "sex",
  "runtime": 7200,
  "no_disc": 552601,
  "no_test": 12155790,
  "prec": 0.04545990017925614,
  "cpu_time": 416.914649091,
  "real_time": 416.9193148612976,
  "partition": {
    "cpu_time": 347.4797037400001,
    "real_time": 347.4837362766266,
    "no_test": 7155790,
    "no_disc": 310477,
    "n_regions": 3494
  },
  "generation": {
    "cpu_time": 69.4349453509999,
    "real_time": 69.43557858467102,
    "no_test": 5000000,
    "no_disc": 242124
  },
  "config": {
    "max_depth": 12,
    "min_samples_per_region": 1000,
    "max_samples_per_region": 3000,
    "min_gain": 0.0,
    "gini_weight_mode": "sample",
    "max_split_ratio": 1.0,
    "sampling_risk_focus_alpha": 1.0,
    "sampling_risk_floor": 1e-05,
    "batch_size": 512,
    "disc_phase": "generation",
    "sample_draws": 5000000,
    "random_seed": 2
  }
}