{
  "label": "regionft_d12-GBDT-Lsac-race-d5000000",
  "repeat": 1,
  "method": "regionft_d12",
  "model": "GBDT",
  "dataset": "Lsac",
  "protected": "race",
  "runtime": 7200,
  "no_disc": 3187759,
  "no_test": 12752567,
  "prec": 0.24996998643488796,
  "cpu_time": 574.7563023100001,
  "real_time": 574.7664544582367,
  "partition": {
    "cpu_time": 460.8114062469999,
    "real_time": 460.82120013237,
    "no_test": 7752567,
    "no_disc": 1288827,
    "n_regions": 3747
  },
  "generation": {
    "cpu_time": 113.94489606300021,
    "real_time": 113.9452543258667,
    "no_test": 5000000,
    "no_disc": 1898932
  },
  "config": {
    "max_depth": 12,
    "min_samples_per_region": 1000,
    "max_samples_per_region": 3000,
    "min_gain": 0.0,
    "gini_weight_mode": "sample",
    "max_split_ratio": 1.0,
    "sampling_risk_focus_alpha": 1.0,
    "sampling_risk_floor": 1e-05,
    "batch_size": 512,
    "disc_phase": "generation",
    "sample_draws": 5000000,
    "random_seed": 1
  }
}