{
  "label": "regionft_d12-MLP-Adult-race-d5000000",
  "repeat": 4,
  "method": "regionft_d12",
  "model": "MLP",
  "dataset": "Adult",
  "protected": "race",
  "runtime": 7200,
  "no_disc": 1383481,
  "no_test": 13191531,
  "prec": 0.10487645444641717,
  "cpu_time": 706.3914740240002,
  "real_time": 706.3990516662598,
  "partition": {
    "cpu_time": 510.11766286400007,
    "real_time": 510.12331104278564,
    "no_test": 8191531,
    "no_disc": 861253,
    "n_regions": 3995
  },
  "generation": {
    "cpu_time": 196.27381116000015,
    "real_time": 196.27574062347412,
    "no_test": 5000000,
    "no_disc": 522228
  },
  "config": {
    "max_depth": 12,
    "min_samples_per_region": 1000,
    "max_samples_per_region": 3000,
    "min_gain": 0.0,
    "gini_weight_mode": "sample",
    "max_split_ratio": 1.0,
    "sampling_risk_focus_alpha": 1.0,
    "sampling_risk_floor": 1e-05,
    "batch_size": 512,
    "disc_phase": "generation",
    "sample_draws": 5000000,
    "random_seed": 4
  }
}