{
  "label": "regionft_d12-GBDT-Adult-age-d5000000",
  "repeat": 2,
  "method": "regionft_d12",
  "model": "GBDT",
  "dataset": "Adult",
  "protected": "age",
  "runtime": 7200,
  "no_disc": 6650108,
  "no_test": 12376976,
  "prec": 0.5372966708507797,
  "cpu_time": 895.5090238810001,
  "real_time": 895.5137071609497,
  "partition": {
    "cpu_time": 625.8527337610001,
    "real_time": 625.8517439365387,
    "no_test": 7376976,
    "no_disc": 2758214,
    "n_regions": 3582
  },
  "generation": {
    "cpu_time": 269.65629012,
    "real_time": 269.661963224411,
    "no_test": 5000000,
    "no_disc": 3891894
  },
  "config": {
    "max_depth": 12,
    "min_samples_per_region": 1000,
    "max_samples_per_region": 3000,
    "min_gain": 0.0,
    "gini_weight_mode": "sample",
    "max_split_ratio": 1.0,
    "sampling_risk_focus_alpha": 1.0,
    "sampling_risk_floor": 1e-05,
    "batch_size": 512,
    "disc_phase": "generation",
    "sample_draws": 5000000,
    "random_seed": 2
  }
}