{
  "label": "regionft_d12-DecTree-Bank-age-d5000000",
  "repeat": 0,
  "method": "regionft_d12",
  "model": "DecTree",
  "dataset": "Bank",
  "protected": "age",
  "runtime": 7200,
  "no_disc": 5131038,
  "no_test": 8791325,
  "prec": 0.5836478574048849,
  "cpu_time": 561.6031667079997,
  "real_time": 561.6099908351898,
  "partition": {
    "cpu_time": 317.45905930599974,
    "real_time": 317.463485956192,
    "no_test": 3791325,
    "no_disc": 1142439,
    "n_regions": 1799
  },
  "generation": {
    "cpu_time": 244.14410740199992,
    "real_time": 244.1465048789978,
    "no_test": 5000000,
    "no_disc": 3988599
  },
  "config": {
    "max_depth": 12,
    "min_samples_per_region": 1000,
    "max_samples_per_region": 3000,
    "min_gain": 0.0,
    "gini_weight_mode": "sample",
    "max_split_ratio": 1.0,
    "sampling_risk_focus_alpha": 1.0,
    "sampling_risk_floor": 1e-05,
    "batch_size": 512,
    "disc_phase": "generation",
    "sample_draws": 5000000,
    "random_seed": 0
  }
}