{
  "label": "regionft_d12-GBDT-Adult-race-d5000000",
  "repeat": 0,
  "method": "regionft_d12",
  "model": "GBDT",
  "dataset": "Adult",
  "protected": "race",
  "runtime": 7200,
  "no_disc": 822530,
  "no_test": 11561132,
  "prec": 0.07114614728038743,
  "cpu_time": 565.892942644,
  "real_time": 565.8920936584473,
  "partition": {
    "cpu_time": 400.78927139300004,
    "real_time": 400.78963255882263,
    "no_test": 6561132,
    "no_disc": 358576,
    "n_regions": 3220
  },
  "generation": {
    "cpu_time": 165.10367125099992,
    "real_time": 165.10246109962463,
    "no_test": 5000000,
    "no_disc": 463954
  },
  "config": {
    "max_depth": 12,
    "min_samples_per_region": 1000,
    "max_samples_per_region": 3000,
    "min_gain": 0.0,
    "gini_weight_mode": "sample",
    "max_split_ratio": 1.0,
    "sampling_risk_focus_alpha": 1.0,
    "sampling_risk_floor": 1e-05,
    "batch_size": 512,
    "disc_phase": "generation",
    "sample_draws": 5000000,
    "random_seed": 0
  }
}