{
  "label": "regionft_d12-MLP-Credit-age-d5000000",
  "repeat": 1,
  "method": "regionft_d12",
  "model": "MLP",
  "dataset": "Credit",
  "protected": "age",
  "runtime": 7200,
  "no_disc": 2399216,
  "no_test": 13253346,
  "prec": 0.18102719117119556,
  "cpu_time": 741.9852647340001,
  "real_time": 741.9905343055725,
  "partition": {
    "cpu_time": 530.2283350290002,
    "real_time": 530.2332909107208,
    "no_test": 8253346,
    "no_disc": 1020573,
    "n_regions": 3985
  },
  "generation": {
    "cpu_time": 211.75692970499995,
    "real_time": 211.75724339485168,
    "no_test": 5000000,
    "no_disc": 1378643
  },
  "config": {
    "max_depth": 12,
    "min_samples_per_region": 1000,
    "max_samples_per_region": 3000,
    "min_gain": 0.0,
    "gini_weight_mode": "sample",
    "max_split_ratio": 1.0,
    "sampling_risk_focus_alpha": 1.0,
    "sampling_risk_floor": 1e-05,
    "batch_size": 512,
    "disc_phase": "generation",
    "sample_draws": 5000000,
    "random_seed": 1
  }
}