{
  "label": "regionft_d12-GBDT-Adult-sex-d5000000",
  "repeat": 3,
  "method": "regionft_d12",
  "model": "GBDT",
  "dataset": "Adult",
  "protected": "sex",
  "runtime": 7200,
  "no_disc": 1341798,
  "no_test": 11361802,
  "prec": 0.11809728773657559,
  "cpu_time": 394.04761350699994,
  "real_time": 394.05507016181946,
  "partition": {
    "cpu_time": 303.125956243,
    "real_time": 303.13288712501526,
    "no_test": 6361802,
    "no_disc": 533957,
    "n_regions": 3122
  },
  "generation": {
    "cpu_time": 90.92165726399992,
    "real_time": 90.9221830368042,
    "no_test": 5000000,
    "no_disc": 807841
  },
  "config": {
    "max_depth": 12,
    "min_samples_per_region": 1000,
    "max_samples_per_region": 3000,
    "min_gain": 0.0,
    "gini_weight_mode": "sample",
    "max_split_ratio": 1.0,
    "sampling_risk_focus_alpha": 1.0,
    "sampling_risk_floor": 1e-05,
    "batch_size": 512,
    "disc_phase": "generation",
    "sample_draws": 5000000,
    "random_seed": 3
  }
}