{
  "label": "regionft_d12-DecTree-Lsac-race-d5000000",
  "repeat": 1,
  "method": "regionft_d12",
  "model": "DecTree",
  "dataset": "Lsac",
  "protected": "race",
  "runtime": 7200,
  "no_disc": 4992592,
  "no_test": 7787464,
  "prec": 0.6411062702825978,
  "cpu_time": 283.55166911399965,
  "real_time": 283.5624666213989,
  "partition": {
    "cpu_time": 176.28325184799996,
    "real_time": 176.29280638694763,
    "no_test": 2787464,
    "no_disc": 503220,
    "n_regions": 1342
  },
  "generation": {
    "cpu_time": 107.26841726599969,
    "real_time": 107.2696602344513,
    "no_test": 5000000,
    "no_disc": 4489372
  },
  "config": {
    "max_depth": 12,
    "min_samples_per_region": 1000,
    "max_samples_per_region": 3000,
    "min_gain": 0.0,
    "gini_weight_mode": "sample",
    "max_split_ratio": 1.0,
    "sampling_risk_focus_alpha": 1.0,
    "sampling_risk_floor": 1e-05,
    "batch_size": 512,
    "disc_phase": "generation",
    "sample_draws": 5000000,
    "random_seed": 1
  }
}