{
  "label": "regionft_d12-MLP-Credit-sex-d5000000",
  "repeat": 3,
  "method": "regionft_d12",
  "model": "MLP",
  "dataset": "Credit",
  "protected": "sex",
  "runtime": 7200,
  "no_disc": 1128927,
  "no_test": 12562036,
  "prec": 0.0898681551302671,
  "cpu_time": 399.69176730300023,
  "real_time": 399.7015733718872,
  "partition": {
    "cpu_time": 312.39832270800025,
    "real_time": 312.40312480926514,
    "no_test": 7562036,
    "no_disc": 546173,
    "n_regions": 3656
  },
  "generation": {
    "cpu_time": 87.29344459499998,
    "real_time": 87.29844856262207,
    "no_test": 5000000,
    "no_disc": 582754
  },
  "config": {
    "max_depth": 12,
    "min_samples_per_region": 1000,
    "max_samples_per_region": 3000,
    "min_gain": 0.0,
    "gini_weight_mode": "sample",
    "max_split_ratio": 1.0,
    "sampling_risk_focus_alpha": 1.0,
    "sampling_risk_floor": 1e-05,
    "batch_size": 512,
    "disc_phase": "generation",
    "sample_draws": 5000000,
    "random_seed": 3
  }
}