{
  "label": "regionft_d12-GBDT-Credit-sex-d5000000",
  "repeat": 3,
  "method": "regionft_d12",
  "model": "GBDT",
  "dataset": "Credit",
  "protected": "sex",
  "runtime": 7200,
  "no_disc": 1038311,
  "no_test": 11608690,
  "prec": 0.08944256414806494,
  "cpu_time": 374.654668232,
  "real_time": 374.6629259586334,
  "partition": {
    "cpu_time": 277.67238229500003,
    "real_time": 277.68007469177246,
    "no_test": 6608690,
    "no_disc": 376234,
    "n_regions": 3229
  },
  "generation": {
    "cpu_time": 96.98228593699997,
    "real_time": 96.98285126686096,
    "no_test": 5000000,
    "no_disc": 662077
  },
  "config": {
    "max_depth": 12,
    "min_samples_per_region": 1000,
    "max_samples_per_region": 3000,
    "min_gain": 0.0,
    "gini_weight_mode": "sample",
    "max_split_ratio": 1.0,
    "sampling_risk_focus_alpha": 1.0,
    "sampling_risk_floor": 1e-05,
    "batch_size": 512,
    "disc_phase": "generation",
    "sample_draws": 5000000,
    "random_seed": 3
  }
}