{
  "label": "regionft_d12-DecTree-Lsac-race-d5000000",
  "repeat": 4,
  "method": "regionft_d12",
  "model": "DecTree",
  "dataset": "Lsac",
  "protected": "race",
  "runtime": 7200,
  "no_disc": 4706548,
  "no_test": 7185502,
  "prec": 0.6550061498834737,
  "cpu_time": 241.19979693900018,
  "real_time": 241.21001029014587,
  "partition": {
    "cpu_time": 137.766448974,
    "real_time": 137.77350640296936,
    "no_test": 2185502,
    "no_disc": 359261,
    "n_regions": 1036
  },
  "generation": {
    "cpu_time": 103.43334796500017,
    "real_time": 103.43650388717651,
    "no_test": 5000000,
    "no_disc": 4347287
  },
  "config": {
    "max_depth": 12,
    "min_samples_per_region": 1000,
    "max_samples_per_region": 3000,
    "min_gain": 0.0,
    "gini_weight_mode": "sample",
    "max_split_ratio": 1.0,
    "sampling_risk_focus_alpha": 1.0,
    "sampling_risk_floor": 1e-05,
    "batch_size": 512,
    "disc_phase": "generation",
    "sample_draws": 5000000,
    "random_seed": 4
  }
}