{
  "label": "regionft_d12-MLP-Lsac-race-d5000000",
  "repeat": 4,
  "method": "regionft_d12",
  "model": "MLP",
  "dataset": "Lsac",
  "protected": "race",
  "runtime": 7200,
  "no_disc": 1091718,
  "no_test": 13294084,
  "prec": 0.08212058837600243,
  "cpu_time": 539.085924774,
  "real_time": 539.0926496982574,
  "partition": {
    "cpu_time": 439.05020080700024,
    "real_time": 439.05642437934875,
    "no_test": 8294084,
    "no_disc": 569753,
    "n_regions": 4011
  },
  "generation": {
    "cpu_time": 100.03572396699974,
    "real_time": 100.03622531890869,
    "no_test": 5000000,
    "no_disc": 521965
  },
  "config": {
    "max_depth": 12,
    "min_samples_per_region": 1000,
    "max_samples_per_region": 3000,
    "min_gain": 0.0,
    "gini_weight_mode": "sample",
    "max_split_ratio": 1.0,
    "sampling_risk_focus_alpha": 1.0,
    "sampling_risk_floor": 1e-05,
    "batch_size": 512,
    "disc_phase": "generation",
    "sample_draws": 5000000,
    "random_seed": 4
  }
}