{
  "label": "regionft_d12-MLP-Adult-race-d5000000",
  "repeat": 2,
  "method": "regionft_d12",
  "model": "MLP",
  "dataset": "Adult",
  "protected": "race",
  "runtime": 7200,
  "no_disc": 1203605,
  "no_test": 13016760,
  "prec": 0.09246579025809802,
  "cpu_time": 688.077845879,
  "real_time": 688.085777759552,
  "partition": {
    "cpu_time": 491.98935592800035,
    "real_time": 491.99558424949646,
    "no_test": 8016760,
    "no_disc": 690967,
    "n_regions": 3904
  },
  "generation": {
    "cpu_time": 196.0884899509997,
    "real_time": 196.09019351005554,
    "no_test": 5000000,
    "no_disc": 512638
  },
  "config": {
    "max_depth": 12,
    "min_samples_per_region": 1000,
    "max_samples_per_region": 3000,
    "min_gain": 0.0,
    "gini_weight_mode": "sample",
    "max_split_ratio": 1.0,
    "sampling_risk_focus_alpha": 1.0,
    "sampling_risk_floor": 1e-05,
    "batch_size": 512,
    "disc_phase": "generation",
    "sample_draws": 5000000,
    "random_seed": 2
  }
}