{
  "label": "regionft_d12-GBDT-Lsac-sex-d5000000",
  "repeat": 0,
  "method": "regionft_d12",
  "model": "GBDT",
  "dataset": "Lsac",
  "protected": "sex",
  "runtime": 7200,
  "no_disc": 899052,
  "no_test": 12014422,
  "prec": 0.07483106553107591,
  "cpu_time": 453.72868207600004,
  "real_time": 453.766982793808,
  "partition": {
    "cpu_time": 366.8631280559998,
    "real_time": 366.9005138874054,
    "no_test": 7014422,
    "no_disc": 493520,
    "n_regions": 3439
  },
  "generation": {
    "cpu_time": 86.86555402000022,
    "real_time": 86.86646890640259,
    "no_test": 5000000,
    "no_disc": 405532
  },
  "config": {
    "max_depth": 12,
    "min_samples_per_region": 1000,
    "max_samples_per_region": 3000,
    "min_gain": 0.0,
    "gini_weight_mode": "sample",
    "max_split_ratio": 1.0,
    "sampling_risk_focus_alpha": 1.0,
    "sampling_risk_floor": 1e-05,
    "batch_size": 512,
    "disc_phase": "generation",
    "sample_draws": 5000000,
    "random_seed": 0
  }
}