{
  "label": "regionft_d12-MLP-Lsac-sex-d5000000",
  "repeat": 2,
  "method": "regionft_d12",
  "model": "MLP",
  "dataset": "Lsac",
  "protected": "sex",
  "runtime": 7200,
  "no_disc": 402032,
  "no_test": 12101589,
  "prec": 0.03322142240990005,
  "cpu_time": 411.7396892940001,
  "real_time": 411.7455368041992,
  "partition": {
    "cpu_time": 337.38926556800016,
    "real_time": 337.39484691619873,
    "no_test": 7101589,
    "no_disc": 223007,
    "n_regions": 3463
  },
  "generation": {
    "cpu_time": 74.35042372599992,
    "real_time": 74.35068988800049,
    "no_test": 5000000,
    "no_disc": 179025
  },
  "config": {
    "max_depth": 12,
    "min_samples_per_region": 1000,
    "max_samples_per_region": 3000,
    "min_gain": 0.0,
    "gini_weight_mode": "sample",
    "max_split_ratio": 1.0,
    "sampling_risk_focus_alpha": 1.0,
    "sampling_risk_floor": 1e-05,
    "batch_size": 512,
    "disc_phase": "generation",
    "sample_draws": 5000000,
    "random_seed": 2
  }
}