{
  "label": "regionft_d12-GBDT-Adult-sex-d5000000",
  "repeat": 4,
  "method": "regionft_d12",
  "model": "GBDT",
  "dataset": "Adult",
  "protected": "sex",
  "runtime": 7200,
  "no_disc": 1532831,
  "no_test": 12327110,
  "prec": 0.12434633908515459,
  "cpu_time": 456.112044668,
  "real_time": 456.1141731739044,
  "partition": {
    "cpu_time": 365.90738752199996,
    "real_time": 365.90907764434814,
    "no_test": 7327110,
    "no_disc": 675745,
    "n_regions": 3600
  },
  "generation": {
    "cpu_time": 90.20465714600005,
    "real_time": 90.20509552955627,
    "no_test": 5000000,
    "no_disc": 857086
  },
  "config": {
    "max_depth": 12,
    "min_samples_per_region": 1000,
    "max_samples_per_region": 3000,
    "min_gain": 0.0,
    "gini_weight_mode": "sample",
    "max_split_ratio": 1.0,
    "sampling_risk_focus_alpha": 1.0,
    "sampling_risk_floor": 1e-05,
    "batch_size": 512,
    "disc_phase": "generation",
    "sample_draws": 5000000,
    "random_seed": 4
  }
}