{
  "label": "regionft_d12-DecTree-Credit-age-d5000000",
  "repeat": 2,
  "method": "regionft_d12",
  "model": "DecTree",
  "dataset": "Credit",
  "protected": "age",
  "runtime": 7200,
  "no_disc": 5244422,
  "no_test": 5469442,
  "prec": 0.9588586916179018,
  "cpu_time": 244.33861178899997,
  "real_time": 244.34422373771667,
  "partition": {
    "cpu_time": 37.47161398299977,
    "real_time": 37.475953102111816,
    "no_test": 469442,
    "no_disc": 258143,
    "n_regions": 224
  },
  "generation": {
    "cpu_time": 206.8669978060002,
    "real_time": 206.86827063560486,
    "no_test": 5000000,
    "no_disc": 4986279
  },
  "config": {
    "max_depth": 12,
    "min_samples_per_region": 1000,
    "max_samples_per_region": 3000,
    "min_gain": 0.0,
    "gini_weight_mode": "sample",
    "max_split_ratio": 1.0,
    "sampling_risk_focus_alpha": 1.0,
    "sampling_risk_floor": 1e-05,
    "batch_size": 512,
    "disc_phase": "generation",
    "sample_draws": 5000000,
    "random_seed": 2
  }
}