{
  "label": "regionft_d12-LogReg-Credit-age-d5000000",
  "repeat": 2,
  "method": "regionft_d12",
  "model": "LogReg",
  "dataset": "Credit",
  "protected": "age",
  "runtime": 7200,
  "no_disc": 2525990,
  "no_test": 13418679,
  "prec": 0.18824431227544827,
  "cpu_time": 748.8370779549999,
  "real_time": 748.8672711849213,
  "partition": {
    "cpu_time": 551.742336899,
    "real_time": 551.7711877822876,
    "no_test": 8418679,
    "no_disc": 1276242,
    "n_regions": 4045
  },
  "generation": {
    "cpu_time": 197.09474105599998,
    "real_time": 197.09608340263367,
    "no_test": 5000000,
    "no_disc": 1249748
  },
  "config": {
    "max_depth": 12,
    "min_samples_per_region": 1000,
    "max_samples_per_region": 3000,
    "min_gain": 0.0,
    "gini_weight_mode": "sample",
    "max_split_ratio": 1.0,
    "sampling_risk_focus_alpha": 1.0,
    "sampling_risk_floor": 1e-05,
    "batch_size": 512,
    "disc_phase": "generation",
    "sample_draws": 5000000,
    "random_seed": 2
  }
}