{
  "label": "regionft_d12-DecTree-Adult-race-d5000000",
  "repeat": 0,
  "method": "regionft_d12",
  "model": "DecTree",
  "dataset": "Adult",
  "protected": "race",
  "runtime": 7200,
  "no_disc": 4533104,
  "no_test": 6578748,
  "prec": 0.689052689052689,
  "cpu_time": 241.74913072000004,
  "real_time": 241.75729942321777,
  "partition": {
    "cpu_time": 89.45587820399999,
    "real_time": 89.46335315704346,
    "no_test": 1578748,
    "no_disc": 168086,
    "n_regions": 769
  },
  "generation": {
    "cpu_time": 152.29325251600005,
    "real_time": 152.29394626617432,
    "no_test": 5000000,
    "no_disc": 4365018
  },
  "config": {
    "max_depth": 12,
    "min_samples_per_region": 1000,
    "max_samples_per_region": 3000,
    "min_gain": 0.0,
    "gini_weight_mode": "sample",
    "max_split_ratio": 1.0,
    "sampling_risk_focus_alpha": 1.0,
    "sampling_risk_floor": 1e-05,
    "batch_size": 512,
    "disc_phase": "generation",
    "sample_draws": 5000000,
    "random_seed": 0
  }
}