{
  "label": "regionft_d12-LogReg-Adult-sex-d5000000",
  "repeat": 1,
  "method": "regionft_d12",
  "model": "LogReg",
  "dataset": "Adult",
  "protected": "sex",
  "runtime": 7200,
  "no_disc": 583502,
  "no_test": 9056597,
  "prec": 0.06442839402040303,
  "cpu_time": 231.47942372499983,
  "real_time": 231.48280835151672,
  "partition": {
    "cpu_time": 161.25123162,
    "real_time": 161.25401091575623,
    "no_test": 4056597,
    "no_disc": 242183,
    "n_regions": 1993
  },
  "generation": {
    "cpu_time": 70.22819210499983,
    "real_time": 70.2287974357605,
    "no_test": 5000000,
    "no_disc": 341319
  },
  "config": {
    "max_depth": 12,
    "min_samples_per_region": 1000,
    "max_samples_per_region": 3000,
    "min_gain": 0.0,
    "gini_weight_mode": "sample",
    "max_split_ratio": 1.0,
    "sampling_risk_focus_alpha": 1.0,
    "sampling_risk_floor": 1e-05,
    "batch_size": 512,
    "disc_phase": "generation",
    "sample_draws": 5000000,
    "random_seed": 1
  }
}