{
  "label": "regionft_d12-MLP-Adult-age-d5000000",
  "repeat": 0,
  "method": "regionft_d12",
  "model": "MLP",
  "dataset": "Adult",
  "protected": "age",
  "runtime": 7200,
  "no_disc": 5424086,
  "no_test": 13177979,
  "prec": 0.41160226465681876,
  "cpu_time": 1030.47210611,
  "real_time": 1030.4801938533783,
  "partition": {
    "cpu_time": 715.408506597,
    "real_time": 715.4146583080292,
    "no_test": 8177979,
    "no_disc": 2641709,
    "n_regions": 3959
  },
  "generation": {
    "cpu_time": 315.0635995129999,
    "real_time": 315.0655355453491,
    "no_test": 5000000,
    "no_disc": 2782377
  },
  "config": {
    "max_depth": 12,
    "min_samples_per_region": 1000,
    "max_samples_per_region": 3000,
    "min_gain": 0.0,
    "gini_weight_mode": "sample",
    "max_split_ratio": 1.0,
    "sampling_risk_focus_alpha": 1.0,
    "sampling_risk_floor": 1e-05,
    "batch_size": 512,
    "disc_phase": "generation",
    "sample_draws": 5000000,
    "random_seed": 0
  }
}