{
  "label": "regionft_d12-MLP-Adult-sex-d5000000",
  "repeat": 2,
  "method": "regionft_d12",
  "model": "MLP",
  "dataset": "Adult",
  "protected": "sex",
  "runtime": 7200,
  "no_disc": 469000,
  "no_test": 12110872,
  "prec": 0.03872553520506203,
  "cpu_time": 394.72183362199985,
  "real_time": 394.7256381511688,
  "partition": {
    "cpu_time": 300.0351986249998,
    "real_time": 300.038250207901,
    "no_test": 7110872,
    "no_disc": 255950,
    "n_regions": 3473
  },
  "generation": {
    "cpu_time": 94.68663499700006,
    "real_time": 94.68738794326782,
    "no_test": 5000000,
    "no_disc": 213050
  },
  "config": {
    "max_depth": 12,
    "min_samples_per_region": 1000,
    "max_samples_per_region": 3000,
    "min_gain": 0.0,
    "gini_weight_mode": "sample",
    "max_split_ratio": 1.0,
    "sampling_risk_focus_alpha": 1.0,
    "sampling_risk_floor": 1e-05,
    "batch_size": 512,
    "disc_phase": "generation",
    "sample_draws": 5000000,
    "random_seed": 2
  }
}