{
  "label": "regionft_d12-GBDT-Credit-sex-d5000000",
  "repeat": 2,
  "method": "regionft_d12",
  "model": "GBDT",
  "dataset": "Credit",
  "protected": "sex",
  "runtime": 7200,
  "no_disc": 881447,
  "no_test": 11864395,
  "prec": 0.07429346376279616,
  "cpu_time": 382.085069428,
  "real_time": 382.0889382362366,
  "partition": {
    "cpu_time": 284.30753829599996,
    "real_time": 284.3104393482208,
    "no_test": 6864395,
    "no_disc": 284639,
    "n_regions": 3356
  },
  "generation": {
    "cpu_time": 97.77753113200004,
    "real_time": 97.77849888801575,
    "no_test": 5000000,
    "no_disc": 596808
  },
  "config": {
    "max_depth": 12,
    "min_samples_per_region": 1000,
    "max_samples_per_region": 3000,
    "min_gain": 0.0,
    "gini_weight_mode": "sample",
    "max_split_ratio": 1.0,
    "sampling_risk_focus_alpha": 1.0,
    "sampling_risk_floor": 1e-05,
    "batch_size": 512,
    "disc_phase": "generation",
    "sample_draws": 5000000,
    "random_seed": 2
  }
}