{
  "label": "regionft_d12-LogReg-Bank-age-d5000000",
  "repeat": 2,
  "method": "regionft_d12",
  "model": "LogReg",
  "dataset": "Bank",
  "protected": "age",
  "runtime": 7200,
  "no_disc": 936374,
  "no_test": 9555732,
  "prec": 0.09799081849511895,
  "cpu_time": 567.0536905470001,
  "real_time": 567.060252904892,
  "partition": {
    "cpu_time": 346.65394534000006,
    "real_time": 346.6592917442322,
    "no_test": 4555732,
    "no_disc": 301430,
    "n_regions": 2216
  },
  "generation": {
    "cpu_time": 220.39974520700002,
    "real_time": 220.4009611606598,
    "no_test": 5000000,
    "no_disc": 634944
  },
  "config": {
    "max_depth": 12,
    "min_samples_per_region": 1000,
    "max_samples_per_region": 3000,
    "min_gain": 0.0,
    "gini_weight_mode": "sample",
    "max_split_ratio": 1.0,
    "sampling_risk_focus_alpha": 1.0,
    "sampling_risk_floor": 1e-05,
    "batch_size": 512,
    "disc_phase": "generation",
    "sample_draws": 5000000,
    "random_seed": 2
  }
}