{
  "label": "regionft_d12-MLP-Adult-sex-d5000000",
  "repeat": 3,
  "method": "regionft_d12",
  "model": "MLP",
  "dataset": "Adult",
  "protected": "sex",
  "runtime": 7200,
  "no_disc": 593269,
  "no_test": 13125188,
  "prec": 0.04520080017139564,
  "cpu_time": 461.883241236,
  "real_time": 461.89156699180603,
  "partition": {
    "cpu_time": 362.94603039000003,
    "real_time": 362.9534521102905,
    "no_test": 8125188,
    "no_disc": 367050,
    "n_regions": 3984
  },
  "generation": {
    "cpu_time": 98.93721084599997,
    "real_time": 98.9381148815155,
    "no_test": 5000000,
    "no_disc": 226219
  },
  "config": {
    "max_depth": 12,
    "min_samples_per_region": 1000,
    "max_samples_per_region": 3000,
    "min_gain": 0.0,
    "gini_weight_mode": "sample",
    "max_split_ratio": 1.0,
    "sampling_risk_focus_alpha": 1.0,
    "sampling_risk_floor": 1e-05,
    "batch_size": 512,
    "disc_phase": "generation",
    "sample_draws": 5000000,
    "random_seed": 3
  }
}