{
  "label": "regionft_d12-LogReg-Credit-sex-d5000000",
  "repeat": 0,
  "method": "regionft_d12",
  "model": "LogReg",
  "dataset": "Credit",
  "protected": "sex",
  "runtime": 7200,
  "no_disc": 1019411,
  "no_test": 13140805,
  "prec": 0.07757599325155498,
  "cpu_time": 405.75750478500004,
  "real_time": 405.7681791782379,
  "partition": {
    "cpu_time": 325.0833886739997,
    "real_time": 325.08790278434753,
    "no_test": 8140805,
    "no_disc": 530260,
    "n_regions": 3931
  },
  "generation": {
    "cpu_time": 80.67411611100033,
    "real_time": 80.68027639389038,
    "no_test": 5000000,
    "no_disc": 489151
  },
  "config": {
    "max_depth": 12,
    "min_samples_per_region": 1000,
    "max_samples_per_region": 3000,
    "min_gain": 0.0,
    "gini_weight_mode": "sample",
    "max_split_ratio": 1.0,
    "sampling_risk_focus_alpha": 1.0,
    "sampling_risk_floor": 1e-05,
    "batch_size": 512,
    "disc_phase": "generation",
    "sample_draws": 5000000,
    "random_seed": 0
  }
}