{
  "label": "regionft_d12-GBDT-Bank-age-d5000000",
  "repeat": 1,
  "method": "regionft_d12",
  "model": "GBDT",
  "dataset": "Bank",
  "protected": "age",
  "runtime": 7200,
  "no_disc": 5263918,
  "no_test": 12145377,
  "prec": 0.43340918935657574,
  "cpu_time": 925.6389102449998,
  "real_time": 925.6343371868134,
  "partition": {
    "cpu_time": 665.8496888489999,
    "real_time": 665.847202539444,
    "no_test": 7145377,
    "no_disc": 2066579,
    "n_regions": 3439
  },
  "generation": {
    "cpu_time": 259.7892213959999,
    "real_time": 259.7871346473694,
    "no_test": 5000000,
    "no_disc": 3197339
  },
  "config": {
    "max_depth": 12,
    "min_samples_per_region": 1000,
    "max_samples_per_region": 3000,
    "min_gain": 0.0,
    "gini_weight_mode": "sample",
    "max_split_ratio": 1.0,
    "sampling_risk_focus_alpha": 1.0,
    "sampling_risk_floor": 1e-05,
    "batch_size": 512,
    "disc_phase": "generation",
    "sample_draws": 5000000,
    "random_seed": 1
  }
}