{
  "label": "regionft_d12-GBDT-Lsac-race-d5000000",
  "repeat": 0,
  "method": "regionft_d12",
  "model": "GBDT",
  "dataset": "Lsac",
  "protected": "race",
  "runtime": 7200,
  "no_disc": 3214080,
  "no_test": 12804321,
  "prec": 0.2510152627382584,
  "cpu_time": 576.769570962,
  "real_time": 576.7911841869354,
  "partition": {
    "cpu_time": 460.61061891400027,
    "real_time": 460.6272008419037,
    "no_test": 7804321,
    "no_disc": 1328150,
    "n_regions": 3776
  },
  "generation": {
    "cpu_time": 116.15895204799972,
    "real_time": 116.16398334503174,
    "no_test": 5000000,
    "no_disc": 1885930
  },
  "config": {
    "max_depth": 12,
    "min_samples_per_region": 1000,
    "max_samples_per_region": 3000,
    "min_gain": 0.0,
    "gini_weight_mode": "sample",
    "max_split_ratio": 1.0,
    "sampling_risk_focus_alpha": 1.0,
    "sampling_risk_floor": 1e-05,
    "batch_size": 512,
    "disc_phase": "generation",
    "sample_draws": 5000000,
    "random_seed": 0
  }
}