{
  "label": "regionft_d12-LogReg-Adult-sex-d5000000",
  "repeat": 4,
  "method": "regionft_d12",
  "model": "LogReg",
  "dataset": "Adult",
  "protected": "sex",
  "runtime": 7200,
  "no_disc": 718728,
  "no_test": 10827563,
  "prec": 0.06637947985156031,
  "cpu_time": 309.4053891499998,
  "real_time": 309.41016840934753,
  "partition": {
    "cpu_time": 239.07754815599992,
    "real_time": 239.08197283744812,
    "no_test": 5827563,
    "no_disc": 374619,
    "n_regions": 2868
  },
  "generation": {
    "cpu_time": 70.32784099399987,
    "real_time": 70.32819557189941,
    "no_test": 5000000,
    "no_disc": 344109
  },
  "config": {
    "max_depth": 12,
    "min_samples_per_region": 1000,
    "max_samples_per_region": 3000,
    "min_gain": 0.0,
    "gini_weight_mode": "sample",
    "max_split_ratio": 1.0,
    "sampling_risk_focus_alpha": 1.0,
    "sampling_risk_floor": 1e-05,
    "batch_size": 512,
    "disc_phase": "generation",
    "sample_draws": 5000000,
    "random_seed": 4
  }
}