{
  "label": "regionft_d12-LogReg-Adult-race-d5000000",
  "repeat": 3,
  "method": "regionft_d12",
  "model": "LogReg",
  "dataset": "Adult",
  "protected": "race",
  "runtime": 7200,
  "no_disc": 879514,
  "no_test": 11063357,
  "prec": 0.0794979317760423,
  "cpu_time": 442.7491383329998,
  "real_time": 442.75314474105835,
  "partition": {
    "cpu_time": 310.212032703,
    "real_time": 310.21573662757874,
    "no_test": 6063357,
    "no_disc": 421706,
    "n_regions": 2981
  },
  "generation": {
    "cpu_time": 132.53710562999981,
    "real_time": 132.53740811347961,
    "no_test": 5000000,
    "no_disc": 457808
  },
  "config": {
    "max_depth": 12,
    "min_samples_per_region": 1000,
    "max_samples_per_region": 3000,
    "min_gain": 0.0,
    "gini_weight_mode": "sample",
    "max_split_ratio": 1.0,
    "sampling_risk_focus_alpha": 1.0,
    "sampling_risk_floor": 1e-05,
    "batch_size": 512,
    "disc_phase": "generation",
    "sample_draws": 5000000,
    "random_seed": 3
  }
}