{
  "label": "regionft_d12-LogReg-Credit-age-d5000000",
  "repeat": 3,
  "method": "regionft_d12",
  "model": "LogReg",
  "dataset": "Credit",
  "protected": "age",
  "runtime": 7200,
  "no_disc": 2548850,
  "no_test": 13398144,
  "prec": 0.1902390360933574,
  "cpu_time": 728.3156669910002,
  "real_time": 728.3261415958405,
  "partition": {
    "cpu_time": 541.610978464,
    "real_time": 541.6201136112213,
    "no_test": 8398144,
    "no_disc": 1292132,
    "n_regions": 4034
  },
  "generation": {
    "cpu_time": 186.70468852700014,
    "real_time": 186.70602798461914,
    "no_test": 5000000,
    "no_disc": 1256718
  },
  "config": {
    "max_depth": 12,
    "min_samples_per_region": 1000,
    "max_samples_per_region": 3000,
    "min_gain": 0.0,
    "gini_weight_mode": "sample",
    "max_split_ratio": 1.0,
    "sampling_risk_focus_alpha": 1.0,
    "sampling_risk_floor": 1e-05,
    "batch_size": 512,
    "disc_phase": "generation",
    "sample_draws": 5000000,
    "random_seed": 3
  }
}