{
  "label": "regionft_d12-MLP-Bank-age-d5000000",
  "repeat": 2,
  "method": "regionft_d12",
  "model": "MLP",
  "dataset": "Bank",
  "protected": "age",
  "runtime": 7200,
  "no_disc": 3167325,
  "no_test": 13031628,
  "prec": 0.2430490649364761,
  "cpu_time": 986.409950575,
  "real_time": 986.4344570636749,
  "partition": {
    "cpu_time": 683.285542394,
    "real_time": 683.3038477897644,
    "no_test": 8031628,
    "no_disc": 1355378,
    "n_regions": 3873
  },
  "generation": {
    "cpu_time": 303.12440818100004,
    "real_time": 303.1306092739105,
    "no_test": 5000000,
    "no_disc": 1811947
  },
  "config": {
    "max_depth": 12,
    "min_samples_per_region": 1000,
    "max_samples_per_region": 3000,
    "min_gain": 0.0,
    "gini_weight_mode": "sample",
    "max_split_ratio": 1.0,
    "sampling_risk_focus_alpha": 1.0,
    "sampling_risk_floor": 1e-05,
    "batch_size": 512,
    "disc_phase": "generation",
    "sample_draws": 5000000,
    "random_seed": 2
  }
}