{
  "label": "regionft_d12-MLP-Bank-age-d5000000",
  "repeat": 3,
  "method": "regionft_d12",
  "model": "MLP",
  "dataset": "Bank",
  "protected": "age",
  "runtime": 7200,
  "no_disc": 3313360,
  "no_test": 13322366,
  "prec": 0.24870657359210818,
  "cpu_time": 1010.8988934709996,
  "real_time": 1010.9225780963898,
  "partition": {
    "cpu_time": 706.5816287340003,
    "real_time": 706.6015682220459,
    "no_test": 8322366,
    "no_disc": 1483232,
    "n_regions": 4014
  },
  "generation": {
    "cpu_time": 304.3172647369993,
    "real_time": 304.3210098743439,
    "no_test": 5000000,
    "no_disc": 1830128
  },
  "config": {
    "max_depth": 12,
    "min_samples_per_region": 1000,
    "max_samples_per_region": 3000,
    "min_gain": 0.0,
    "gini_weight_mode": "sample",
    "max_split_ratio": 1.0,
    "sampling_risk_focus_alpha": 1.0,
    "sampling_risk_floor": 1e-05,
    "batch_size": 512,
    "disc_phase": "generation",
    "sample_draws": 5000000,
    "random_seed": 3
  }
}