{
  "label": "regionft_d12-DecTree-Credit-sex-d5000000",
  "repeat": 3,
  "method": "regionft_d12",
  "model": "DecTree",
  "dataset": "Credit",
  "protected": "sex",
  "runtime": 7200,
  "no_disc": 5020394,
  "no_test": 5096529,
  "prec": 0.9850614015931235,
  "cpu_time": 100.46053725900003,
  "real_time": 100.46371412277222,
  "partition": {
    "cpu_time": 6.513902477999977,
    "real_time": 6.516496658325195,
    "no_test": 96529,
    "no_disc": 23506,
    "n_regions": 39
  },
  "generation": {
    "cpu_time": 93.94663478100006,
    "real_time": 93.94721746444702,
    "no_test": 5000000,
    "no_disc": 4996888
  },
  "config": {
    "max_depth": 12,
    "min_samples_per_region": 1000,
    "max_samples_per_region": 3000,
    "min_gain": 0.0,
    "gini_weight_mode": "sample",
    "max_split_ratio": 1.0,
    "sampling_risk_focus_alpha": 1.0,
    "sampling_risk_floor": 1e-05,
    "batch_size": 512,
    "disc_phase": "generation",
    "sample_draws": 5000000,
    "random_seed": 3
  }
}