{
  "label": "regionft_d12-MLP-Adult-race-d5000000",
  "repeat": 1,
  "method": "regionft_d12",
  "model": "MLP",
  "dataset": "Adult",
  "protected": "race",
  "runtime": 7200,
  "no_disc": 1443942,
  "no_test": 13231702,
  "prec": 0.10912745767702446,
  "cpu_time": 695.1192727270002,
  "real_time": 695.1275894641876,
  "partition": {
    "cpu_time": 502.97350147199995,
    "real_time": 502.97925448417664,
    "no_test": 8231702,
    "no_disc": 911735,
    "n_regions": 4014
  },
  "generation": {
    "cpu_time": 192.14577125500023,
    "real_time": 192.148334980011,
    "no_test": 5000000,
    "no_disc": 532207
  },
  "config": {
    "max_depth": 12,
    "min_samples_per_region": 1000,
    "max_samples_per_region": 3000,
    "min_gain": 0.0,
    "gini_weight_mode": "sample",
    "max_split_ratio": 1.0,
    "sampling_risk_focus_alpha": 1.0,
    "sampling_risk_floor": 1e-05,
    "batch_size": 512,
    "disc_phase": "generation",
    "sample_draws": 5000000,
    "random_seed": 1
  }
}