{
  "label": "regionft_d12-DecTree-Bank-age-d5000000",
  "repeat": 2,
  "method": "regionft_d12",
  "model": "DecTree",
  "dataset": "Bank",
  "protected": "age",
  "runtime": 7200,
  "no_disc": 5224044,
  "no_test": 8680107,
  "prec": 0.6018409680894486,
  "cpu_time": 552.9700164670003,
  "real_time": 552.9976890087128,
  "partition": {
    "cpu_time": 309.2186227459997,
    "real_time": 309.2436168193817,
    "no_test": 3680107,
    "no_disc": 1169017,
    "n_regions": 1745
  },
  "generation": {
    "cpu_time": 243.75139372100057,
    "real_time": 243.75407218933105,
    "no_test": 5000000,
    "no_disc": 4055027
  },
  "config": {
    "max_depth": 12,
    "min_samples_per_region": 1000,
    "max_samples_per_region": 3000,
    "min_gain": 0.0,
    "gini_weight_mode": "sample",
    "max_split_ratio": 1.0,
    "sampling_risk_focus_alpha": 1.0,
    "sampling_risk_floor": 1e-05,
    "batch_size": 512,
    "disc_phase": "generation",
    "sample_draws": 5000000,
    "random_seed": 2
  }
}