{
  "label": "regionft_d12-MLP-Lsac-race-d5000000",
  "repeat": 2,
  "method": "regionft_d12",
  "model": "MLP",
  "dataset": "Lsac",
  "protected": "race",
  "runtime": 7200,
  "no_disc": 1169329,
  "no_test": 13421614,
  "prec": 0.08712283038388677,
  "cpu_time": 546.9360853249998,
  "real_time": 546.9418976306915,
  "partition": {
    "cpu_time": 449.20984835800004,
    "real_time": 449.215096950531,
    "no_test": 8421614,
    "no_disc": 640495,
    "n_regions": 4076
  },
  "generation": {
    "cpu_time": 97.72623696699975,
    "real_time": 97.72680068016052,
    "no_test": 5000000,
    "no_disc": 528834
  },
  "config": {
    "max_depth": 12,
    "min_samples_per_region": 1000,
    "max_samples_per_region": 3000,
    "min_gain": 0.0,
    "gini_weight_mode": "sample",
    "max_split_ratio": 1.0,
    "sampling_risk_focus_alpha": 1.0,
    "sampling_risk_floor": 1e-05,
    "batch_size": 512,
    "disc_phase": "generation",
    "sample_draws": 5000000,
    "random_seed": 2
  }
}