{
  "label": "regionft_d12-GBDT-Lsac-sex-d5000000",
  "repeat": 1,
  "method": "regionft_d12",
  "model": "GBDT",
  "dataset": "Lsac",
  "protected": "sex",
  "runtime": 7200,
  "no_disc": 881199,
  "no_test": 12391266,
  "prec": 0.07111452534389949,
  "cpu_time": 469.48688542699983,
  "real_time": 469.49144768714905,
  "partition": {
    "cpu_time": 381.8950139839999,
    "real_time": 381.8981649875641,
    "no_test": 7391266,
    "no_disc": 521266,
    "n_regions": 3623
  },
  "generation": {
    "cpu_time": 87.59187144299995,
    "real_time": 87.59328269958496,
    "no_test": 5000000,
    "no_disc": 359933
  },
  "config": {
    "max_depth": 12,
    "min_samples_per_region": 1000,
    "max_samples_per_region": 3000,
    "min_gain": 0.0,
    "gini_weight_mode": "sample",
    "max_split_ratio": 1.0,
    "sampling_risk_focus_alpha": 1.0,
    "sampling_risk_floor": 1e-05,
    "batch_size": 512,
    "disc_phase": "generation",
    "sample_draws": 5000000,
    "random_seed": 1
  }
}