{
  "label": "regionft_d12-GBDT-Lsac-sex-d5000000",
  "repeat": 3,
  "method": "regionft_d12",
  "model": "GBDT",
  "dataset": "Lsac",
  "protected": "sex",
  "runtime": 7200,
  "no_disc": 1062442,
  "no_test": 12397902,
  "prec": 0.08569530554443808,
  "cpu_time": 493.72076110199987,
  "real_time": 493.7252027988434,
  "partition": {
    "cpu_time": 403.30126732100007,
    "real_time": 403.3055694103241,
    "no_test": 7397902,
    "no_disc": 621128,
    "n_regions": 3626
  },
  "generation": {
    "cpu_time": 90.4194937809998,
    "real_time": 90.41963338851929,
    "no_test": 5000000,
    "no_disc": 441314
  },
  "config": {
    "max_depth": 12,
    "min_samples_per_region": 1000,
    "max_samples_per_region": 3000,
    "min_gain": 0.0,
    "gini_weight_mode": "sample",
    "max_split_ratio": 1.0,
    "sampling_risk_focus_alpha": 1.0,
    "sampling_risk_floor": 1e-05,
    "batch_size": 512,
    "disc_phase": "generation",
    "sample_draws": 5000000,
    "random_seed": 3
  }
}