{
  "label": "regionft_d12-LogReg-Credit-age-d5000000",
  "repeat": 0,
  "method": "regionft_d12",
  "model": "LogReg",
  "dataset": "Credit",
  "protected": "age",
  "runtime": 7200,
  "no_disc": 2315341,
  "no_test": 13192257,
  "prec": 0.17550757235854336,
  "cpu_time": 700.8121268630002,
  "real_time": 700.8246364593506,
  "partition": {
    "cpu_time": 506.51398686599987,
    "real_time": 506.52532839775085,
    "no_test": 8192257,
    "no_disc": 1109075,
    "n_regions": 3951
  },
  "generation": {
    "cpu_time": 194.29813999700036,
    "real_time": 194.29930806159973,
    "no_test": 5000000,
    "no_disc": 1206266
  },
  "config": {
    "max_depth": 12,
    "min_samples_per_region": 1000,
    "max_samples_per_region": 3000,
    "min_gain": 0.0,
    "gini_weight_mode": "sample",
    "max_split_ratio": 1.0,
    "sampling_risk_focus_alpha": 1.0,
    "sampling_risk_floor": 1e-05,
    "batch_size": 512,
    "disc_phase": "generation",
    "sample_draws": 5000000,
    "random_seed": 0
  }
}