{
  "label": "regionft_d12-GBDT-Adult-sex-d5000000",
  "repeat": 0,
  "method": "regionft_d12",
  "model": "GBDT",
  "dataset": "Adult",
  "protected": "sex",
  "runtime": 7200,
  "no_disc": 1457598,
  "no_test": 11838510,
  "prec": 0.12312343360777665,
  "cpu_time": 434.22208076600003,
  "real_time": 434.2247109413147,
  "partition": {
    "cpu_time": 340.84540636400004,
    "real_time": 340.847599029541,
    "no_test": 6838510,
    "no_disc": 584587,
    "n_regions": 3355
  },
  "generation": {
    "cpu_time": 93.37667440199999,
    "real_time": 93.37711191177368,
    "no_test": 5000000,
    "no_disc": 873011
  },
  "config": {
    "max_depth": 12,
    "min_samples_per_region": 1000,
    "max_samples_per_region": 3000,
    "min_gain": 0.0,
    "gini_weight_mode": "sample",
    "max_split_ratio": 1.0,
    "sampling_risk_focus_alpha": 1.0,
    "sampling_risk_floor": 1e-05,
    "batch_size": 512,
    "disc_phase": "generation",
    "sample_draws": 5000000,
    "random_seed": 0
  }
}