{
  "label": "regionft_d12-LogReg-Credit-sex-d5000000",
  "repeat": 3,
  "method": "regionft_d12",
  "model": "LogReg",
  "dataset": "Credit",
  "protected": "sex",
  "runtime": 7200,
  "no_disc": 1054227,
  "no_test": 13159187,
  "prec": 0.08011338390433999,
  "cpu_time": 419.53319731399984,
  "real_time": 419.53631472587585,
  "partition": {
    "cpu_time": 341.51177896299987,
    "real_time": 341.51443099975586,
    "no_test": 8159187,
    "no_disc": 552376,
    "n_regions": 3934
  },
  "generation": {
    "cpu_time": 78.02141835099997,
    "real_time": 78.02188372612,
    "no_test": 5000000,
    "no_disc": 501851
  },
  "config": {
    "max_depth": 12,
    "min_samples_per_region": 1000,
    "max_samples_per_region": 3000,
    "min_gain": 0.0,
    "gini_weight_mode": "sample",
    "max_split_ratio": 1.0,
    "sampling_risk_focus_alpha": 1.0,
    "sampling_risk_floor": 1e-05,
    "batch_size": 512,
    "disc_phase": "generation",
    "sample_draws": 5000000,
    "random_seed": 3
  }
}