{
  "label": "regionft_d12-LogReg-Lsac-race-d5000000",
  "repeat": 2,
  "method": "regionft_d12",
  "model": "LogReg",
  "dataset": "Lsac",
  "protected": "race",
  "runtime": 7200,
  "no_disc": 2030701,
  "no_test": 12474479,
  "prec": 0.16278844190607078,
  "cpu_time": 491.941753475,
  "real_time": 491.94495582580566,
  "partition": {
    "cpu_time": 404.63450879699997,
    "real_time": 404.6372082233429,
    "no_test": 7474479,
    "no_disc": 985350,
    "n_regions": 3624
  },
  "generation": {
    "cpu_time": 87.30724467800002,
    "real_time": 87.30774760246277,
    "no_test": 5000000,
    "no_disc": 1045351
  },
  "config": {
    "max_depth": 12,
    "min_samples_per_region": 1000,
    "max_samples_per_region": 3000,
    "min_gain": 0.0,
    "gini_weight_mode": "sample",
    "max_split_ratio": 1.0,
    "sampling_risk_focus_alpha": 1.0,
    "sampling_risk_floor": 1e-05,
    "batch_size": 512,
    "disc_phase": "generation",
    "sample_draws": 5000000,
    "random_seed": 2
  }
}