{
  "label": "regionft_d12-GBDT-Lsac-race-d5000000",
  "repeat": 4,
  "method": "regionft_d12",
  "model": "GBDT",
  "dataset": "Lsac",
  "protected": "race",
  "runtime": 7200,
  "no_disc": 2954124,
  "no_test": 12746608,
  "prec": 0.23175765662519784,
  "cpu_time": 584.1156470999995,
  "real_time": 584.1225459575653,
  "partition": {
    "cpu_time": 467.1049449109996,
    "real_time": 467.1114921569824,
    "no_test": 7746608,
    "no_disc": 1139949,
    "n_regions": 3741
  },
  "generation": {
    "cpu_time": 117.01070218899986,
    "real_time": 117.01105380058289,
    "no_test": 5000000,
    "no_disc": 1814175
  },
  "config": {
    "max_depth": 12,
    "min_samples_per_region": 1000,
    "max_samples_per_region": 3000,
    "min_gain": 0.0,
    "gini_weight_mode": "sample",
    "max_split_ratio": 1.0,
    "sampling_risk_focus_alpha": 1.0,
    "sampling_risk_floor": 1e-05,
    "batch_size": 512,
    "disc_phase": "generation",
    "sample_draws": 5000000,
    "random_seed": 4
  }
}