{
  "label": "regionft_d12-LogReg-Lsac-race-d5000000",
  "repeat": 3,
  "method": "regionft_d12",
  "model": "LogReg",
  "dataset": "Lsac",
  "protected": "race",
  "runtime": 7200,
  "no_disc": 1953805,
  "no_test": 12349482,
  "prec": 0.15820946983849202,
  "cpu_time": 478.34023420400007,
  "real_time": 478.3537940979004,
  "partition": {
    "cpu_time": 387.843800641,
    "real_time": 387.85520792007446,
    "no_test": 7349482,
    "no_disc": 921578,
    "n_regions": 3567
  },
  "generation": {
    "cpu_time": 90.4964335630001,
    "real_time": 90.49858617782593,
    "no_test": 5000000,
    "no_disc": 1032227
  },
  "config": {
    "max_depth": 12,
    "min_samples_per_region": 1000,
    "max_samples_per_region": 3000,
    "min_gain": 0.0,
    "gini_weight_mode": "sample",
    "max_split_ratio": 1.0,
    "sampling_risk_focus_alpha": 1.0,
    "sampling_risk_floor": 1e-05,
    "batch_size": 512,
    "disc_phase": "generation",
    "sample_draws": 5000000,
    "random_seed": 3
  }
}