{
  "label": "regionft_d12-LogReg-Adult-age-d5000000",
  "repeat": 2,
  "method": "regionft_d12",
  "model": "LogReg",
  "dataset": "Adult",
  "protected": "age",
  "runtime": 7200,
  "no_disc": 5190566,
  "no_test": 12754953,
  "prec": 0.4069451294724489,
  "cpu_time": 772.6669788229997,
  "real_time": 772.6807725429535,
  "partition": {
    "cpu_time": 533.9189016159999,
    "real_time": 533.9321038722992,
    "no_test": 7754953,
    "no_disc": 2357081,
    "n_regions": 3811
  },
  "generation": {
    "cpu_time": 238.74807720699982,
    "real_time": 238.7486686706543,
    "no_test": 5000000,
    "no_disc": 2833485
  },
  "config": {
    "max_depth": 12,
    "min_samples_per_region": 1000,
    "max_samples_per_region": 3000,
    "min_gain": 0.0,
    "gini_weight_mode": "sample",
    "max_split_ratio": 1.0,
    "sampling_risk_focus_alpha": 1.0,
    "sampling_risk_floor": 1e-05,
    "batch_size": 512,
    "disc_phase": "generation",
    "sample_draws": 5000000,
    "random_seed": 2
  }
}