{
  "label": "regionft_d12-MLP-Lsac-sex-d5000000",
  "repeat": 4,
  "method": "regionft_d12",
  "model": "MLP",
  "dataset": "Lsac",
  "protected": "sex",
  "runtime": 7200,
  "no_disc": 436580,
  "no_test": 13015601,
  "prec": 0.0335428229553134,
  "cpu_time": 458.72129579500006,
  "real_time": 458.7244715690613,
  "partition": {
    "cpu_time": 381.19706173999975,
    "real_time": 381.19961285591125,
    "no_test": 8015601,
    "no_disc": 264492,
    "n_regions": 3895
  },
  "generation": {
    "cpu_time": 77.5242340550003,
    "real_time": 77.52485871315002,
    "no_test": 5000000,
    "no_disc": 172088
  },
  "config": {
    "max_depth": 12,
    "min_samples_per_region": 1000,
    "max_samples_per_region": 3000,
    "min_gain": 0.0,
    "gini_weight_mode": "sample",
    "max_split_ratio": 1.0,
    "sampling_risk_focus_alpha": 1.0,
    "sampling_risk_floor": 1e-05,
    "batch_size": 512,
    "disc_phase": "generation",
    "sample_draws": 5000000,
    "random_seed": 4
  }
}