{
  "label": "regionft_d12-GBDT-Bank-age-d5000000",
  "repeat": 0,
  "method": "regionft_d12",
  "model": "GBDT",
  "dataset": "Bank",
  "protected": "age",
  "runtime": 7200,
  "no_disc": 4987987,
  "no_test": 11518346,
  "prec": 0.43304715798605115,
  "cpu_time": 868.019142672,
  "real_time": 868.0286424160004,
  "partition": {
    "cpu_time": 594.3165246020001,
    "real_time": 594.3268690109253,
    "no_test": 6518346,
    "no_disc": 1839769,
    "n_regions": 3138
  },
  "generation": {
    "cpu_time": 273.70261806999997,
    "real_time": 273.7017734050751,
    "no_test": 5000000,
    "no_disc": 3148218
  },
  "config": {
    "max_depth": 12,
    "min_samples_per_region": 1000,
    "max_samples_per_region": 3000,
    "min_gain": 0.0,
    "gini_weight_mode": "sample",
    "max_split_ratio": 1.0,
    "sampling_risk_focus_alpha": 1.0,
    "sampling_risk_floor": 1e-05,
    "batch_size": 512,
    "disc_phase": "generation",
    "sample_draws": 5000000,
    "random_seed": 0
  }
}