{
  "label": "regionft_d12-GBDT-Adult-age-d5000000",
  "repeat": 3,
  "method": "regionft_d12",
  "model": "GBDT",
  "dataset": "Adult",
  "protected": "age",
  "runtime": 7200,
  "no_disc": 6669292,
  "no_test": 12265275,
  "prec": 0.5437539720878659,
  "cpu_time": 930.035243163,
  "real_time": 930.0517446994781,
  "partition": {
    "cpu_time": 636.9579707620001,
    "real_time": 636.9769339561462,
    "no_test": 7265275,
    "no_disc": 2776625,
    "n_regions": 3530
  },
  "generation": {
    "cpu_time": 293.07727240099996,
    "real_time": 293.0748107433319,
    "no_test": 5000000,
    "no_disc": 3892667
  },
  "config": {
    "max_depth": 12,
    "min_samples_per_region": 1000,
    "max_samples_per_region": 3000,
    "min_gain": 0.0,
    "gini_weight_mode": "sample",
    "max_split_ratio": 1.0,
    "sampling_risk_focus_alpha": 1.0,
    "sampling_risk_floor": 1e-05,
    "batch_size": 512,
    "disc_phase": "generation",
    "sample_draws": 5000000,
    "random_seed": 3
  }
}