{
  "label": "regionft_d12-GBDT-Bank-age-d5000000",
  "repeat": 3,
  "method": "regionft_d12",
  "model": "GBDT",
  "dataset": "Bank",
  "protected": "age",
  "runtime": 7200,
  "no_disc": 5164247,
  "no_test": 11708813,
  "prec": 0.44105640768197424,
  "cpu_time": 864.5517596630002,
  "real_time": 864.5585622787476,
  "partition": {
    "cpu_time": 597.368702295,
    "real_time": 597.3751604557037,
    "no_test": 6708813,
    "no_disc": 1994773,
    "n_regions": 3235
  },
  "generation": {
    "cpu_time": 267.18305736800016,
    "real_time": 267.1834018230438,
    "no_test": 5000000,
    "no_disc": 3169474
  },
  "config": {
    "max_depth": 12,
    "min_samples_per_region": 1000,
    "max_samples_per_region": 3000,
    "min_gain": 0.0,
    "gini_weight_mode": "sample",
    "max_split_ratio": 1.0,
    "sampling_risk_focus_alpha": 1.0,
    "sampling_risk_floor": 1e-05,
    "batch_size": 512,
    "disc_phase": "generation",
    "sample_draws": 5000000,
    "random_seed": 3
  }
}