{
  "label": "regionft_d12-DecTree-Adult-race-d5000000",
  "repeat": 2,
  "method": "regionft_d12",
  "model": "DecTree",
  "dataset": "Adult",
  "protected": "race",
  "runtime": 7200,
  "no_disc": 4810071,
  "no_test": 6665491,
  "prec": 0.7216379108455776,
  "cpu_time": 237.21959756800004,
  "real_time": 237.22914910316467,
  "partition": {
    "cpu_time": 86.49718962700001,
    "real_time": 86.50836491584778,
    "no_test": 1665491,
    "no_disc": 195826,
    "n_regions": 819
  },
  "generation": {
    "cpu_time": 150.72240794100003,
    "real_time": 150.7207841873169,
    "no_test": 5000000,
    "no_disc": 4614245
  },
  "config": {
    "max_depth": 12,
    "min_samples_per_region": 1000,
    "max_samples_per_region": 3000,
    "min_gain": 0.0,
    "gini_weight_mode": "sample",
    "max_split_ratio": 1.0,
    "sampling_risk_focus_alpha": 1.0,
    "sampling_risk_floor": 1e-05,
    "batch_size": 512,
    "disc_phase": "generation",
    "sample_draws": 5000000,
    "random_seed": 2
  }
}