{
  "label": "regionft_d12-MLP-Lsac-race-d5000000",
  "repeat": 1,
  "method": "regionft_d12",
  "model": "MLP",
  "dataset": "Lsac",
  "protected": "race",
  "runtime": 7200,
  "no_disc": 1097346,
  "no_test": 13093893,
  "prec": 0.08380593915041157,
  "cpu_time": 529.658316843,
  "real_time": 529.6704449653625,
  "partition": {
    "cpu_time": 432.96832162600003,
    "real_time": 432.9789135456085,
    "no_test": 8093893,
    "no_disc": 576807,
    "n_regions": 3914
  },
  "generation": {
    "cpu_time": 96.68999521699993,
    "real_time": 96.69153141975403,
    "no_test": 5000000,
    "no_disc": 520539
  },
  "config": {
    "max_depth": 12,
    "min_samples_per_region": 1000,
    "max_samples_per_region": 3000,
    "min_gain": 0.0,
    "gini_weight_mode": "sample",
    "max_split_ratio": 1.0,
    "sampling_risk_focus_alpha": 1.0,
    "sampling_risk_floor": 1e-05,
    "batch_size": 512,
    "disc_phase": "generation",
    "sample_draws": 5000000,
    "random_seed": 1
  }
}