{
  "label": "regionft_d12-LogReg-Credit-sex-d5000000",
  "repeat": 4,
  "method": "regionft_d12",
  "model": "LogReg",
  "dataset": "Credit",
  "protected": "sex",
  "runtime": 7200,
  "no_disc": 1044424,
  "no_test": 13173043,
  "prec": 0.07928494577904285,
  "cpu_time": 423.3567043759999,
  "real_time": 423.3597614765167,
  "partition": {
    "cpu_time": 341.50601423499984,
    "real_time": 341.50852847099304,
    "no_test": 8173043,
    "no_disc": 564168,
    "n_regions": 3941
  },
  "generation": {
    "cpu_time": 81.85069014100009,
    "real_time": 81.85123300552368,
    "no_test": 5000000,
    "no_disc": 480256
  },
  "config": {
    "max_depth": 12,
    "min_samples_per_region": 1000,
    "max_samples_per_region": 3000,
    "min_gain": 0.0,
    "gini_weight_mode": "sample",
    "max_split_ratio": 1.0,
    "sampling_risk_focus_alpha": 1.0,
    "sampling_risk_floor": 1e-05,
    "batch_size": 512,
    "disc_phase": "generation",
    "sample_draws": 5000000,
    "random_seed": 4
  }
}