{
  "label": "regionft_d12-LogReg-Adult-age-d5000000",
  "repeat": 3,
  "method": "regionft_d12",
  "model": "LogReg",
  "dataset": "Adult",
  "protected": "age",
  "runtime": 7200,
  "no_disc": 5278003,
  "no_test": 12442304,
  "prec": 0.4241982031623725,
  "cpu_time": 756.5341097360006,
  "real_time": 756.5387032032013,
  "partition": {
    "cpu_time": 514.4310758490001,
    "real_time": 514.435271024704,
    "no_test": 7442304,
    "no_disc": 2310423,
    "n_regions": 3657
  },
  "generation": {
    "cpu_time": 242.1030338870005,
    "real_time": 242.10343217849731,
    "no_test": 5000000,
    "no_disc": 2967580
  },
  "config": {
    "max_depth": 12,
    "min_samples_per_region": 1000,
    "max_samples_per_region": 3000,
    "min_gain": 0.0,
    "gini_weight_mode": "sample",
    "max_split_ratio": 1.0,
    "sampling_risk_focus_alpha": 1.0,
    "sampling_risk_floor": 1e-05,
    "batch_size": 512,
    "disc_phase": "generation",
    "sample_draws": 5000000,
    "random_seed": 3
  }
}