{
  "label": "regionft_d12-DecTree-Adult-race-d5000000",
  "repeat": 3,
  "method": "regionft_d12",
  "model": "DecTree",
  "dataset": "Adult",
  "protected": "race",
  "runtime": 7200,
  "no_disc": 4737707,
  "no_test": 7112779,
  "prec": 0.6660838189967663,
  "cpu_time": 272.086508661,
  "real_time": 272.0881586074829,
  "partition": {
    "cpu_time": 117.89803638900003,
    "real_time": 117.89916849136353,
    "no_test": 2112779,
    "no_disc": 250938,
    "n_regions": 1037
  },
  "generation": {
    "cpu_time": 154.18847227199996,
    "real_time": 154.18899011611938,
    "no_test": 5000000,
    "no_disc": 4486769
  },
  "config": {
    "max_depth": 12,
    "min_samples_per_region": 1000,
    "max_samples_per_region": 3000,
    "min_gain": 0.0,
    "gini_weight_mode": "sample",
    "max_split_ratio": 1.0,
    "sampling_risk_focus_alpha": 1.0,
    "sampling_risk_floor": 1e-05,
    "batch_size": 512,
    "disc_phase": "generation",
    "sample_draws": 5000000,
    "random_seed": 3
  }
}