{
  "label": "regionft_d12-LogReg-Adult-sex-d5000000",
  "repeat": 3,
  "method": "regionft_d12",
  "model": "LogReg",
  "dataset": "Adult",
  "protected": "sex",
  "runtime": 7200,
  "no_disc": 790836,
  "no_test": 11157417,
  "prec": 0.07087984611492068,
  "cpu_time": 322.03002281199997,
  "real_time": 322.0344932079315,
  "partition": {
    "cpu_time": 249.60011106299999,
    "real_time": 249.60425448417664,
    "no_test": 6157417,
    "no_disc": 386853,
    "n_regions": 3033
  },
  "generation": {
    "cpu_time": 72.42991174899998,
    "real_time": 72.43023872375488,
    "no_test": 5000000,
    "no_disc": 403983
  },
  "config": {
    "max_depth": 12,
    "min_samples_per_region": 1000,
    "max_samples_per_region": 3000,
    "min_gain": 0.0,
    "gini_weight_mode": "sample",
    "max_split_ratio": 1.0,
    "sampling_risk_focus_alpha": 1.0,
    "sampling_risk_floor": 1e-05,
    "batch_size": 512,
    "disc_phase": "generation",
    "sample_draws": 5000000,
    "random_seed": 3
  }
}