{
  "label": "regionft_d12-DecTree-Lsac-sex-d5000000",
  "repeat": 1,
  "method": "regionft_d12",
  "model": "DecTree",
  "dataset": "Lsac",
  "protected": "sex",
  "runtime": 7200,
  "no_disc": 4971509,
  "no_test": 8346849,
  "prec": 0.5956150638402588,
  "cpu_time": 281.533829168,
  "real_time": 281.5498766899109,
  "partition": {
    "cpu_time": 194.79618183899993,
    "real_time": 194.8119421005249,
    "no_test": 3346849,
    "no_disc": 565153,
    "n_regions": 1609
  },
  "generation": {
    "cpu_time": 86.73764732900008,
    "real_time": 86.73793458938599,
    "no_test": 5000000,
    "no_disc": 4406356
  },
  "config": {
    "max_depth": 12,
    "min_samples_per_region": 1000,
    "max_samples_per_region": 3000,
    "min_gain": 0.0,
    "gini_weight_mode": "sample",
    "max_split_ratio": 1.0,
    "sampling_risk_focus_alpha": 1.0,
    "sampling_risk_floor": 1e-05,
    "batch_size": 512,
    "disc_phase": "generation",
    "sample_draws": 5000000,
    "random_seed": 1
  }
}