{
  "label": "regionft_d12-GBDT-Bank-age-d5000000",
  "repeat": 2,
  "method": "regionft_d12",
  "model": "GBDT",
  "dataset": "Bank",
  "protected": "age",
  "runtime": 7200,
  "no_disc": 4997504,
  "no_test": 11854843,
  "prec": 0.4215580079803672,
  "cpu_time": 878.833875908,
  "real_time": 878.8447239398956,
  "partition": {
    "cpu_time": 606.4886252629999,
    "real_time": 606.4968609809875,
    "no_test": 6854843,
    "no_disc": 1836990,
    "n_regions": 3307
  },
  "generation": {
    "cpu_time": 272.3452506450001,
    "real_time": 272.3478629589081,
    "no_test": 5000000,
    "no_disc": 3160514
  },
  "config": {
    "max_depth": 12,
    "min_samples_per_region": 1000,
    "max_samples_per_region": 3000,
    "min_gain": 0.0,
    "gini_weight_mode": "sample",
    "max_split_ratio": 1.0,
    "sampling_risk_focus_alpha": 1.0,
    "sampling_risk_floor": 1e-05,
    "batch_size": 512,
    "disc_phase": "generation",
    "sample_draws": 5000000,
    "random_seed": 2
  }
}