{
  "label": "regionft_d12-LogReg-Bank-age-d5000000",
  "repeat": 4,
  "method": "regionft_d12",
  "model": "LogReg",
  "dataset": "Bank",
  "protected": "age",
  "runtime": 7200,
  "no_disc": 1118924,
  "no_test": 10831909,
  "prec": 0.10329887372576708,
  "cpu_time": 670.5441601569996,
  "real_time": 670.550439119339,
  "partition": {
    "cpu_time": 441.4873162609997,
    "real_time": 441.49177169799805,
    "no_test": 5831909,
    "no_disc": 445944,
    "n_regions": 2846
  },
  "generation": {
    "cpu_time": 229.05684389599992,
    "real_time": 229.05866742134094,
    "no_test": 5000000,
    "no_disc": 672980
  },
  "config": {
    "max_depth": 12,
    "min_samples_per_region": 1000,
    "max_samples_per_region": 3000,
    "min_gain": 0.0,
    "gini_weight_mode": "sample",
    "max_split_ratio": 1.0,
    "sampling_risk_focus_alpha": 1.0,
    "sampling_risk_floor": 1e-05,
    "batch_size": 512,
    "disc_phase": "generation",
    "sample_draws": 5000000,
    "random_seed": 4
  }
}