{
  "label": "regionft_d12-MLP-Bank-age-d5000000",
  "repeat": 0,
  "method": "regionft_d12",
  "model": "MLP",
  "dataset": "Bank",
  "protected": "age",
  "runtime": 7200,
  "no_disc": 3278447,
  "no_test": 13208737,
  "prec": 0.24820291296586494,
  "cpu_time": 1002.610147377,
  "real_time": 1002.6534252166748,
  "partition": {
    "cpu_time": 705.049835628,
    "real_time": 705.0909736156464,
    "no_test": 8208737,
    "no_disc": 1474003,
    "n_regions": 3958
  },
  "generation": {
    "cpu_time": 297.560311749,
    "real_time": 297.56245160102844,
    "no_test": 5000000,
    "no_disc": 1804444
  },
  "config": {
    "max_depth": 12,
    "min_samples_per_region": 1000,
    "max_samples_per_region": 3000,
    "min_gain": 0.0,
    "gini_weight_mode": "sample",
    "max_split_ratio": 1.0,
    "sampling_risk_focus_alpha": 1.0,
    "sampling_risk_floor": 1e-05,
    "batch_size": 512,
    "disc_phase": "generation",
    "sample_draws": 5000000,
    "random_seed": 0
  }
}