{
  "label": "regionft_d12-GBDT-Adult-age-d5000000",
  "repeat": 1,
  "method": "regionft_d12",
  "model": "GBDT",
  "dataset": "Adult",
  "protected": "age",
  "runtime": 7200,
  "no_disc": 6566659,
  "no_test": 12418885,
  "prec": 0.5287639751877886,
  "cpu_time": 914.3946069650001,
  "real_time": 914.3896598815918,
  "partition": {
    "cpu_time": 627.4439266659999,
    "real_time": 627.4418482780457,
    "no_test": 7418885,
    "no_disc": 2679159,
    "n_regions": 3606
  },
  "generation": {
    "cpu_time": 286.95068029900017,
    "real_time": 286.94781160354614,
    "no_test": 5000000,
    "no_disc": 3887500
  },
  "config": {
    "max_depth": 12,
    "min_samples_per_region": 1000,
    "max_samples_per_region": 3000,
    "min_gain": 0.0,
    "gini_weight_mode": "sample",
    "max_split_ratio": 1.0,
    "sampling_risk_focus_alpha": 1.0,
    "sampling_risk_floor": 1e-05,
    "batch_size": 512,
    "disc_phase": "generation",
    "sample_draws": 5000000,
    "random_seed": 1
  }
}