{
  "label": "regionft_d12-LogReg-Credit-sex-d5000000",
  "repeat": 1,
  "method": "regionft_d12",
  "model": "LogReg",
  "dataset": "Credit",
  "protected": "sex",
  "runtime": 7200,
  "no_disc": 1048084,
  "no_test": 13184572,
  "prec": 0.07949321373496235,
  "cpu_time": 429.8244406040001,
  "real_time": 429.83658266067505,
  "partition": {
    "cpu_time": 350.35104045,
    "real_time": 350.36263489723206,
    "no_test": 8184572,
    "no_disc": 547983,
    "n_regions": 3942
  },
  "generation": {
    "cpu_time": 79.47340015400005,
    "real_time": 79.473947763443,
    "no_test": 5000000,
    "no_disc": 500101
  },
  "config": {
    "max_depth": 12,
    "min_samples_per_region": 1000,
    "max_samples_per_region": 3000,
    "min_gain": 0.0,
    "gini_weight_mode": "sample",
    "max_split_ratio": 1.0,
    "sampling_risk_focus_alpha": 1.0,
    "sampling_risk_floor": 1e-05,
    "batch_size": 512,
    "disc_phase": "generation",
    "sample_draws": 5000000,
    "random_seed": 1
  }
}