{
  "label": "regionft_d12-DecTree-Lsac-race-d5000000",
  "repeat": 0,
  "method": "regionft_d12",
  "model": "DecTree",
  "dataset": "Lsac",
  "protected": "race",
  "runtime": 7200,
  "no_disc": 4686700,
  "no_test": 6981509,
  "prec": 0.6713018632504807,
  "cpu_time": 233.35583631600002,
  "real_time": 233.3595552444458,
  "partition": {
    "cpu_time": 126.73177256100007,
    "real_time": 126.73506760597229,
    "no_test": 1981509,
    "no_disc": 348224,
    "n_regions": 943
  },
  "generation": {
    "cpu_time": 106.62406375499995,
    "real_time": 106.62448763847351,
    "no_test": 5000000,
    "no_disc": 4338476
  },
  "config": {
    "max_depth": 12,
    "min_samples_per_region": 1000,
    "max_samples_per_region": 3000,
    "min_gain": 0.0,
    "gini_weight_mode": "sample",
    "max_split_ratio": 1.0,
    "sampling_risk_focus_alpha": 1.0,
    "sampling_risk_floor": 1e-05,
    "batch_size": 512,
    "disc_phase": "generation",
    "sample_draws": 5000000,
    "random_seed": 0
  }
}