{
  "label": "regionft_d12-LogReg-Adult-age-d5000000",
  "repeat": 4,
  "method": "regionft_d12",
  "model": "LogReg",
  "dataset": "Adult",
  "protected": "age",
  "runtime": 7200,
  "no_disc": 5097931,
  "no_test": 11604351,
  "prec": 0.4393120304616777,
  "cpu_time": 718.5180675350001,
  "real_time": 718.5314457416534,
  "partition": {
    "cpu_time": 472.937164113,
    "real_time": 472.9498724937439,
    "no_test": 6604351,
    "no_disc": 2058735,
    "n_regions": 3238
  },
  "generation": {
    "cpu_time": 245.58090342200012,
    "real_time": 245.58157324790955,
    "no_test": 5000000,
    "no_disc": 3039196
  },
  "config": {
    "max_depth": 12,
    "min_samples_per_region": 1000,
    "max_samples_per_region": 3000,
    "min_gain": 0.0,
    "gini_weight_mode": "sample",
    "max_split_ratio": 1.0,
    "sampling_risk_focus_alpha": 1.0,
    "sampling_risk_floor": 1e-05,
    "batch_size": 512,
    "disc_phase": "generation",
    "sample_draws": 5000000,
    "random_seed": 4
  }
}