{
  "label": "regionft_d12-MLP-Bank-age-d5000000",
  "repeat": 4,
  "method": "regionft_d12",
  "model": "MLP",
  "dataset": "Bank",
  "protected": "age",
  "runtime": 7200,
  "no_disc": 3182531,
  "no_test": 13117796,
  "prec": 0.24261171617549168,
  "cpu_time": 1002.6888831030001,
  "real_time": 1002.7119183540344,
  "partition": {
    "cpu_time": 701.3935294150006,
    "real_time": 701.4117176532745,
    "no_test": 8117796,
    "no_disc": 1378318,
    "n_regions": 3915
  },
  "generation": {
    "cpu_time": 301.2953536879995,
    "real_time": 301.3002007007599,
    "no_test": 5000000,
    "no_disc": 1804213
  },
  "config": {
    "max_depth": 12,
    "min_samples_per_region": 1000,
    "max_samples_per_region": 3000,
    "min_gain": 0.0,
    "gini_weight_mode": "sample",
    "max_split_ratio": 1.0,
    "sampling_risk_focus_alpha": 1.0,
    "sampling_risk_floor": 1e-05,
    "batch_size": 512,
    "disc_phase": "generation",
    "sample_draws": 5000000,
    "random_seed": 4
  }
}