{
  "label": "regionft_d12-MLP-Adult-sex-d5000000",
  "repeat": 4,
  "method": "regionft_d12",
  "model": "MLP",
  "dataset": "Adult",
  "protected": "sex",
  "runtime": 7200,
  "no_disc": 580219,
  "no_test": 13016022,
  "prec": 0.04457729097261821,
  "cpu_time": 460.57222258799993,
  "real_time": 460.5756719112396,
  "partition": {
    "cpu_time": 362.1066286339999,
    "real_time": 362.10941100120544,
    "no_test": 8016022,
    "no_disc": 348301,
    "n_regions": 3917
  },
  "generation": {
    "cpu_time": 98.46559395400004,
    "real_time": 98.46626091003418,
    "no_test": 5000000,
    "no_disc": 231918
  },
  "config": {
    "max_depth": 12,
    "min_samples_per_region": 1000,
    "max_samples_per_region": 3000,
    "min_gain": 0.0,
    "gini_weight_mode": "sample",
    "max_split_ratio": 1.0,
    "sampling_risk_focus_alpha": 1.0,
    "sampling_risk_floor": 1e-05,
    "batch_size": 512,
    "disc_phase": "generation",
    "sample_draws": 5000000,
    "random_seed": 4
  }
}