{
  "label": "regionft_d12-LogReg-Lsac-sex-d5000000",
  "repeat": 0,
  "method": "regionft_d12",
  "model": "LogReg",
  "dataset": "Lsac",
  "protected": "sex",
  "runtime": 7200,
  "no_disc": 563606,
  "no_test": 12339428,
  "prec": 0.04567521282185852,
  "cpu_time": 427.86025442799973,
  "real_time": 427.88478326797485,
  "partition": {
    "cpu_time": 356.05037693099985,
    "real_time": 356.06592059135437,
    "no_test": 7339428,
    "no_disc": 325737,
    "n_regions": 3576
  },
  "generation": {
    "cpu_time": 71.80987749699989,
    "real_time": 71.81886267662048,
    "no_test": 5000000,
    "no_disc": 237869
  },
  "config": {
    "max_depth": 12,
    "min_samples_per_region": 1000,
    "max_samples_per_region": 3000,
    "min_gain": 0.0,
    "gini_weight_mode": "sample",
    "max_split_ratio": 1.0,
    "sampling_risk_focus_alpha": 1.0,
    "sampling_risk_floor": 1e-05,
    "batch_size": 512,
    "disc_phase": "generation",
    "sample_draws": 5000000,
    "random_seed": 0
  }
}