{
  "label": "regionft_d12-LogReg-Adult-race-d5000000",
  "repeat": 2,
  "method": "regionft_d12",
  "model": "LogReg",
  "dataset": "Adult",
  "protected": "race",
  "runtime": 7200,
  "no_disc": 646617,
  "no_test": 8976956,
  "prec": 0.07203076410311023,
  "cpu_time": 333.3929212269999,
  "real_time": 333.41047978401184,
  "partition": {
    "cpu_time": 205.125813968,
    "real_time": 205.14323782920837,
    "no_test": 3976956,
    "no_disc": 280500,
    "n_regions": 1949
  },
  "generation": {
    "cpu_time": 128.26710725899989,
    "real_time": 128.26724195480347,
    "no_test": 5000000,
    "no_disc": 366117
  },
  "config": {
    "max_depth": 12,
    "min_samples_per_region": 1000,
    "max_samples_per_region": 3000,
    "min_gain": 0.0,
    "gini_weight_mode": "sample",
    "max_split_ratio": 1.0,
    "sampling_risk_focus_alpha": 1.0,
    "sampling_risk_floor": 1e-05,
    "batch_size": 512,
    "disc_phase": "generation",
    "sample_draws": 5000000,
    "random_seed": 2
  }
}