{
  "label": "regionft_d12-GBDT-Adult-sex-d5000000",
  "repeat": 2,
  "method": "regionft_d12",
  "model": "GBDT",
  "dataset": "Adult",
  "protected": "sex",
  "runtime": 7200,
  "no_disc": 1504507,
  "no_test": 11859372,
  "prec": 0.12686228242102532,
  "cpu_time": 428.235934195,
  "real_time": 428.2383677959442,
  "partition": {
    "cpu_time": 335.32567695700004,
    "real_time": 335.32758831977844,
    "no_test": 6859372,
    "no_disc": 666043,
    "n_regions": 3368
  },
  "generation": {
    "cpu_time": 92.91025723799999,
    "real_time": 92.91077947616577,
    "no_test": 5000000,
    "no_disc": 838464
  },
  "config": {
    "max_depth": 12,
    "min_samples_per_region": 1000,
    "max_samples_per_region": 3000,
    "min_gain": 0.0,
    "gini_weight_mode": "sample",
    "max_split_ratio": 1.0,
    "sampling_risk_focus_alpha": 1.0,
    "sampling_risk_floor": 1e-05,
    "batch_size": 512,
    "disc_phase": "generation",
    "sample_draws": 5000000,
    "random_seed": 2
  }
}