{
  "label": "regionft_d12-GBDT-Adult-race-d5000000",
  "repeat": 2,
  "method": "regionft_d12",
  "model": "GBDT",
  "dataset": "Adult",
  "protected": "race",
  "runtime": 7200,
  "no_disc": 847879,
  "no_test": 11186515,
  "prec": 0.07579474036373259,
  "cpu_time": 528.717932597,
  "real_time": 528.7166385650635,
  "partition": {
    "cpu_time": 368.9689972130001,
    "real_time": 368.9674642086029,
    "no_test": 6186515,
    "no_disc": 364681,
    "n_regions": 3034
  },
  "generation": {
    "cpu_time": 159.74893538399988,
    "real_time": 159.74917435646057,
    "no_test": 5000000,
    "no_disc": 483198
  },
  "config": {
    "max_depth": 12,
    "min_samples_per_region": 1000,
    "max_samples_per_region": 3000,
    "min_gain": 0.0,
    "gini_weight_mode": "sample",
    "max_split_ratio": 1.0,
    "sampling_risk_focus_alpha": 1.0,
    "sampling_risk_floor": 1e-05,
    "batch_size": 512,
    "disc_phase": "generation",
    "sample_draws": 5000000,
    "random_seed": 2
  }
}