{
  "label": "regionft_a10-LogReg-Bank-age-d5000000",
  "repeat": 0,
  "method": "regionft_a10",
  "model": "LogReg",
  "dataset": "Bank",
  "protected": "age",
  "runtime": 7200,
  "no_disc": 1449595,
  "no_test": 6868687,
  "prec": 0.21104397390651225,
  "cpu_time": 345.7682952490004,
  "real_time": 345.7827310562134,
  "partition": {
    "cpu_time": 140.0252807730003,
    "real_time": 140.03698229789734,
    "no_test": 1868687,
    "no_disc": 102254,
    "n_regions": 889
  },
  "generation": {
    "cpu_time": 205.7430144760001,
    "real_time": 205.74574875831604,
    "no_test": 5000000,
    "no_disc": 1347341
  },
  "config": {
    "max_depth": 10,
    "min_samples_per_region": 1000,
    "max_samples_per_region": 3000,
    "min_gain": 0.0,
    "gini_weight_mode": "sample",
    "max_split_ratio": 1.0,
    "sampling_risk_focus_alpha": 10.0,
    "sampling_risk_floor": 1e-05,
    "batch_size": 512,
    "disc_phase": "generation",
    "sample_draws": 5000000,
    "random_seed": 0
  }
}