{
  "label": "regionft_a10-MLP-Adult-age-d5000000",
  "repeat": 1,
  "method": "regionft_a10",
  "model": "MLP",
  "dataset": "Adult",
  "protected": "age",
  "runtime": 7200,
  "no_disc": 4471558,
  "no_test": 7195808,
  "prec": 0.6214115218193704,
  "cpu_time": 506.6828888780001,
  "real_time": 506.68762493133545,
  "partition": {
    "cpu_time": 195.86762123900007,
    "real_time": 195.87069845199585,
    "no_test": 2195808,
    "no_disc": 604947,
    "n_regions": 1023
  },
  "generation": {
    "cpu_time": 310.815267639,
    "real_time": 310.8169264793396,
    "no_test": 5000000,
    "no_disc": 3866611
  },
  "config": {
    "max_depth": 10,
    "min_samples_per_region": 1000,
    "max_samples_per_region": 3000,
    "min_gain": 0.0,
    "gini_weight_mode": "sample",
    "max_split_ratio": 1.0,
    "sampling_risk_focus_alpha": 10.0,
    "sampling_risk_floor": 1e-05,
    "batch_size": 512,
    "disc_phase": "generation",
    "sample_draws": 5000000,
    "random_seed": 1
  }
}