{
  "label": "regionft_a10-MLP-Bank-age-d5000000",
  "repeat": 2,
  "method": "regionft_a10",
  "model": "MLP",
  "dataset": "Bank",
  "protected": "age",
  "runtime": 7200,
  "no_disc": 3358422,
  "no_test": 7113917,
  "prec": 0.4720918166461599,
  "cpu_time": 413.11204613300015,
  "real_time": 413.11746740341187,
  "partition": {
    "cpu_time": 167.50974177700027,
    "real_time": 167.51489663124084,
    "no_test": 2113917,
    "no_disc": 345316,
    "n_regions": 980
  },
  "generation": {
    "cpu_time": 245.60230435599988,
    "real_time": 245.60257077217102,
    "no_test": 5000000,
    "no_disc": 3013106
  },
  "config": {
    "max_depth": 10,
    "min_samples_per_region": 1000,
    "max_samples_per_region": 3000,
    "min_gain": 0.0,
    "gini_weight_mode": "sample",
    "max_split_ratio": 1.0,
    "sampling_risk_focus_alpha": 10.0,
    "sampling_risk_floor": 1e-05,
    "batch_size": 512,
    "disc_phase": "generation",
    "sample_draws": 5000000,
    "random_seed": 2
  }
}