{
  "label": "regionft_a10-MLP-Adult-sex-d5000000",
  "repeat": 0,
  "method": "regionft_a10",
  "model": "MLP",
  "dataset": "Adult",
  "protected": "sex",
  "runtime": 7200,
  "no_disc": 639628,
  "no_test": 6992739,
  "prec": 0.09147030941666777,
  "cpu_time": 189.28066177100027,
  "real_time": 189.28360438346863,
  "partition": {
    "cpu_time": 92.84140973600006,
    "real_time": 92.8438012599945,
    "no_test": 1992739,
    "no_disc": 66042,
    "n_regions": 946
  },
  "generation": {
    "cpu_time": 96.43925203500021,
    "real_time": 96.43980312347412,
    "no_test": 5000000,
    "no_disc": 573586
  },
  "config": {
    "max_depth": 10,
    "min_samples_per_region": 1000,
    "max_samples_per_region": 3000,
    "min_gain": 0.0,
    "gini_weight_mode": "sample",
    "max_split_ratio": 1.0,
    "sampling_risk_focus_alpha": 10.0,
    "sampling_risk_floor": 1e-05,
    "batch_size": 512,
    "disc_phase": "generation",
    "sample_draws": 5000000,
    "random_seed": 0
  }
}