{
  "label": "regionft_a10-GBDT-Adult-age-d5000000",
  "repeat": 2,
  "method": "regionft_a10",
  "model": "GBDT",
  "dataset": "Adult",
  "protected": "age",
  "runtime": 7200,
  "no_disc": 5467435,
  "no_test": 7018361,
  "prec": 0.7790187766061051,
  "cpu_time": 383.30839933900006,
  "real_time": 383.31738781929016,
  "partition": {
    "cpu_time": 163.9481017160001,
    "real_time": 163.9600076675415,
    "no_test": 2018361,
    "no_disc": 717909,
    "n_regions": 948
  },
  "generation": {
    "cpu_time": 219.36029762299995,
    "real_time": 219.35738015174866,
    "no_test": 5000000,
    "no_disc": 4749526
  },
  "config": {
    "max_depth": 10,
    "min_samples_per_region": 1000,
    "max_samples_per_region": 3000,
    "min_gain": 0.0,
    "gini_weight_mode": "sample",
    "max_split_ratio": 1.0,
    "sampling_risk_focus_alpha": 10.0,
    "sampling_risk_floor": 1e-05,
    "batch_size": 512,
    "disc_phase": "generation",
    "sample_draws": 5000000,
    "random_seed": 2
  }
}