{
  "label": "regionft_a10-DecTree-Bank-age-d5000000",
  "repeat": 0,
  "method": "regionft_a10",
  "model": "DecTree",
  "dataset": "Bank",
  "protected": "age",
  "runtime": 7200,
  "no_disc": 5282705,
  "no_test": 6413813,
  "prec": 0.8236449986926654,
  "cpu_time": 360.85482375600077,
  "real_time": 360.8687129020691,
  "partition": {
    "cpu_time": 121.91830612800004,
    "real_time": 121.9235007762909,
    "no_test": 1413813,
    "no_disc": 381854,
    "n_regions": 643
  },
  "generation": {
    "cpu_time": 238.93651762800073,
    "real_time": 238.9452121257782,
    "no_test": 5000000,
    "no_disc": 4900851
  },
  "config": {
    "max_depth": 10,
    "min_samples_per_region": 1000,
    "max_samples_per_region": 3000,
    "min_gain": 0.0,
    "gini_weight_mode": "sample",
    "max_split_ratio": 1.0,
    "sampling_risk_focus_alpha": 10.0,
    "sampling_risk_floor": 1e-05,
    "batch_size": 512,
    "disc_phase": "generation",
    "sample_draws": 5000000,
    "random_seed": 0
  }
}