{
  "label": "regionft_a10-MLP-Bank-age-d5000000",
  "repeat": 0,
  "method": "regionft_a10",
  "model": "MLP",
  "dataset": "Bank",
  "protected": "age",
  "runtime": 7200,
  "no_disc": 3441172,
  "no_test": 7161542,
  "prec": 0.4805071310061437,
  "cpu_time": 445.7265826060002,
  "real_time": 445.73988914489746,
  "partition": {
    "cpu_time": 180.4144158879999,
    "real_time": 180.4224226474762,
    "no_test": 2161542,
    "no_disc": 376031,
    "n_regions": 1002
  },
  "generation": {
    "cpu_time": 265.3121667180003,
    "real_time": 265.31746649742126,
    "no_test": 5000000,
    "no_disc": 3065141
  },
  "config": {
    "max_depth": 10,
    "min_samples_per_region": 1000,
    "max_samples_per_region": 3000,
    "min_gain": 0.0,
    "gini_weight_mode": "sample",
    "max_split_ratio": 1.0,
    "sampling_risk_focus_alpha": 10.0,
    "sampling_risk_floor": 1e-05,
    "batch_size": 512,
    "disc_phase": "generation",
    "sample_draws": 5000000,
    "random_seed": 0
  }
}