{
  "label": "regionft_a10-GBDT-Credit-sex-d5000000",
  "repeat": 2,
  "method": "regionft_a10",
  "model": "GBDT",
  "dataset": "Credit",
  "protected": "sex",
  "runtime": 7200,
  "no_disc": 993775,
  "no_test": 6797065,
  "prec": 0.14620648765312674,
  "cpu_time": 164.01768447599989,
  "real_time": 164.02404761314392,
  "partition": {
    "cpu_time": 75.13888096999995,
    "real_time": 75.14220428466797,
    "no_test": 1797065,
    "no_disc": 74189,
    "n_regions": 856
  },
  "generation": {
    "cpu_time": 88.87880350599994,
    "real_time": 88.88184332847595,
    "no_test": 5000000,
    "no_disc": 919586
  },
  "config": {
    "max_depth": 10,
    "min_samples_per_region": 1000,
    "max_samples_per_region": 3000,
    "min_gain": 0.0,
    "gini_weight_mode": "sample",
    "max_split_ratio": 1.0,
    "sampling_risk_focus_alpha": 10.0,
    "sampling_risk_floor": 1e-05,
    "batch_size": 512,
    "disc_phase": "generation",
    "sample_draws": 5000000,
    "random_seed": 2
  }
}