{
  "label": "regionft_a10-MLP-Adult-race-d5000000",
  "repeat": 2,
  "method": "regionft_a10",
  "model": "MLP",
  "dataset": "Adult",
  "protected": "race",
  "runtime": 7200,
  "no_disc": 1628162,
  "no_test": 7084018,
  "prec": 0.229835949033444,
  "cpu_time": 302.4514422530001,
  "real_time": 302.46138405799866,
  "partition": {
    "cpu_time": 125.65148146899992,
    "real_time": 125.66098928451538,
    "no_test": 2084018,
    "no_disc": 158058,
    "n_regions": 984
  },
  "generation": {
    "cpu_time": 176.79996078400018,
    "real_time": 176.80039477348328,
    "no_test": 5000000,
    "no_disc": 1470104
  },
  "config": {
    "max_depth": 10,
    "min_samples_per_region": 1000,
    "max_samples_per_region": 3000,
    "min_gain": 0.0,
    "gini_weight_mode": "sample",
    "max_split_ratio": 1.0,
    "sampling_risk_focus_alpha": 10.0,
    "sampling_risk_floor": 1e-05,
    "batch_size": 512,
    "disc_phase": "generation",
    "sample_draws": 5000000,
    "random_seed": 2
  }
}