{
  "label": "regionft_a10-GBDT-Adult-race-d5000000",
  "repeat": 2,
  "method": "regionft_a10",
  "model": "GBDT",
  "dataset": "Adult",
  "protected": "race",
  "runtime": 7200,
  "no_disc": 2295947,
  "no_test": 6702112,
  "prec": 0.3425706702603597,
  "cpu_time": 251.118184102,
  "real_time": 251.1227307319641,
  "partition": {
    "cpu_time": 106.16397738599994,
    "real_time": 106.16838765144348,
    "no_test": 1702112,
    "no_disc": 85231,
    "n_regions": 814
  },
  "generation": {
    "cpu_time": 144.95420671600004,
    "real_time": 144.95434308052063,
    "no_test": 5000000,
    "no_disc": 2210716
  },
  "config": {
    "max_depth": 10,
    "min_samples_per_region": 1000,
    "max_samples_per_region": 3000,
    "min_gain": 0.0,
    "gini_weight_mode": "sample",
    "max_split_ratio": 1.0,
    "sampling_risk_focus_alpha": 10.0,
    "sampling_risk_floor": 1e-05,
    "batch_size": 512,
    "disc_phase": "generation",
    "sample_draws": 5000000,
    "random_seed": 2
  }
}