{
  "label": "regionft_a10-MLP-Credit-sex-d5000000",
  "repeat": 0,
  "method": "regionft_a10",
  "model": "MLP",
  "dataset": "Credit",
  "protected": "sex",
  "runtime": 7200,
  "no_disc": 1099092,
  "no_test": 7003275,
  "prec": 0.1569397174893175,
  "cpu_time": 155.0870523879994,
  "real_time": 155.09498381614685,
  "partition": {
    "cpu_time": 80.20779172099992,
    "real_time": 80.2153651714325,
    "no_test": 2003275,
    "no_disc": 122102,
    "n_regions": 939
  },
  "generation": {
    "cpu_time": 74.87926066699947,
    "real_time": 74.87961864471436,
    "no_test": 5000000,
    "no_disc": 976990
  },
  "config": {
    "max_depth": 10,
    "min_samples_per_region": 1000,
    "max_samples_per_region": 3000,
    "min_gain": 0.0,
    "gini_weight_mode": "sample",
    "max_split_ratio": 1.0,
    "sampling_risk_focus_alpha": 10.0,
    "sampling_risk_floor": 1e-05,
    "batch_size": 512,
    "disc_phase": "generation",
    "sample_draws": 5000000,
    "random_seed": 0
  }
}