{
  "label": "regionft_a10-DecTree-Adult-sex-d5000000",
  "repeat": 0,
  "method": "regionft_a10",
  "model": "DecTree",
  "dataset": "Adult",
  "protected": "sex",
  "runtime": 7200,
  "no_disc": 4841510,
  "no_test": 5792915,
  "prec": 0.8357640324430792,
  "cpu_time": 123.50080267199996,
  "real_time": 123.50684809684753,
  "partition": {
    "cpu_time": 36.71377005099998,
    "real_time": 36.72023129463196,
    "no_test": 792915,
    "no_disc": 123946,
    "n_regions": 383
  },
  "generation": {
    "cpu_time": 86.78703262099998,
    "real_time": 86.78661680221558,
    "no_test": 5000000,
    "no_disc": 4717564
  },
  "config": {
    "max_depth": 10,
    "min_samples_per_region": 1000,
    "max_samples_per_region": 3000,
    "min_gain": 0.0,
    "gini_weight_mode": "sample",
    "max_split_ratio": 1.0,
    "sampling_risk_focus_alpha": 10.0,
    "sampling_risk_floor": 1e-05,
    "batch_size": 512,
    "disc_phase": "generation",
    "sample_draws": 5000000,
    "random_seed": 0
  }
}