{
  "label": "regionft_a10-LogReg-Credit-age-d5000000",
  "repeat": 3,
  "method": "regionft_a10",
  "model": "LogReg",
  "dataset": "Credit",
  "protected": "age",
  "runtime": 7200,
  "no_disc": 1870193,
  "no_test": 7202946,
  "prec": 0.25964279060262285,
  "cpu_time": 309.07028193800033,
  "real_time": 309.090448141098,
  "partition": {
    "cpu_time": 137.74326163499973,
    "real_time": 137.75147104263306,
    "no_test": 2202946,
    "no_disc": 312825,
    "n_regions": 1015
  },
  "generation": {
    "cpu_time": 171.3270203030006,
    "real_time": 171.33897709846497,
    "no_test": 5000000,
    "no_disc": 1557368
  },
  "config": {
    "max_depth": 10,
    "min_samples_per_region": 1000,
    "max_samples_per_region": 3000,
    "min_gain": 0.0,
    "gini_weight_mode": "sample",
    "max_split_ratio": 1.0,
    "sampling_risk_focus_alpha": 10.0,
    "sampling_risk_floor": 1e-05,
    "batch_size": 512,
    "disc_phase": "generation",
    "sample_draws": 5000000,
    "random_seed": 3
  }
}