{
  "label": "regionft_a10-MLP-Lsac-race-d5000000",
  "repeat": 1,
  "method": "regionft_a10",
  "model": "MLP",
  "dataset": "Lsac",
  "protected": "race",
  "runtime": 7200,
  "no_disc": 1170855,
  "no_test": 7126144,
  "prec": 0.16430414541159988,
  "cpu_time": 202.89823554800023,
  "real_time": 202.90728640556335,
  "partition": {
    "cpu_time": 116.91539270200064,
    "real_time": 116.92384672164917,
    "no_test": 2126144,
    "no_disc": 130797,
    "n_regions": 989
  },
  "generation": {
    "cpu_time": 85.98284284599958,
    "real_time": 85.98343968391418,
    "no_test": 5000000,
    "no_disc": 1040058
  },
  "config": {
    "max_depth": 10,
    "min_samples_per_region": 1000,
    "max_samples_per_region": 3000,
    "min_gain": 0.0,
    "gini_weight_mode": "sample",
    "max_split_ratio": 1.0,
    "sampling_risk_focus_alpha": 10.0,
    "sampling_risk_floor": 1e-05,
    "batch_size": 512,
    "disc_phase": "generation",
    "sample_draws": 5000000,
    "random_seed": 1
  }
}