{
  "label": "regionft_a10-MLP-Credit-age-d5000000",
  "repeat": 3,
  "method": "regionft_a10",
  "model": "MLP",
  "dataset": "Credit",
  "protected": "age",
  "runtime": 7200,
  "no_disc": 2633483,
  "no_test": 7135307,
  "prec": 0.36907774255543596,
  "cpu_time": 304.24584871499974,
  "real_time": 304.2746067047119,
  "partition": {
    "cpu_time": 124.86232669600031,
    "real_time": 124.8802421092987,
    "no_test": 2135307,
    "no_disc": 281646,
    "n_regions": 990
  },
  "generation": {
    "cpu_time": 179.38352201899943,
    "real_time": 179.3943645954132,
    "no_test": 5000000,
    "no_disc": 2351837
  },
  "config": {
    "max_depth": 10,
    "min_samples_per_region": 1000,
    "max_samples_per_region": 3000,
    "min_gain": 0.0,
    "gini_weight_mode": "sample",
    "max_split_ratio": 1.0,
    "sampling_risk_focus_alpha": 10.0,
    "sampling_risk_floor": 1e-05,
    "batch_size": 512,
    "disc_phase": "generation",
    "sample_draws": 5000000,
    "random_seed": 3
  }
}