{
  "label": "regionft_a10-LogReg-Lsac-sex-d5000000",
  "repeat": 1,
  "method": "regionft_a10",
  "model": "LogReg",
  "dataset": "Lsac",
  "protected": "sex",
  "runtime": 7200,
  "no_disc": 535383,
  "no_test": 6757456,
  "prec": 0.07922848480256475,
  "cpu_time": 161.22801536399948,
  "real_time": 161.2354919910431,
  "partition": {
    "cpu_time": 93.29880367799979,
    "real_time": 93.3058705329895,
    "no_test": 1757456,
    "no_disc": 53613,
    "n_regions": 835
  },
  "generation": {
    "cpu_time": 67.92921168599969,
    "real_time": 67.92962145805359,
    "no_test": 5000000,
    "no_disc": 481770
  },
  "config": {
    "max_depth": 10,
    "min_samples_per_region": 1000,
    "max_samples_per_region": 3000,
    "min_gain": 0.0,
    "gini_weight_mode": "sample",
    "max_split_ratio": 1.0,
    "sampling_risk_focus_alpha": 10.0,
    "sampling_risk_floor": 1e-05,
    "batch_size": 512,
    "disc_phase": "generation",
    "sample_draws": 5000000,
    "random_seed": 1
  }
}