{
  "label": "regionft_a10-GBDT-Adult-sex-d5000000",
  "repeat": 1,
  "method": "regionft_a10",
  "model": "GBDT",
  "dataset": "Adult",
  "protected": "sex",
  "runtime": 7200,
  "no_disc": 2438671,
  "no_test": 6718277,
  "prec": 0.3629905405805685,
  "cpu_time": 175.77041658400003,
  "real_time": 175.77798652648926,
  "partition": {
    "cpu_time": 89.234246428,
    "real_time": 89.23977398872375,
    "no_test": 1718277,
    "no_disc": 146248,
    "n_regions": 825
  },
  "generation": {
    "cpu_time": 86.53617015600003,
    "real_time": 86.5382125377655,
    "no_test": 5000000,
    "no_disc": 2292423
  },
  "config": {
    "max_depth": 10,
    "min_samples_per_region": 1000,
    "max_samples_per_region": 3000,
    "min_gain": 0.0,
    "gini_weight_mode": "sample",
    "max_split_ratio": 1.0,
    "sampling_risk_focus_alpha": 10.0,
    "sampling_risk_floor": 1e-05,
    "batch_size": 512,
    "disc_phase": "generation",
    "sample_draws": 5000000,
    "random_seed": 1
  }
}