{
  "label": "regionft_a10-LogReg-Credit-sex-d5000000",
  "repeat": 1,
  "method": "regionft_a10",
  "model": "LogReg",
  "dataset": "Credit",
  "protected": "sex",
  "runtime": 7200,
  "no_disc": 739283,
  "no_test": 7157668,
  "prec": 0.10328545554222408,
  "cpu_time": 176.4026105539997,
  "real_time": 176.41720843315125,
  "partition": {
    "cpu_time": 98.12878008400003,
    "real_time": 98.14327836036682,
    "no_test": 2157668,
    "no_disc": 129452,
    "n_regions": 998
  },
  "generation": {
    "cpu_time": 78.27383046999967,
    "real_time": 78.27393007278442,
    "no_test": 5000000,
    "no_disc": 609831
  },
  "config": {
    "max_depth": 10,
    "min_samples_per_region": 1000,
    "max_samples_per_region": 3000,
    "min_gain": 0.0,
    "gini_weight_mode": "sample",
    "max_split_ratio": 1.0,
    "sampling_risk_focus_alpha": 10.0,
    "sampling_risk_floor": 1e-05,
    "batch_size": 512,
    "disc_phase": "generation",
    "sample_draws": 5000000,
    "random_seed": 1
  }
}