{
  "label": "regionft_a10-LogReg-Lsac-sex-d5000000",
  "repeat": 3,
  "method": "regionft_a10",
  "model": "LogReg",
  "dataset": "Lsac",
  "protected": "sex",
  "runtime": 7200,
  "no_disc": 569803,
  "no_test": 7081359,
  "prec": 0.08046520448970318,
  "cpu_time": 170.67140398399988,
  "real_time": 170.67326831817627,
  "partition": {
    "cpu_time": 107.47410224099985,
    "real_time": 107.47550702095032,
    "no_test": 2081359,
    "no_disc": 73131,
    "n_regions": 985
  },
  "generation": {
    "cpu_time": 63.197301743000025,
    "real_time": 63.19776129722595,
    "no_test": 5000000,
    "no_disc": 496672
  },
  "config": {
    "max_depth": 10,
    "min_samples_per_region": 1000,
    "max_samples_per_region": 3000,
    "min_gain": 0.0,
    "gini_weight_mode": "sample",
    "max_split_ratio": 1.0,
    "sampling_risk_focus_alpha": 10.0,
    "sampling_risk_floor": 1e-05,
    "batch_size": 512,
    "disc_phase": "generation",
    "sample_draws": 5000000,
    "random_seed": 3
  }
}