{
  "label": "regionft_a10-LogReg-Adult-sex-d5000000",
  "repeat": 4,
  "method": "regionft_a10",
  "model": "LogReg",
  "dataset": "Adult",
  "protected": "sex",
  "runtime": 7200,
  "no_disc": 715560,
  "no_test": 6506516,
  "prec": 0.10997590722899936,
  "cpu_time": 134.7504515010005,
  "real_time": 134.7567105293274,
  "partition": {
    "cpu_time": 65.08187589200043,
    "real_time": 65.08804416656494,
    "no_test": 1506516,
    "no_disc": 83521,
    "n_regions": 727
  },
  "generation": {
    "cpu_time": 69.66857560900007,
    "real_time": 69.66866636276245,
    "no_test": 5000000,
    "no_disc": 632039
  },
  "config": {
    "max_depth": 10,
    "min_samples_per_region": 1000,
    "max_samples_per_region": 3000,
    "min_gain": 0.0,
    "gini_weight_mode": "sample",
    "max_split_ratio": 1.0,
    "sampling_risk_focus_alpha": 10.0,
    "sampling_risk_floor": 1e-05,
    "batch_size": 512,
    "disc_phase": "generation",
    "sample_draws": 5000000,
    "random_seed": 4
  }
}