{
  "label": "regionft_a10-MLP-Adult-sex-d5000000",
  "repeat": 4,
  "method": "regionft_a10",
  "model": "MLP",
  "dataset": "Adult",
  "protected": "sex",
  "runtime": 7200,
  "no_disc": 701184,
  "no_test": 7085931,
  "prec": 0.09895439286665365,
  "cpu_time": 196.12571559000025,
  "real_time": 196.12838768959045,
  "partition": {
    "cpu_time": 98.88293604499995,
    "real_time": 98.88506031036377,
    "no_test": 2085931,
    "no_disc": 78449,
    "n_regions": 990
  },
  "generation": {
    "cpu_time": 97.2427795450003,
    "real_time": 97.24332737922668,
    "no_test": 5000000,
    "no_disc": 622735
  },
  "config": {
    "max_depth": 10,
    "min_samples_per_region": 1000,
    "max_samples_per_region": 3000,
    "min_gain": 0.0,
    "gini_weight_mode": "sample",
    "max_split_ratio": 1.0,
    "sampling_risk_focus_alpha": 10.0,
    "sampling_risk_floor": 1e-05,
    "batch_size": 512,
    "disc_phase": "generation",
    "sample_draws": 5000000,
    "random_seed": 4
  }
}