{
  "label": "regionft_a10-DecTree-Adult-age-d5000000",
  "repeat": 4,
  "method": "regionft_a10",
  "model": "DecTree",
  "dataset": "Adult",
  "protected": "age",
  "runtime": 7200,
  "no_disc": 5106088,
  "no_test": 5266380,
  "prec": 0.9695631534374656,
  "cpu_time": 253.59290870099994,
  "real_time": 253.59157156944275,
  "partition": {
    "cpu_time": 23.74235084199995,
    "real_time": 23.74327850341797,
    "no_test": 266380,
    "no_disc": 108535,
    "n_regions": 117
  },
  "generation": {
    "cpu_time": 229.850557859,
    "real_time": 229.84829306602478,
    "no_test": 5000000,
    "no_disc": 4997553
  },
  "config": {
    "max_depth": 10,
    "min_samples_per_region": 1000,
    "max_samples_per_region": 3000,
    "min_gain": 0.0,
    "gini_weight_mode": "sample",
    "max_split_ratio": 1.0,
    "sampling_risk_focus_alpha": 10.0,
    "sampling_risk_floor": 1e-05,
    "batch_size": 512,
    "disc_phase": "generation",
    "sample_draws": 5000000,
    "random_seed": 4
  }
}