{
  "label": "regionft_a10-GBDT-Adult-sex-d5000000",
  "repeat": 3,
  "method": "regionft_a10",
  "model": "GBDT",
  "dataset": "Adult",
  "protected": "sex",
  "runtime": 7200,
  "no_disc": 2035627,
  "no_test": 6721468,
  "prec": 0.3028545252316905,
  "cpu_time": 173.2255837350001,
  "real_time": 173.22747588157654,
  "partition": {
    "cpu_time": 87.11584471100014,
    "real_time": 87.11705231666565,
    "no_test": 1721468,
    "no_disc": 123160,
    "n_regions": 825
  },
  "generation": {
    "cpu_time": 86.10973902399996,
    "real_time": 86.11042356491089,
    "no_test": 5000000,
    "no_disc": 1912467
  },
  "config": {
    "max_depth": 10,
    "min_samples_per_region": 1000,
    "max_samples_per_region": 3000,
    "min_gain": 0.0,
    "gini_weight_mode": "sample",
    "max_split_ratio": 1.0,
    "sampling_risk_focus_alpha": 10.0,
    "sampling_risk_floor": 1e-05,
    "batch_size": 512,
    "disc_phase": "generation",
    "sample_draws": 5000000,
    "random_seed": 3
  }
}