{
  "label": "regionft_a10-DecTree-Credit-age-d5000000",
  "repeat": 0,
  "method": "regionft_a10",
  "model": "DecTree",
  "dataset": "Credit",
  "protected": "age",
  "runtime": 7200,
  "no_disc": 5148199,
  "no_test": 5263041,
  "prec": 0.9781795353674805,
  "cpu_time": 196.03588368200053,
  "real_time": 196.0515251159668,
  "partition": {
    "cpu_time": 19.283215821999875,
    "real_time": 19.287612438201904,
    "no_test": 263041,
    "no_disc": 151937,
    "n_regions": 122
  },
  "generation": {
    "cpu_time": 176.75266786000066,
    "real_time": 176.7639126777649,
    "no_test": 5000000,
    "no_disc": 4996262
  },
  "config": {
    "max_depth": 10,
    "min_samples_per_region": 1000,
    "max_samples_per_region": 3000,
    "min_gain": 0.0,
    "gini_weight_mode": "sample",
    "max_split_ratio": 1.0,
    "sampling_risk_focus_alpha": 10.0,
    "sampling_risk_floor": 1e-05,
    "batch_size": 512,
    "disc_phase": "generation",
    "sample_draws": 5000000,
    "random_seed": 0
  }
}