{
  "label": "regionft_a10-DecTree-Lsac-race-d5000000",
  "repeat": 2,
  "method": "regionft_a10",
  "model": "DecTree",
  "dataset": "Lsac",
  "protected": "race",
  "runtime": 7200,
  "no_disc": 5119381,
  "no_test": 5982086,
  "prec": 0.8557852561798677,
  "cpu_time": 167.0281057709999,
  "real_time": 167.04189085960388,
  "partition": {
    "cpu_time": 64.01921008999943,
    "real_time": 64.03259205818176,
    "no_test": 982086,
    "no_disc": 137189,
    "n_regions": 456
  },
  "generation": {
    "cpu_time": 103.00889568100047,
    "real_time": 103.00929880142212,
    "no_test": 5000000,
    "no_disc": 4982192
  },
  "config": {
    "max_depth": 10,
    "min_samples_per_region": 1000,
    "max_samples_per_region": 3000,
    "min_gain": 0.0,
    "gini_weight_mode": "sample",
    "max_split_ratio": 1.0,
    "sampling_risk_focus_alpha": 10.0,
    "sampling_risk_floor": 1e-05,
    "batch_size": 512,
    "disc_phase": "generation",
    "sample_draws": 5000000,
    "random_seed": 2
  }
}