{
  "label": "regionft_a10-DecTree-Adult-sex-d5000000",
  "repeat": 1,
  "method": "regionft_a10",
  "model": "DecTree",
  "dataset": "Adult",
  "protected": "sex",
  "runtime": 7200,
  "no_disc": 4873346,
  "no_test": 5391368,
  "prec": 0.903916408599821,
  "cpu_time": 104.8630499819999,
  "real_time": 104.86688160896301,
  "partition": {
    "cpu_time": 18.279178695999917,
    "real_time": 18.283402919769287,
    "no_test": 391368,
    "no_disc": 56993,
    "n_regions": 187
  },
  "generation": {
    "cpu_time": 86.58387128599998,
    "real_time": 86.58347868919373,
    "no_test": 5000000,
    "no_disc": 4816353
  },
  "config": {
    "max_depth": 10,
    "min_samples_per_region": 1000,
    "max_samples_per_region": 3000,
    "min_gain": 0.0,
    "gini_weight_mode": "sample",
    "max_split_ratio": 1.0,
    "sampling_risk_focus_alpha": 10.0,
    "sampling_risk_floor": 1e-05,
    "batch_size": 512,
    "disc_phase": "generation",
    "sample_draws": 5000000,
    "random_seed": 1
  }
}