{
  "label": "regionft_a10-GBDT-Credit-age-d5000000",
  "repeat": 3,
  "method": "regionft_a10",
  "model": "GBDT",
  "dataset": "Credit",
  "protected": "age",
  "runtime": 7200,
  "no_disc": 3229281,
  "no_test": 7124523,
  "prec": 0.45326276580200525,
  "cpu_time": 406.29113027400035,
  "real_time": 406.32622241973877,
  "partition": {
    "cpu_time": 167.9296138130003,
    "real_time": 167.9527575969696,
    "no_test": 2124523,
    "no_disc": 321589,
    "n_regions": 977
  },
  "generation": {
    "cpu_time": 238.36151646100006,
    "real_time": 238.37346482276917,
    "no_test": 5000000,
    "no_disc": 2907692
  },
  "config": {
    "max_depth": 10,
    "min_samples_per_region": 1000,
    "max_samples_per_region": 3000,
    "min_gain": 0.0,
    "gini_weight_mode": "sample",
    "max_split_ratio": 1.0,
    "sampling_risk_focus_alpha": 10.0,
    "sampling_risk_floor": 1e-05,
    "batch_size": 512,
    "disc_phase": "generation",
    "sample_draws": 5000000,
    "random_seed": 3
  }
}