{
  "label": "regionft_a10-DecTree-Lsac-sex-d5000000",
  "repeat": 3,
  "method": "regionft_a10",
  "model": "DecTree",
  "dataset": "Lsac",
  "protected": "sex",
  "runtime": 7200,
  "no_disc": 5094477,
  "no_test": 6136775,
  "prec": 0.8301554155073309,
  "cpu_time": 150.6622963660002,
  "real_time": 150.67048716545105,
  "partition": {
    "cpu_time": 68.53467411400015,
    "real_time": 68.54082250595093,
    "no_test": 1136775,
    "no_disc": 146286,
    "n_regions": 527
  },
  "generation": {
    "cpu_time": 82.12762225200004,
    "real_time": 82.12966465950012,
    "no_test": 5000000,
    "no_disc": 4948191
  },
  "config": {
    "max_depth": 10,
    "min_samples_per_region": 1000,
    "max_samples_per_region": 3000,
    "min_gain": 0.0,
    "gini_weight_mode": "sample",
    "max_split_ratio": 1.0,
    "sampling_risk_focus_alpha": 10.0,
    "sampling_risk_floor": 1e-05,
    "batch_size": 512,
    "disc_phase": "generation",
    "sample_draws": 5000000,
    "random_seed": 3
  }
}