{
  "label": "regionft_a10-LogReg-Bank-age-d5000000",
  "repeat": 3,
  "method": "regionft_a10",
  "model": "LogReg",
  "dataset": "Bank",
  "protected": "age",
  "runtime": 7200,
  "no_disc": 1350276,
  "no_test": 6819030,
  "prec": 0.19801584682865453,
  "cpu_time": 317.10152494700014,
  "real_time": 317.1543381214142,
  "partition": {
    "cpu_time": 129.22478529300042,
    "real_time": 129.24427771568298,
    "no_test": 1819030,
    "no_disc": 103418,
    "n_regions": 865
  },
  "generation": {
    "cpu_time": 187.87673965399972,
    "real_time": 187.9100604057312,
    "no_test": 5000000,
    "no_disc": 1246858
  },
  "config": {
    "max_depth": 10,
    "min_samples_per_region": 1000,
    "max_samples_per_region": 3000,
    "min_gain": 0.0,
    "gini_weight_mode": "sample",
    "max_split_ratio": 1.0,
    "sampling_risk_focus_alpha": 10.0,
    "sampling_risk_floor": 1e-05,
    "batch_size": 512,
    "disc_phase": "generation",
    "sample_draws": 5000000,
    "random_seed": 3
  }
}