{
  "label": "regionft_a10-MLP-Credit-age-d5000000",
  "repeat": 4,
  "method": "regionft_a10",
  "model": "MLP",
  "dataset": "Credit",
  "protected": "age",
  "runtime": 7200,
  "no_disc": 2628337,
  "no_test": 7193464,
  "prec": 0.3653784880274649,
  "cpu_time": 369.9136071840003,
  "real_time": 369.92109179496765,
  "partition": {
    "cpu_time": 147.69025269899976,
    "real_time": 147.6958291530609,
    "no_test": 2193464,
    "no_disc": 279041,
    "n_regions": 1020
  },
  "generation": {
    "cpu_time": 222.22335448500053,
    "real_time": 222.22526264190674,
    "no_test": 5000000,
    "no_disc": 2349296
  },
  "config": {
    "max_depth": 10,
    "min_samples_per_region": 1000,
    "max_samples_per_region": 3000,
    "min_gain": 0.0,
    "gini_weight_mode": "sample",
    "max_split_ratio": 1.0,
    "sampling_risk_focus_alpha": 10.0,
    "sampling_risk_floor": 1e-05,
    "batch_size": 512,
    "disc_phase": "generation",
    "sample_draws": 5000000,
    "random_seed": 4
  }
}