{
  "label": "regionft_a10-MLP-Lsac-sex-d5000000",
  "repeat": 1,
  "method": "regionft_a10",
  "model": "MLP",
  "dataset": "Lsac",
  "protected": "sex",
  "runtime": 7200,
  "no_disc": 1070379,
  "no_test": 7153056,
  "prec": 0.14963939888070218,
  "cpu_time": 177.93050207899978,
  "real_time": 177.93516612052917,
  "partition": {
    "cpu_time": 109.44014348699966,
    "real_time": 109.44376516342163,
    "no_test": 2153056,
    "no_disc": 71491,
    "n_regions": 1016
  },
  "generation": {
    "cpu_time": 68.49035859200012,
    "real_time": 68.49140095710754,
    "no_test": 5000000,
    "no_disc": 998888
  },
  "config": {
    "max_depth": 10,
    "min_samples_per_region": 1000,
    "max_samples_per_region": 3000,
    "min_gain": 0.0,
    "gini_weight_mode": "sample",
    "max_split_ratio": 1.0,
    "sampling_risk_focus_alpha": 10.0,
    "sampling_risk_floor": 1e-05,
    "batch_size": 512,
    "disc_phase": "generation",
    "sample_draws": 5000000,
    "random_seed": 1
  }
}