{
  "label": "regionft_a10-LogReg-Lsac-race-d5000000",
  "repeat": 0,
  "method": "regionft_a10",
  "model": "LogReg",
  "dataset": "Lsac",
  "protected": "race",
  "runtime": 7200,
  "no_disc": 1892548,
  "no_test": 7095987,
  "prec": 0.26670680202768127,
  "cpu_time": 217.2401068700001,
  "real_time": 217.24794244766235,
  "partition": {
    "cpu_time": 125.36638033600002,
    "real_time": 125.37345218658447,
    "no_test": 2095987,
    "no_disc": 198780,
    "n_regions": 980
  },
  "generation": {
    "cpu_time": 91.87372653400007,
    "real_time": 91.87449026107788,
    "no_test": 5000000,
    "no_disc": 1693768
  },
  "config": {
    "max_depth": 10,
    "min_samples_per_region": 1000,
    "max_samples_per_region": 3000,
    "min_gain": 0.0,
    "gini_weight_mode": "sample",
    "max_split_ratio": 1.0,
    "sampling_risk_focus_alpha": 10.0,
    "sampling_risk_floor": 1e-05,
    "batch_size": 512,
    "disc_phase": "generation",
    "sample_draws": 5000000,
    "random_seed": 0
  }
}