{
  "label": "regionft_a10-DecTree-Adult-sex-d5000000",
  "repeat": 2,
  "method": "regionft_a10",
  "model": "DecTree",
  "dataset": "Adult",
  "protected": "sex",
  "runtime": 7200,
  "no_disc": 4816511,
  "no_test": 5437127,
  "prec": 0.8858558941146676,
  "cpu_time": 107.70339104499999,
  "real_time": 107.70950770378113,
  "partition": {
    "cpu_time": 21.274906212999895,
    "real_time": 21.278899908065796,
    "no_test": 437127,
    "no_disc": 59659,
    "n_regions": 209
  },
  "generation": {
    "cpu_time": 86.4284848320001,
    "real_time": 86.43060779571533,
    "no_test": 5000000,
    "no_disc": 4756852
  },
  "config": {
    "max_depth": 10,
    "min_samples_per_region": 1000,
    "max_samples_per_region": 3000,
    "min_gain": 0.0,
    "gini_weight_mode": "sample",
    "max_split_ratio": 1.0,
    "sampling_risk_focus_alpha": 10.0,
    "sampling_risk_floor": 1e-05,
    "batch_size": 512,
    "disc_phase": "generation",
    "sample_draws": 5000000,
    "random_seed": 2
  }
}