{
  "label": "regionft_a10-GBDT-Credit-sex-d5000000",
  "repeat": 4,
  "method": "regionft_a10",
  "model": "GBDT",
  "dataset": "Credit",
  "protected": "sex",
  "runtime": 7200,
  "no_disc": 1389719,
  "no_test": 6920298,
  "prec": 0.20081779715266596,
  "cpu_time": 171.41952840299996,
  "real_time": 171.4261257648468,
  "partition": {
    "cpu_time": 81.46876768800007,
    "real_time": 81.47339653968811,
    "no_test": 1920298,
    "no_disc": 128296,
    "n_regions": 918
  },
  "generation": {
    "cpu_time": 89.95076071499989,
    "real_time": 89.95272922515869,
    "no_test": 5000000,
    "no_disc": 1261423
  },
  "config": {
    "max_depth": 10,
    "min_samples_per_region": 1000,
    "max_samples_per_region": 3000,
    "min_gain": 0.0,
    "gini_weight_mode": "sample",
    "max_split_ratio": 1.0,
    "sampling_risk_focus_alpha": 10.0,
    "sampling_risk_floor": 1e-05,
    "batch_size": 512,
    "disc_phase": "generation",
    "sample_draws": 5000000,
    "random_seed": 4
  }
}