{
  "label": "regionft_a10-DecTree-Lsac-race-d5000000",
  "repeat": 4,
  "method": "regionft_a10",
  "model": "DecTree",
  "dataset": "Lsac",
  "protected": "race",
  "runtime": 7200,
  "no_disc": 5098792,
  "no_test": 5836139,
  "prec": 0.873658423831235,
  "cpu_time": 150.50926835099926,
  "real_time": 150.51822805404663,
  "partition": {
    "cpu_time": 53.27948371099956,
    "real_time": 53.28792095184326,
    "no_test": 836139,
    "no_disc": 119453,
    "n_regions": 378
  },
  "generation": {
    "cpu_time": 97.2297846399997,
    "real_time": 97.23030710220337,
    "no_test": 5000000,
    "no_disc": 4979339
  },
  "config": {
    "max_depth": 10,
    "min_samples_per_region": 1000,
    "max_samples_per_region": 3000,
    "min_gain": 0.0,
    "gini_weight_mode": "sample",
    "max_split_ratio": 1.0,
    "sampling_risk_focus_alpha": 10.0,
    "sampling_risk_floor": 1e-05,
    "batch_size": 512,
    "disc_phase": "generation",
    "sample_draws": 5000000,
    "random_seed": 4
  }
}