{
  "label": "regionft_a10-LogReg-Credit-age-d5000000",
  "repeat": 2,
  "method": "regionft_a10",
  "model": "LogReg",
  "dataset": "Credit",
  "protected": "age",
  "runtime": 7200,
  "no_disc": 1827902,
  "no_test": 7216904,
  "prec": 0.2532806311404447,
  "cpu_time": 317.4288609340001,
  "real_time": 317.4551453590393,
  "partition": {
    "cpu_time": 142.74694809999983,
    "real_time": 142.76738667488098,
    "no_test": 2216904,
    "no_disc": 307193,
    "n_regions": 1022
  },
  "generation": {
    "cpu_time": 174.6819128340003,
    "real_time": 174.68775868415833,
    "no_test": 5000000,
    "no_disc": 1520709
  },
  "config": {
    "max_depth": 10,
    "min_samples_per_region": 1000,
    "max_samples_per_region": 3000,
    "min_gain": 0.0,
    "gini_weight_mode": "sample",
    "max_split_ratio": 1.0,
    "sampling_risk_focus_alpha": 10.0,
    "sampling_risk_floor": 1e-05,
    "batch_size": 512,
    "disc_phase": "generation",
    "sample_draws": 5000000,
    "random_seed": 2
  }
}