{
  "label": "regionft_a10-GBDT-Credit-sex-d5000000",
  "repeat": 1,
  "method": "regionft_a10",
  "model": "GBDT",
  "dataset": "Credit",
  "protected": "sex",
  "runtime": 7200,
  "no_disc": 1227361,
  "no_test": 6663032,
  "prec": 0.18420457833610884,
  "cpu_time": 167.66001568399997,
  "real_time": 167.67047548294067,
  "partition": {
    "cpu_time": 72.64458238199995,
    "real_time": 72.65306663513184,
    "no_test": 1663032,
    "no_disc": 106566,
    "n_regions": 793
  },
  "generation": {
    "cpu_time": 95.01543330200002,
    "real_time": 95.01740884780884,
    "no_test": 5000000,
    "no_disc": 1120795
  },
  "config": {
    "max_depth": 10,
    "min_samples_per_region": 1000,
    "max_samples_per_region": 3000,
    "min_gain": 0.0,
    "gini_weight_mode": "sample",
    "max_split_ratio": 1.0,
    "sampling_risk_focus_alpha": 10.0,
    "sampling_risk_floor": 1e-05,
    "batch_size": 512,
    "disc_phase": "generation",
    "sample_draws": 5000000,
    "random_seed": 1
  }
}