{
  "label": "regionft_a10-DecTree-Bank-age-d5000000",
  "repeat": 2,
  "method": "regionft_a10",
  "model": "DecTree",
  "dataset": "Bank",
  "protected": "age",
  "runtime": 7200,
  "no_disc": 5287022,
  "no_test": 6418319,
  "prec": 0.8237393622847353,
  "cpu_time": 343.49394240200036,
  "real_time": 343.4986391067505,
  "partition": {
    "cpu_time": 118.79390168500049,
    "real_time": 118.79492902755737,
    "no_test": 1418319,
    "no_disc": 401277,
    "n_regions": 646
  },
  "generation": {
    "cpu_time": 224.70004071699987,
    "real_time": 224.70371007919312,
    "no_test": 5000000,
    "no_disc": 4885745
  },
  "config": {
    "max_depth": 10,
    "min_samples_per_region": 1000,
    "max_samples_per_region": 3000,
    "min_gain": 0.0,
    "gini_weight_mode": "sample",
    "max_split_ratio": 1.0,
    "sampling_risk_focus_alpha": 10.0,
    "sampling_risk_floor": 1e-05,
    "batch_size": 512,
    "disc_phase": "generation",
    "sample_draws": 5000000,
    "random_seed": 2
  }
}