{
  "label": "regionft_a10-MLP-Lsac-sex-d5000000",
  "repeat": 2,
  "method": "regionft_a10",
  "model": "MLP",
  "dataset": "Lsac",
  "protected": "sex",
  "runtime": 7200,
  "no_disc": 452265,
  "no_test": 6915556,
  "prec": 0.06539821237800691,
  "cpu_time": 159.1742038250004,
  "real_time": 159.17990136146545,
  "partition": {
    "cpu_time": 95.83177849000003,
    "real_time": 95.83716702461243,
    "no_test": 1915556,
    "no_disc": 46867,
    "n_regions": 907
  },
  "generation": {
    "cpu_time": 63.34242533500037,
    "real_time": 63.34273433685303,
    "no_test": 5000000,
    "no_disc": 405398
  },
  "config": {
    "max_depth": 10,
    "min_samples_per_region": 1000,
    "max_samples_per_region": 3000,
    "min_gain": 0.0,
    "gini_weight_mode": "sample",
    "max_split_ratio": 1.0,
    "sampling_risk_focus_alpha": 10.0,
    "sampling_risk_floor": 1e-05,
    "batch_size": 512,
    "disc_phase": "generation",
    "sample_draws": 5000000,
    "random_seed": 2
  }
}