{
  "label": "regionft_a10-GBDT-Bank-age-d5000000",
  "repeat": 4,
  "method": "regionft_a10",
  "model": "GBDT",
  "dataset": "Bank",
  "protected": "age",
  "runtime": 7200,
  "no_disc": 4635947,
  "no_test": 6893761,
  "prec": 0.6724844391907407,
  "cpu_time": 436.8627500970001,
  "real_time": 436.8775613307953,
  "partition": {
    "cpu_time": 176.43978881099997,
    "real_time": 176.45583987236023,
    "no_test": 1893761,
    "no_disc": 496112,
    "n_regions": 878
  },
  "generation": {
    "cpu_time": 260.42296128600015,
    "real_time": 260.42172145843506,
    "no_test": 5000000,
    "no_disc": 4139835
  },
  "config": {
    "max_depth": 10,
    "min_samples_per_region": 1000,
    "max_samples_per_region": 3000,
    "min_gain": 0.0,
    "gini_weight_mode": "sample",
    "max_split_ratio": 1.0,
    "sampling_risk_focus_alpha": 10.0,
    "sampling_risk_floor": 1e-05,
    "batch_size": 512,
    "disc_phase": "generation",
    "sample_draws": 5000000,
    "random_seed": 4
  }
}