{
  "label": "regionft_a10-GBDT-Adult-race-d5000000",
  "repeat": 3,
  "method": "regionft_a10",
  "model": "GBDT",
  "dataset": "Adult",
  "protected": "race",
  "runtime": 7200,
  "no_disc": 3974368,
  "no_test": 6856022,
  "prec": 0.5796900885090509,
  "cpu_time": 283.7221834129998,
  "real_time": 283.72697162628174,
  "partition": {
    "cpu_time": 116.1057245259999,
    "real_time": 116.11184334754944,
    "no_test": 1856022,
    "no_disc": 100000,
    "n_regions": 897
  },
  "generation": {
    "cpu_time": 167.6164588869999,
    "real_time": 167.6151282787323,
    "no_test": 5000000,
    "no_disc": 3874368
  },
  "config": {
    "max_depth": 10,
    "min_samples_per_region": 1000,
    "max_samples_per_region": 3000,
    "min_gain": 0.0,
    "gini_weight_mode": "sample",
    "max_split_ratio": 1.0,
    "sampling_risk_focus_alpha": 10.0,
    "sampling_risk_floor": 1e-05,
    "batch_size": 512,
    "disc_phase": "generation",
    "sample_draws": 5000000,
    "random_seed": 3
  }
}