{
  "label": "regionft_a10-GBDT-Lsac-sex-d5000000",
  "repeat": 1,
  "method": "regionft_a10",
  "model": "GBDT",
  "dataset": "Lsac",
  "protected": "sex",
  "runtime": 7200,
  "no_disc": 2222013,
  "no_test": 7019527,
  "prec": 0.31654739699697715,
  "cpu_time": 206.10112713099988,
  "real_time": 206.1030979156494,
  "partition": {
    "cpu_time": 116.2102508930002,
    "real_time": 116.2115261554718,
    "no_test": 2019527,
    "no_disc": 113154,
    "n_regions": 966
  },
  "generation": {
    "cpu_time": 89.89087623799969,
    "real_time": 89.89157176017761,
    "no_test": 5000000,
    "no_disc": 2108859
  },
  "config": {
    "max_depth": 10,
    "min_samples_per_region": 1000,
    "max_samples_per_region": 3000,
    "min_gain": 0.0,
    "gini_weight_mode": "sample",
    "max_split_ratio": 1.0,
    "sampling_risk_focus_alpha": 10.0,
    "sampling_risk_floor": 1e-05,
    "batch_size": 512,
    "disc_phase": "generation",
    "sample_draws": 5000000,
    "random_seed": 1
  }
}