{
  "label": "regionft_a10-LogReg-Lsac-race-d5000000",
  "repeat": 2,
  "method": "regionft_a10",
  "model": "LogReg",
  "dataset": "Lsac",
  "protected": "race",
  "runtime": 7200,
  "no_disc": 1985670,
  "no_test": 7036554,
  "prec": 0.28219352825260774,
  "cpu_time": 212.99140904299998,
  "real_time": 212.99493670463562,
  "partition": {
    "cpu_time": 119.58986879200006,
    "real_time": 119.5923433303833,
    "no_test": 2036554,
    "no_disc": 209206,
    "n_regions": 953
  },
  "generation": {
    "cpu_time": 93.40154025099991,
    "real_time": 93.40259337425232,
    "no_test": 5000000,
    "no_disc": 1776464
  },
  "config": {
    "max_depth": 10,
    "min_samples_per_region": 1000,
    "max_samples_per_region": 3000,
    "min_gain": 0.0,
    "gini_weight_mode": "sample",
    "max_split_ratio": 1.0,
    "sampling_risk_focus_alpha": 10.0,
    "sampling_risk_floor": 1e-05,
    "batch_size": 512,
    "disc_phase": "generation",
    "sample_draws": 5000000,
    "random_seed": 2
  }
}