{
  "label": "regionft_a10-DecTree-Lsac-race-d5000000",
  "repeat": 3,
  "method": "regionft_a10",
  "model": "DecTree",
  "dataset": "Lsac",
  "protected": "race",
  "runtime": 7200,
  "no_disc": 5069869,
  "no_test": 5851876,
  "prec": 0.8663664438549279,
  "cpu_time": 156.8306710730003,
  "real_time": 156.83552885055542,
  "partition": {
    "cpu_time": 56.99626013000034,
    "real_time": 57.00040674209595,
    "no_test": 851876,
    "no_disc": 122382,
    "n_regions": 392
  },
  "generation": {
    "cpu_time": 99.83441094299997,
    "real_time": 99.83512210845947,
    "no_test": 5000000,
    "no_disc": 4947487
  },
  "config": {
    "max_depth": 10,
    "min_samples_per_region": 1000,
    "max_samples_per_region": 3000,
    "min_gain": 0.0,
    "gini_weight_mode": "sample",
    "max_split_ratio": 1.0,
    "sampling_risk_focus_alpha": 10.0,
    "sampling_risk_floor": 1e-05,
    "batch_size": 512,
    "disc_phase": "generation",
    "sample_draws": 5000000,
    "random_seed": 3
  }
}