{
  "label": "regionft_a10-LogReg-Credit-age-d5000000",
  "repeat": 0,
  "method": "regionft_a10",
  "model": "LogReg",
  "dataset": "Credit",
  "protected": "age",
  "runtime": 7200,
  "no_disc": 1785786,
  "no_test": 7170852,
  "prec": 0.24903400600096057,
  "cpu_time": 329.98529364299975,
  "real_time": 329.99819111824036,
  "partition": {
    "cpu_time": 140.24312679000013,
    "real_time": 140.25259375572205,
    "no_test": 2170852,
    "no_disc": 264065,
    "n_regions": 1008
  },
  "generation": {
    "cpu_time": 189.74216685299962,
    "real_time": 189.7455973625183,
    "no_test": 5000000,
    "no_disc": 1521721
  },
  "config": {
    "max_depth": 10,
    "min_samples_per_region": 1000,
    "max_samples_per_region": 3000,
    "min_gain": 0.0,
    "gini_weight_mode": "sample",
    "max_split_ratio": 1.0,
    "sampling_risk_focus_alpha": 10.0,
    "sampling_risk_floor": 1e-05,
    "batch_size": 512,
    "disc_phase": "generation",
    "sample_draws": 5000000,
    "random_seed": 0
  }
}