{
  "label": "regionft_a10-DecTree-Lsac-sex-d5000000",
  "repeat": 2,
  "method": "regionft_a10",
  "model": "DecTree",
  "dataset": "Lsac",
  "protected": "sex",
  "runtime": 7200,
  "no_disc": 5144840,
  "no_test": 6316054,
  "prec": 0.8145655499462164,
  "cpu_time": 169.6602208840004,
  "real_time": 169.66930413246155,
  "partition": {
    "cpu_time": 82.05376549100038,
    "real_time": 82.06269431114197,
    "no_test": 1316054,
    "no_disc": 177803,
    "n_regions": 609
  },
  "generation": {
    "cpu_time": 87.60645539300003,
    "real_time": 87.60660982131958,
    "no_test": 5000000,
    "no_disc": 4967037
  },
  "config": {
    "max_depth": 10,
    "min_samples_per_region": 1000,
    "max_samples_per_region": 3000,
    "min_gain": 0.0,
    "gini_weight_mode": "sample",
    "max_split_ratio": 1.0,
    "sampling_risk_focus_alpha": 10.0,
    "sampling_risk_floor": 1e-05,
    "batch_size": 512,
    "disc_phase": "generation",
    "sample_draws": 5000000,
    "random_seed": 2
  }
}