{
  "label": "regionft_a10-DecTree-Adult-age-d5000000",
  "repeat": 3,
  "method": "regionft_a10",
  "model": "DecTree",
  "dataset": "Adult",
  "protected": "age",
  "runtime": 7200,
  "no_disc": 5125718,
  "no_test": 5310228,
  "prec": 0.9652538459742218,
  "cpu_time": 242.5446040060001,
  "real_time": 242.54750561714172,
  "partition": {
    "cpu_time": 27.200918825000144,
    "real_time": 27.204432487487793,
    "no_test": 310228,
    "no_disc": 128406,
    "n_regions": 138
  },
  "generation": {
    "cpu_time": 215.34368518099996,
    "real_time": 215.34307312965393,
    "no_test": 5000000,
    "no_disc": 4997312
  },
  "config": {
    "max_depth": 10,
    "min_samples_per_region": 1000,
    "max_samples_per_region": 3000,
    "min_gain": 0.0,
    "gini_weight_mode": "sample",
    "max_split_ratio": 1.0,
    "sampling_risk_focus_alpha": 10.0,
    "sampling_risk_floor": 1e-05,
    "batch_size": 512,
    "disc_phase": "generation",
    "sample_draws": 5000000,
    "random_seed": 3
  }
}