{
  "label": "regionft_a10-GBDT-Lsac-sex-d5000000",
  "repeat": 2,
  "method": "regionft_a10",
  "model": "GBDT",
  "dataset": "Lsac",
  "protected": "sex",
  "runtime": 7200,
  "no_disc": 2520657,
  "no_test": 6915669,
  "prec": 0.3644849110042716,
  "cpu_time": 205.01943731600022,
  "real_time": 205.026864528656,
  "partition": {
    "cpu_time": 114.51763323399973,
    "real_time": 114.52443432807922,
    "no_test": 1915669,
    "no_disc": 93536,
    "n_regions": 908
  },
  "generation": {
    "cpu_time": 90.50180408200049,
    "real_time": 90.50243020057678,
    "no_test": 5000000,
    "no_disc": 2427121
  },
  "config": {
    "max_depth": 10,
    "min_samples_per_region": 1000,
    "max_samples_per_region": 3000,
    "min_gain": 0.0,
    "gini_weight_mode": "sample",
    "max_split_ratio": 1.0,
    "sampling_risk_focus_alpha": 10.0,
    "sampling_risk_floor": 1e-05,
    "batch_size": 512,
    "disc_phase": "generation",
    "sample_draws": 5000000,
    "random_seed": 2
  }
}