{
  "label": "regionft_a10-GBDT-Lsac-race-d5000000",
  "repeat": 1,
  "method": "regionft_a10",
  "model": "GBDT",
  "dataset": "Lsac",
  "protected": "race",
  "runtime": 7200,
  "no_disc": 4237391,
  "no_test": 7135292,
  "prec": 0.5938637129356444,
  "cpu_time": 222.8484390800004,
  "real_time": 222.87453174591064,
  "partition": {
    "cpu_time": 128.1885530010004,
    "real_time": 128.2106487751007,
    "no_test": 2135292,
    "no_disc": 317560,
    "n_regions": 994
  },
  "generation": {
    "cpu_time": 94.65988607899999,
    "real_time": 94.66388297080994,
    "no_test": 5000000,
    "no_disc": 3919831
  },
  "config": {
    "max_depth": 10,
    "min_samples_per_region": 1000,
    "max_samples_per_region": 3000,
    "min_gain": 0.0,
    "gini_weight_mode": "sample",
    "max_split_ratio": 1.0,
    "sampling_risk_focus_alpha": 10.0,
    "sampling_risk_floor": 1e-05,
    "batch_size": 512,
    "disc_phase": "generation",
    "sample_draws": 5000000,
    "random_seed": 1
  }
}