{
  "label": "regionft_a10-DecTree-Credit-age-d5000000",
  "repeat": 3,
  "method": "regionft_a10",
  "model": "DecTree",
  "dataset": "Credit",
  "protected": "age",
  "runtime": 7200,
  "no_disc": 5142955,
  "no_test": 5258954,
  "prec": 0.9779425718498393,
  "cpu_time": 229.31577803399978,
  "real_time": 229.32057762145996,
  "partition": {
    "cpu_time": 18.859381751999535,
    "real_time": 18.860517978668213,
    "no_test": 258954,
    "no_disc": 146995,
    "n_regions": 120
  },
  "generation": {
    "cpu_time": 210.45639628200024,
    "real_time": 210.46005964279175,
    "no_test": 5000000,
    "no_disc": 4995960
  },
  "config": {
    "max_depth": 10,
    "min_samples_per_region": 1000,
    "max_samples_per_region": 3000,
    "min_gain": 0.0,
    "gini_weight_mode": "sample",
    "max_split_ratio": 1.0,
    "sampling_risk_focus_alpha": 10.0,
    "sampling_risk_floor": 1e-05,
    "batch_size": 512,
    "disc_phase": "generation",
    "sample_draws": 5000000,
    "random_seed": 3
  }
}