{
  "label": "regionft_a10-LogReg-Adult-sex-d5000000",
  "repeat": 3,
  "method": "regionft_a10",
  "model": "LogReg",
  "dataset": "Adult",
  "protected": "sex",
  "runtime": 7200,
  "no_disc": 654236,
  "no_test": 6585514,
  "prec": 0.09934471326004318,
  "cpu_time": 135.4636220070006,
  "real_time": 135.46656227111816,
  "partition": {
    "cpu_time": 67.48243230000026,
    "real_time": 67.48503684997559,
    "no_test": 1585514,
    "no_disc": 89421,
    "n_regions": 767
  },
  "generation": {
    "cpu_time": 67.98118970700034,
    "real_time": 67.98152542114258,
    "no_test": 5000000,
    "no_disc": 564815
  },
  "config": {
    "max_depth": 10,
    "min_samples_per_region": 1000,
    "max_samples_per_region": 3000,
    "min_gain": 0.0,
    "gini_weight_mode": "sample",
    "max_split_ratio": 1.0,
    "sampling_risk_focus_alpha": 10.0,
    "sampling_risk_floor": 1e-05,
    "batch_size": 512,
    "disc_phase": "generation",
    "sample_draws": 5000000,
    "random_seed": 3
  }
}