{
  "label": "regionft_a10-GBDT-Adult-age-d5000000",
  "repeat": 0,
  "method": "regionft_a10",
  "model": "GBDT",
  "dataset": "Adult",
  "protected": "age",
  "runtime": 7200,
  "no_disc": 5416395,
  "no_test": 7037248,
  "prec": 0.7696751627909092,
  "cpu_time": 412.43361321500015,
  "real_time": 412.4522089958191,
  "partition": {
    "cpu_time": 171.628157418,
    "real_time": 171.64990162849426,
    "no_test": 2037248,
    "no_disc": 693129,
    "n_regions": 958
  },
  "generation": {
    "cpu_time": 240.80545579700015,
    "real_time": 240.80230736732483,
    "no_test": 5000000,
    "no_disc": 4723266
  },
  "config": {
    "max_depth": 10,
    "min_samples_per_region": 1000,
    "max_samples_per_region": 3000,
    "min_gain": 0.0,
    "gini_weight_mode": "sample",
    "max_split_ratio": 1.0,
    "sampling_risk_focus_alpha": 10.0,
    "sampling_risk_floor": 1e-05,
    "batch_size": 512,
    "disc_phase": "generation",
    "sample_draws": 5000000,
    "random_seed": 0
  }
}