{
  "label": "regionft_a10-MLP-Adult-race-d5000000",
  "repeat": 1,
  "method": "regionft_a10",
  "model": "MLP",
  "dataset": "Adult",
  "protected": "race",
  "runtime": 7200,
  "no_disc": 2375677,
  "no_test": 7130185,
  "prec": 0.33318588507871816,
  "cpu_time": 329.84255079000013,
  "real_time": 329.8445620536804,
  "partition": {
    "cpu_time": 135.19342857100037,
    "real_time": 135.1944043636322,
    "no_test": 2130185,
    "no_disc": 213678,
    "n_regions": 1009
  },
  "generation": {
    "cpu_time": 194.64912221899976,
    "real_time": 194.65015769004822,
    "no_test": 5000000,
    "no_disc": 2161999
  },
  "config": {
    "max_depth": 10,
    "min_samples_per_region": 1000,
    "max_samples_per_region": 3000,
    "min_gain": 0.0,
    "gini_weight_mode": "sample",
    "max_split_ratio": 1.0,
    "sampling_risk_focus_alpha": 10.0,
    "sampling_risk_floor": 1e-05,
    "batch_size": 512,
    "disc_phase": "generation",
    "sample_draws": 5000000,
    "random_seed": 1
  }
}