{
  "label": "regionft_a10-LogReg-Credit-age-d5000000",
  "repeat": 1,
  "method": "regionft_a10",
  "model": "LogReg",
  "dataset": "Credit",
  "protected": "age",
  "runtime": 7200,
  "no_disc": 1748483,
  "no_test": 6943519,
  "prec": 0.25181510988880423,
  "cpu_time": 314.6641592779997,
  "real_time": 314.6800081729889,
  "partition": {
    "cpu_time": 128.96304427699943,
    "real_time": 128.96727895736694,
    "no_test": 1943519,
    "no_disc": 258982,
    "n_regions": 895
  },
  "generation": {
    "cpu_time": 185.7011150010003,
    "real_time": 185.71272921562195,
    "no_test": 5000000,
    "no_disc": 1489501
  },
  "config": {
    "max_depth": 10,
    "min_samples_per_region": 1000,
    "max_samples_per_region": 3000,
    "min_gain": 0.0,
    "gini_weight_mode": "sample",
    "max_split_ratio": 1.0,
    "sampling_risk_focus_alpha": 10.0,
    "sampling_risk_floor": 1e-05,
    "batch_size": 512,
    "disc_phase": "generation",
    "sample_draws": 5000000,
    "random_seed": 1
  }
}