{
  "label": "regionft_a10-MLP-Adult-race-d5000000",
  "repeat": 4,
  "method": "regionft_a10",
  "model": "MLP",
  "dataset": "Adult",
  "protected": "race",
  "runtime": 7200,
  "no_disc": 2353867,
  "no_test": 7121526,
  "prec": 0.33052845696273525,
  "cpu_time": 332.9520775580004,
  "real_time": 332.9554078578949,
  "partition": {
    "cpu_time": 135.02505401399958,
    "real_time": 135.02703952789307,
    "no_test": 2121526,
    "no_disc": 199872,
    "n_regions": 1005
  },
  "generation": {
    "cpu_time": 197.9270235440008,
    "real_time": 197.92836833000183,
    "no_test": 5000000,
    "no_disc": 2153995
  },
  "config": {
    "max_depth": 10,
    "min_samples_per_region": 1000,
    "max_samples_per_region": 3000,
    "min_gain": 0.0,
    "gini_weight_mode": "sample",
    "max_split_ratio": 1.0,
    "sampling_risk_focus_alpha": 10.0,
    "sampling_risk_floor": 1e-05,
    "batch_size": 512,
    "disc_phase": "generation",
    "sample_draws": 5000000,
    "random_seed": 4
  }
}