{
  "label": "regionft_a10-MLP-Lsac-race-d5000000",
  "repeat": 2,
  "method": "regionft_a10",
  "model": "MLP",
  "dataset": "Lsac",
  "protected": "race",
  "runtime": 7200,
  "no_disc": 1266673,
  "no_test": 7192328,
  "prec": 0.1761144653024723,
  "cpu_time": 203.81540643399967,
  "real_time": 203.82245349884033,
  "partition": {
    "cpu_time": 120.8127414519995,
    "real_time": 120.81756854057312,
    "no_test": 2192328,
    "no_disc": 144238,
    "n_regions": 1022
  },
  "generation": {
    "cpu_time": 83.00266498200017,
    "real_time": 83.00488495826721,
    "no_test": 5000000,
    "no_disc": 1122435
  },
  "config": {
    "max_depth": 10,
    "min_samples_per_region": 1000,
    "max_samples_per_region": 3000,
    "min_gain": 0.0,
    "gini_weight_mode": "sample",
    "max_split_ratio": 1.0,
    "sampling_risk_focus_alpha": 10.0,
    "sampling_risk_floor": 1e-05,
    "batch_size": 512,
    "disc_phase": "generation",
    "sample_draws": 5000000,
    "random_seed": 2
  }
}