{
  "label": "regionft_a10-DecTree-Credit-age-d5000000",
  "repeat": 1,
  "method": "regionft_a10",
  "model": "DecTree",
  "dataset": "Credit",
  "protected": "age",
  "runtime": 7200,
  "no_disc": 5148183,
  "no_test": 5263041,
  "prec": 0.9781764952999606,
  "cpu_time": 231.85667273800027,
  "real_time": 231.86055636405945,
  "partition": {
    "cpu_time": 19.425806636000743,
    "real_time": 19.427485704421997,
    "no_test": 263041,
    "no_disc": 151711,
    "n_regions": 122
  },
  "generation": {
    "cpu_time": 212.43086610199953,
    "real_time": 212.43307065963745,
    "no_test": 5000000,
    "no_disc": 4996472
  },
  "config": {
    "max_depth": 10,
    "min_samples_per_region": 1000,
    "max_samples_per_region": 3000,
    "min_gain": 0.0,
    "gini_weight_mode": "sample",
    "max_split_ratio": 1.0,
    "sampling_risk_focus_alpha": 10.0,
    "sampling_risk_floor": 1e-05,
    "batch_size": 512,
    "disc_phase": "generation",
    "sample_draws": 5000000,
    "random_seed": 1
  }
}