{
  "label": "regionft_a10-LogReg-Adult-age-d5000000",
  "repeat": 4,
  "method": "regionft_a10",
  "model": "LogReg",
  "dataset": "Adult",
  "protected": "age",
  "runtime": 7200,
  "no_disc": 4230711,
  "no_test": 6705017,
  "prec": 0.6309769236975835,
  "cpu_time": 319.5189250130006,
  "real_time": 319.5265655517578,
  "partition": {
    "cpu_time": 113.65357618899998,
    "real_time": 113.66019296646118,
    "no_test": 1705017,
    "no_disc": 484435,
    "n_regions": 817
  },
  "generation": {
    "cpu_time": 205.86534882400065,
    "real_time": 205.86637258529663,
    "no_test": 5000000,
    "no_disc": 3746276
  },
  "config": {
    "max_depth": 10,
    "min_samples_per_region": 1000,
    "max_samples_per_region": 3000,
    "min_gain": 0.0,
    "gini_weight_mode": "sample",
    "max_split_ratio": 1.0,
    "sampling_risk_focus_alpha": 10.0,
    "sampling_risk_floor": 1e-05,
    "batch_size": 512,
    "disc_phase": "generation",
    "sample_draws": 5000000,
    "random_seed": 4
  }
}