{
  "label": "regionft_a10-GBDT-Adult-sex-d5000000",
  "repeat": 2,
  "method": "regionft_a10",
  "model": "GBDT",
  "dataset": "Adult",
  "protected": "sex",
  "runtime": 7200,
  "no_disc": 2552022,
  "no_test": 6833770,
  "prec": 0.37344277024248695,
  "cpu_time": 186.09666540400008,
  "real_time": 186.09971737861633,
  "partition": {
    "cpu_time": 93.65624212700004,
    "real_time": 93.65894985198975,
    "no_test": 1833770,
    "no_disc": 153798,
    "n_regions": 880
  },
  "generation": {
    "cpu_time": 92.44042327700004,
    "real_time": 92.44076752662659,
    "no_test": 5000000,
    "no_disc": 2398224
  },
  "config": {
    "max_depth": 10,
    "min_samples_per_region": 1000,
    "max_samples_per_region": 3000,
    "min_gain": 0.0,
    "gini_weight_mode": "sample",
    "max_split_ratio": 1.0,
    "sampling_risk_focus_alpha": 10.0,
    "sampling_risk_floor": 1e-05,
    "batch_size": 512,
    "disc_phase": "generation",
    "sample_draws": 5000000,
    "random_seed": 2
  }
}