{
  "label": "regionft_a10-LogReg-Adult-race-d5000000",
  "repeat": 3,
  "method": "regionft_a10",
  "model": "LogReg",
  "dataset": "Adult",
  "protected": "race",
  "runtime": 7200,
  "no_disc": 811388,
  "no_test": 6567836,
  "prec": 0.12353962553267164,
  "cpu_time": 204.5472866709997,
  "real_time": 204.55209016799927,
  "partition": {
    "cpu_time": 82.5625378599998,
    "real_time": 82.56670618057251,
    "no_test": 1567836,
    "no_disc": 93802,
    "n_regions": 755
  },
  "generation": {
    "cpu_time": 121.98474881099992,
    "real_time": 121.98538398742676,
    "no_test": 5000000,
    "no_disc": 717586
  },
  "config": {
    "max_depth": 10,
    "min_samples_per_region": 1000,
    "max_samples_per_region": 3000,
    "min_gain": 0.0,
    "gini_weight_mode": "sample",
    "max_split_ratio": 1.0,
    "sampling_risk_focus_alpha": 10.0,
    "sampling_risk_floor": 1e-05,
    "batch_size": 512,
    "disc_phase": "generation",
    "sample_draws": 5000000,
    "random_seed": 3
  }
}