{
  "label": "regionft_a10-MLP-Adult-sex-d5000000",
  "repeat": 1,
  "method": "regionft_a10",
  "model": "MLP",
  "dataset": "Adult",
  "protected": "sex",
  "runtime": 7200,
  "no_disc": 643895,
  "no_test": 7060066,
  "prec": 0.09120240518997981,
  "cpu_time": 191.61674097099967,
  "real_time": 191.6175410747528,
  "partition": {
    "cpu_time": 96.74241150699982,
    "real_time": 96.74308061599731,
    "no_test": 2060066,
    "no_disc": 76443,
    "n_regions": 982
  },
  "generation": {
    "cpu_time": 94.87432946399986,
    "real_time": 94.8744604587555,
    "no_test": 5000000,
    "no_disc": 567452
  },
  "config": {
    "max_depth": 10,
    "min_samples_per_region": 1000,
    "max_samples_per_region": 3000,
    "min_gain": 0.0,
    "gini_weight_mode": "sample",
    "max_split_ratio": 1.0,
    "sampling_risk_focus_alpha": 10.0,
    "sampling_risk_floor": 1e-05,
    "batch_size": 512,
    "disc_phase": "generation",
    "sample_draws": 5000000,
    "random_seed": 1
  }
}