{
  "label": "regionft_a10-MLP-Lsac-sex-d5000000",
  "repeat": 0,
  "method": "regionft_a10",
  "model": "MLP",
  "dataset": "Lsac",
  "protected": "sex",
  "runtime": 7200,
  "no_disc": 655037,
  "no_test": 7102411,
  "prec": 0.09222741404292148,
  "cpu_time": 177.75546809599928,
  "real_time": 177.75702810287476,
  "partition": {
    "cpu_time": 107.86899183500009,
    "real_time": 107.86979246139526,
    "no_test": 2102411,
    "no_disc": 63248,
    "n_regions": 992
  },
  "generation": {
    "cpu_time": 69.88647626099919,
    "real_time": 69.88723564147949,
    "no_test": 5000000,
    "no_disc": 591789
  },
  "config": {
    "max_depth": 10,
    "min_samples_per_region": 1000,
    "max_samples_per_region": 3000,
    "min_gain": 0.0,
    "gini_weight_mode": "sample",
    "max_split_ratio": 1.0,
    "sampling_risk_focus_alpha": 10.0,
    "sampling_risk_floor": 1e-05,
    "batch_size": 512,
    "disc_phase": "generation",
    "sample_draws": 5000000,
    "random_seed": 0
  }
}