{
  "label": "regionft_a10-LogReg-Lsac-sex-d5000000",
  "repeat": 0,
  "method": "regionft_a10",
  "model": "LogReg",
  "dataset": "Lsac",
  "protected": "sex",
  "runtime": 7200,
  "no_disc": 588067,
  "no_test": 7012830,
  "prec": 0.08385587558802937,
  "cpu_time": 178.44581739799924,
  "real_time": 178.45023798942566,
  "partition": {
    "cpu_time": 108.5070433259998,
    "real_time": 108.510817527771,
    "no_test": 2012830,
    "no_disc": 70061,
    "n_regions": 950
  },
  "generation": {
    "cpu_time": 69.93877407199943,
    "real_time": 69.93942046165466,
    "no_test": 5000000,
    "no_disc": 518006
  },
  "config": {
    "max_depth": 10,
    "min_samples_per_region": 1000,
    "max_samples_per_region": 3000,
    "min_gain": 0.0,
    "gini_weight_mode": "sample",
    "max_split_ratio": 1.0,
    "sampling_risk_focus_alpha": 10.0,
    "sampling_risk_floor": 1e-05,
    "batch_size": 512,
    "disc_phase": "generation",
    "sample_draws": 5000000,
    "random_seed": 0
  }
}