{
  "label": "regionft_a10-GBDT-Lsac-race-d5000000",
  "repeat": 3,
  "method": "regionft_a10",
  "model": "GBDT",
  "dataset": "Lsac",
  "protected": "race",
  "runtime": 7200,
  "no_disc": 4610994,
  "no_test": 7018879,
  "prec": 0.656941656922708,
  "cpu_time": 253.397085091,
  "real_time": 253.40726804733276,
  "partition": {
    "cpu_time": 131.75614960199982,
    "real_time": 131.76454329490662,
    "no_test": 2018879,
    "no_disc": 317365,
    "n_regions": 939
  },
  "generation": {
    "cpu_time": 121.64093548900019,
    "real_time": 121.64272475242615,
    "no_test": 5000000,
    "no_disc": 4293629
  },
  "config": {
    "max_depth": 10,
    "min_samples_per_region": 1000,
    "max_samples_per_region": 3000,
    "min_gain": 0.0,
    "gini_weight_mode": "sample",
    "max_split_ratio": 1.0,
    "sampling_risk_focus_alpha": 10.0,
    "sampling_risk_floor": 1e-05,
    "batch_size": 512,
    "disc_phase": "generation",
    "sample_draws": 5000000,
    "random_seed": 3
  }
}