{
  "label": "regionft_a10-LogReg-Lsac-race-d5000000",
  "repeat": 3,
  "method": "regionft_a10",
  "model": "LogReg",
  "dataset": "Lsac",
  "protected": "race",
  "runtime": 7200,
  "no_disc": 1936447,
  "no_test": 6993830,
  "prec": 0.2768793350710555,
  "cpu_time": 194.70618978499988,
  "real_time": 194.72052645683289,
  "partition": {
    "cpu_time": 111.02349237399994,
    "real_time": 111.03670692443848,
    "no_test": 1993830,
    "no_disc": 192893,
    "n_regions": 934
  },
  "generation": {
    "cpu_time": 83.68269741099994,
    "real_time": 83.68381953239441,
    "no_test": 5000000,
    "no_disc": 1743554
  },
  "config": {
    "max_depth": 10,
    "min_samples_per_region": 1000,
    "max_samples_per_region": 3000,
    "min_gain": 0.0,
    "gini_weight_mode": "sample",
    "max_split_ratio": 1.0,
    "sampling_risk_focus_alpha": 10.0,
    "sampling_risk_floor": 1e-05,
    "batch_size": 512,
    "disc_phase": "generation",
    "sample_draws": 5000000,
    "random_seed": 3
  }
}