{
  "label": "regionft_a10-DecTree-Lsac-sex-d5000000",
  "repeat": 0,
  "method": "regionft_a10",
  "model": "DecTree",
  "dataset": "Lsac",
  "protected": "sex",
  "runtime": 7200,
  "no_disc": 5133630,
  "no_test": 6028530,
  "prec": 0.8515558519241009,
  "cpu_time": 149.51707144800002,
  "real_time": 149.51941013336182,
  "partition": {
    "cpu_time": 63.99290471399945,
    "real_time": 63.99488162994385,
    "no_test": 1028530,
    "no_disc": 165390,
    "n_regions": 473
  },
  "generation": {
    "cpu_time": 85.52416673400057,
    "real_time": 85.52452850341797,
    "no_test": 5000000,
    "no_disc": 4968240
  },
  "config": {
    "max_depth": 10,
    "min_samples_per_region": 1000,
    "max_samples_per_region": 3000,
    "min_gain": 0.0,
    "gini_weight_mode": "sample",
    "max_split_ratio": 1.0,
    "sampling_risk_focus_alpha": 10.0,
    "sampling_risk_floor": 1e-05,
    "batch_size": 512,
    "disc_phase": "generation",
    "sample_draws": 5000000,
    "random_seed": 0
  }
}