{
  "label": "regionft_a10-LogReg-Adult-race-d5000000",
  "repeat": 0,
  "method": "regionft_a10",
  "model": "LogReg",
  "dataset": "Adult",
  "protected": "race",
  "runtime": 7200,
  "no_disc": 778375,
  "no_test": 6537661,
  "prec": 0.11906016540166277,
  "cpu_time": 213.19215680600064,
  "real_time": 213.19547748565674,
  "partition": {
    "cpu_time": 82.5326786780006,
    "real_time": 82.5346577167511,
    "no_test": 1537661,
    "no_disc": 79989,
    "n_regions": 739
  },
  "generation": {
    "cpu_time": 130.65947812800005,
    "real_time": 130.66081976890564,
    "no_test": 5000000,
    "no_disc": 698386
  },
  "config": {
    "max_depth": 10,
    "min_samples_per_region": 1000,
    "max_samples_per_region": 3000,
    "min_gain": 0.0,
    "gini_weight_mode": "sample",
    "max_split_ratio": 1.0,
    "sampling_risk_focus_alpha": 10.0,
    "sampling_risk_floor": 1e-05,
    "batch_size": 512,
    "disc_phase": "generation",
    "sample_draws": 5000000,
    "random_seed": 0
  }
}