{
  "label": "regionft_a10-MLP-Credit-sex-d5000000",
  "repeat": 3,
  "method": "regionft_a10",
  "model": "MLP",
  "dataset": "Credit",
  "protected": "sex",
  "runtime": 7200,
  "no_disc": 1007056,
  "no_test": 6998426,
  "prec": 0.14389749923768574,
  "cpu_time": 172.25649670699931,
  "real_time": 172.26130890846252,
  "partition": {
    "cpu_time": 85.99863858599929,
    "real_time": 86.00183916091919,
    "no_test": 1998426,
    "no_disc": 131026,
    "n_regions": 932
  },
  "generation": {
    "cpu_time": 86.25785812100003,
    "real_time": 86.25946974754333,
    "no_test": 5000000,
    "no_disc": 876030
  },
  "config": {
    "max_depth": 10,
    "min_samples_per_region": 1000,
    "max_samples_per_region": 3000,
    "min_gain": 0.0,
    "gini_weight_mode": "sample",
    "max_split_ratio": 1.0,
    "sampling_risk_focus_alpha": 10.0,
    "sampling_risk_floor": 1e-05,
    "batch_size": 512,
    "disc_phase": "generation",
    "sample_draws": 5000000,
    "random_seed": 3
  }
}