{
  "label": "regionft_a10-DecTree-Lsac-race-d5000000",
  "repeat": 1,
  "method": "regionft_a10",
  "model": "DecTree",
  "dataset": "Lsac",
  "protected": "race",
  "runtime": 7200,
  "no_disc": 5109819,
  "no_test": 5999669,
  "prec": 0.8516834845388971,
  "cpu_time": 173.88985261400012,
  "real_time": 173.90280294418335,
  "partition": {
    "cpu_time": 65.78154161899965,
    "real_time": 65.79427886009216,
    "no_test": 999669,
    "no_disc": 156034,
    "n_regions": 463
  },
  "generation": {
    "cpu_time": 108.10831099500047,
    "real_time": 108.10852408409119,
    "no_test": 5000000,
    "no_disc": 4953785
  },
  "config": {
    "max_depth": 10,
    "min_samples_per_region": 1000,
    "max_samples_per_region": 3000,
    "min_gain": 0.0,
    "gini_weight_mode": "sample",
    "max_split_ratio": 1.0,
    "sampling_risk_focus_alpha": 10.0,
    "sampling_risk_floor": 1e-05,
    "batch_size": 512,
    "disc_phase": "generation",
    "sample_draws": 5000000,
    "random_seed": 1
  }
}