{
  "label": "regionft_a10-GBDT-Lsac-race-d5000000",
  "repeat": 4,
  "method": "regionft_a10",
  "model": "GBDT",
  "dataset": "Lsac",
  "protected": "race",
  "runtime": 7200,
  "no_disc": 3795162,
  "no_test": 7127326,
  "prec": 0.5324804842657681,
  "cpu_time": 257.43721185199956,
  "real_time": 257.44347953796387,
  "partition": {
    "cpu_time": 140.20006698899942,
    "real_time": 140.2029414176941,
    "no_test": 2127326,
    "no_disc": 278297,
    "n_regions": 988
  },
  "generation": {
    "cpu_time": 117.23714486300014,
    "real_time": 117.24053812026978,
    "no_test": 5000000,
    "no_disc": 3516865
  },
  "config": {
    "max_depth": 10,
    "min_samples_per_region": 1000,
    "max_samples_per_region": 3000,
    "min_gain": 0.0,
    "gini_weight_mode": "sample",
    "max_split_ratio": 1.0,
    "sampling_risk_focus_alpha": 10.0,
    "sampling_risk_floor": 1e-05,
    "batch_size": 512,
    "disc_phase": "generation",
    "sample_draws": 5000000,
    "random_seed": 4
  }
}