{
  "label": "regionft_a10-MLP-Credit-age-d5000000",
  "repeat": 2,
  "method": "regionft_a10",
  "model": "MLP",
  "dataset": "Credit",
  "protected": "age",
  "runtime": 7200,
  "no_disc": 2514957,
  "no_test": 7007636,
  "prec": 0.35888807580759047,
  "cpu_time": 300.54873084099927,
  "real_time": 300.57395100593567,
  "partition": {
    "cpu_time": 120.80483112299953,
    "real_time": 120.81795620918274,
    "no_test": 2007636,
    "no_disc": 250127,
    "n_regions": 931
  },
  "generation": {
    "cpu_time": 179.74389971799974,
    "real_time": 179.75599479675293,
    "no_test": 5000000,
    "no_disc": 2264830
  },
  "config": {
    "max_depth": 10,
    "min_samples_per_region": 1000,
    "max_samples_per_region": 3000,
    "min_gain": 0.0,
    "gini_weight_mode": "sample",
    "max_split_ratio": 1.0,
    "sampling_risk_focus_alpha": 10.0,
    "sampling_risk_floor": 1e-05,
    "batch_size": 512,
    "disc_phase": "generation",
    "sample_draws": 5000000,
    "random_seed": 2
  }
}