{
  "label": "regionft_a10-GBDT-Adult-age-d5000000",
  "repeat": 3,
  "method": "regionft_a10",
  "model": "GBDT",
  "dataset": "Adult",
  "protected": "age",
  "runtime": 7200,
  "no_disc": 5467892,
  "no_test": 6964488,
  "prec": 0.7851104058187767,
  "cpu_time": 445.89509856300015,
  "real_time": 445.9019138813019,
  "partition": {
    "cpu_time": 171.34165464300008,
    "real_time": 171.3497974872589,
    "no_test": 1964488,
    "no_disc": 728203,
    "n_regions": 924
  },
  "generation": {
    "cpu_time": 274.55344392000006,
    "real_time": 274.55211639404297,
    "no_test": 5000000,
    "no_disc": 4739689
  },
  "config": {
    "max_depth": 10,
    "min_samples_per_region": 1000,
    "max_samples_per_region": 3000,
    "min_gain": 0.0,
    "gini_weight_mode": "sample",
    "max_split_ratio": 1.0,
    "sampling_risk_focus_alpha": 10.0,
    "sampling_risk_floor": 1e-05,
    "batch_size": 512,
    "disc_phase": "generation",
    "sample_draws": 5000000,
    "random_seed": 3
  }
}