{
  "label": "regionft_a10-LogReg-Adult-sex-d5000000",
  "repeat": 1,
  "method": "regionft_a10",
  "model": "LogReg",
  "dataset": "Adult",
  "protected": "sex",
  "runtime": 7200,
  "no_disc": 633055,
  "no_test": 6047497,
  "prec": 0.10468049839462508,
  "cpu_time": 110.57123430400043,
  "real_time": 110.57463884353638,
  "partition": {
    "cpu_time": 43.22615497799961,
    "real_time": 43.22970247268677,
    "no_test": 1047497,
    "no_disc": 54529,
    "n_regions": 504
  },
  "generation": {
    "cpu_time": 67.34507932600081,
    "real_time": 67.34493637084961,
    "no_test": 5000000,
    "no_disc": 578526
  },
  "config": {
    "max_depth": 10,
    "min_samples_per_region": 1000,
    "max_samples_per_region": 3000,
    "min_gain": 0.0,
    "gini_weight_mode": "sample",
    "max_split_ratio": 1.0,
    "sampling_risk_focus_alpha": 10.0,
    "sampling_risk_floor": 1e-05,
    "batch_size": 512,
    "disc_phase": "generation",
    "sample_draws": 5000000,
    "random_seed": 1
  }
}