{
  "label": "regionft_a10-LogReg-Adult-race-d5000000",
  "repeat": 1,
  "method": "regionft_a10",
  "model": "LogReg",
  "dataset": "Adult",
  "protected": "race",
  "runtime": 7200,
  "no_disc": 782816,
  "no_test": 6537788,
  "prec": 0.11973713433350852,
  "cpu_time": 213.63076267500037,
  "real_time": 213.63553261756897,
  "partition": {
    "cpu_time": 83.01942663400041,
    "real_time": 83.02303433418274,
    "no_test": 1537788,
    "no_disc": 85991,
    "n_regions": 740
  },
  "generation": {
    "cpu_time": 130.61133604099996,
    "real_time": 130.61249828338623,
    "no_test": 5000000,
    "no_disc": 696825
  },
  "config": {
    "max_depth": 10,
    "min_samples_per_region": 1000,
    "max_samples_per_region": 3000,
    "min_gain": 0.0,
    "gini_weight_mode": "sample",
    "max_split_ratio": 1.0,
    "sampling_risk_focus_alpha": 10.0,
    "sampling_risk_floor": 1e-05,
    "batch_size": 512,
    "disc_phase": "generation",
    "sample_draws": 5000000,
    "random_seed": 1
  }
}