{
  "label": "regionft_a10-GBDT-Credit-age-d5000000",
  "repeat": 4,
  "method": "regionft_a10",
  "model": "GBDT",
  "dataset": "Credit",
  "protected": "age",
  "runtime": 7200,
  "no_disc": 3173269,
  "no_test": 7154123,
  "prec": 0.44355807133872316,
  "cpu_time": 380.96857877799994,
  "real_time": 380.9783687591553,
  "partition": {
    "cpu_time": 164.4000854549995,
    "real_time": 164.40803861618042,
    "no_test": 2154123,
    "no_disc": 364743,
    "n_regions": 997
  },
  "generation": {
    "cpu_time": 216.56849332300044,
    "real_time": 216.57033014297485,
    "no_test": 5000000,
    "no_disc": 2808526
  },
  "config": {
    "max_depth": 10,
    "min_samples_per_region": 1000,
    "max_samples_per_region": 3000,
    "min_gain": 0.0,
    "gini_weight_mode": "sample",
    "max_split_ratio": 1.0,
    "sampling_risk_focus_alpha": 10.0,
    "sampling_risk_floor": 1e-05,
    "batch_size": 512,
    "disc_phase": "generation",
    "sample_draws": 5000000,
    "random_seed": 4
  }
}