{
  "label": "regionft_a10-GBDT-Lsac-race-d5000000",
  "repeat": 0,
  "method": "regionft_a10",
  "model": "GBDT",
  "dataset": "Lsac",
  "protected": "race",
  "runtime": 7200,
  "no_disc": 4221307,
  "no_test": 7129263,
  "prec": 0.5921098716655565,
  "cpu_time": 221.5491681499998,
  "real_time": 221.5823745727539,
  "partition": {
    "cpu_time": 125.9175056819995,
    "real_time": 125.94302105903625,
    "no_test": 2129263,
    "no_disc": 328571,
    "n_regions": 993
  },
  "generation": {
    "cpu_time": 95.63166246800029,
    "real_time": 95.63935351371765,
    "no_test": 5000000,
    "no_disc": 3892736
  },
  "config": {
    "max_depth": 10,
    "min_samples_per_region": 1000,
    "max_samples_per_region": 3000,
    "min_gain": 0.0,
    "gini_weight_mode": "sample",
    "max_split_ratio": 1.0,
    "sampling_risk_focus_alpha": 10.0,
    "sampling_risk_floor": 1e-05,
    "batch_size": 512,
    "disc_phase": "generation",
    "sample_draws": 5000000,
    "random_seed": 0
  }
}