{
  "label": "regionft_a10-LogReg-Bank-age-d5000000",
  "repeat": 2,
  "method": "regionft_a10",
  "model": "LogReg",
  "dataset": "Bank",
  "protected": "age",
  "runtime": 7200,
  "no_disc": 1196834,
  "no_test": 6377327,
  "prec": 0.18767016337722686,
  "cpu_time": 289.7127970289994,
  "real_time": 289.7140836715698,
  "partition": {
    "cpu_time": 98.45408558700001,
    "real_time": 98.45522546768188,
    "no_test": 1377327,
    "no_disc": 71665,
    "n_regions": 650
  },
  "generation": {
    "cpu_time": 191.25871144199937,
    "real_time": 191.25885820388794,
    "no_test": 5000000,
    "no_disc": 1125169
  },
  "config": {
    "max_depth": 10,
    "min_samples_per_region": 1000,
    "max_samples_per_region": 3000,
    "min_gain": 0.0,
    "gini_weight_mode": "sample",
    "max_split_ratio": 1.0,
    "sampling_risk_focus_alpha": 10.0,
    "sampling_risk_floor": 1e-05,
    "batch_size": 512,
    "disc_phase": "generation",
    "sample_draws": 5000000,
    "random_seed": 2
  }
}