{
  "label": "regionft_a10-GBDT-Adult-age-d5000000",
  "repeat": 4,
  "method": "regionft_a10",
  "model": "GBDT",
  "dataset": "Adult",
  "protected": "age",
  "runtime": 7200,
  "no_disc": 5346782,
  "no_test": 6955252,
  "prec": 0.7687402268098985,
  "cpu_time": 376.251615247,
  "real_time": 376.2594847679138,
  "partition": {
    "cpu_time": 156.97894280600008,
    "real_time": 156.98556518554688,
    "no_test": 1955252,
    "no_disc": 634113,
    "n_regions": 918
  },
  "generation": {
    "cpu_time": 219.27267244099994,
    "real_time": 219.27391958236694,
    "no_test": 5000000,
    "no_disc": 4712669
  },
  "config": {
    "max_depth": 10,
    "min_samples_per_region": 1000,
    "max_samples_per_region": 3000,
    "min_gain": 0.0,
    "gini_weight_mode": "sample",
    "max_split_ratio": 1.0,
    "sampling_risk_focus_alpha": 10.0,
    "sampling_risk_floor": 1e-05,
    "batch_size": 512,
    "disc_phase": "generation",
    "sample_draws": 5000000,
    "random_seed": 4
  }
}