{
  "label": "regionft_a10-LogReg-Bank-age-d5000000",
  "repeat": 1,
  "method": "regionft_a10",
  "model": "LogReg",
  "dataset": "Bank",
  "protected": "age",
  "runtime": 7200,
  "no_disc": 1381008,
  "no_test": 6765386,
  "prec": 0.20412848579519335,
  "cpu_time": 322.9793970239998,
  "real_time": 322.98874592781067,
  "partition": {
    "cpu_time": 129.52696405300048,
    "real_time": 129.53088521957397,
    "no_test": 1765386,
    "no_disc": 98430,
    "n_regions": 838
  },
  "generation": {
    "cpu_time": 193.45243297099933,
    "real_time": 193.4578607082367,
    "no_test": 5000000,
    "no_disc": 1282578
  },
  "config": {
    "max_depth": 10,
    "min_samples_per_region": 1000,
    "max_samples_per_region": 3000,
    "min_gain": 0.0,
    "gini_weight_mode": "sample",
    "max_split_ratio": 1.0,
    "sampling_risk_focus_alpha": 10.0,
    "sampling_risk_floor": 1e-05,
    "batch_size": 512,
    "disc_phase": "generation",
    "sample_draws": 5000000,
    "random_seed": 1
  }
}