{
  "label": "regionft_a10-MLP-Bank-age-d5000000",
  "repeat": 1,
  "method": "regionft_a10",
  "model": "MLP",
  "dataset": "Bank",
  "protected": "age",
  "runtime": 7200,
  "no_disc": 3021808,
  "no_test": 7096608,
  "prec": 0.4258101898822649,
  "cpu_time": 425.3880960789993,
  "real_time": 425.3916130065918,
  "partition": {
    "cpu_time": 171.06196392199945,
    "real_time": 171.0632426738739,
    "no_test": 2096608,
    "no_disc": 325324,
    "n_regions": 972
  },
  "generation": {
    "cpu_time": 254.32613215699985,
    "real_time": 254.3283703327179,
    "no_test": 5000000,
    "no_disc": 2696484
  },
  "config": {
    "max_depth": 10,
    "min_samples_per_region": 1000,
    "max_samples_per_region": 3000,
    "min_gain": 0.0,
    "gini_weight_mode": "sample",
    "max_split_ratio": 1.0,
    "sampling_risk_focus_alpha": 10.0,
    "sampling_risk_floor": 1e-05,
    "batch_size": 512,
    "disc_phase": "generation",
    "sample_draws": 5000000,
    "random_seed": 1
  }
}