{
  "label": "regionft_a10-DecTree-Bank-age-d5000000",
  "repeat": 1,
  "method": "regionft_a10",
  "model": "DecTree",
  "dataset": "Bank",
  "protected": "age",
  "runtime": 7200,
  "no_disc": 5205375,
  "no_test": 6274598,
  "prec": 0.8295949796305676,
  "cpu_time": 345.9254462530007,
  "real_time": 345.9438056945801,
  "partition": {
    "cpu_time": 106.96773444000064,
    "real_time": 106.97792863845825,
    "no_test": 1274598,
    "no_disc": 340635,
    "n_regions": 578
  },
  "generation": {
    "cpu_time": 238.95771181300006,
    "real_time": 238.96587705612183,
    "no_test": 5000000,
    "no_disc": 4864740
  },
  "config": {
    "max_depth": 10,
    "min_samples_per_region": 1000,
    "max_samples_per_region": 3000,
    "min_gain": 0.0,
    "gini_weight_mode": "sample",
    "max_split_ratio": 1.0,
    "sampling_risk_focus_alpha": 10.0,
    "sampling_risk_floor": 1e-05,
    "batch_size": 512,
    "disc_phase": "generation",
    "sample_draws": 5000000,
    "random_seed": 1
  }
}