{
  "label": "regionft_a10-GBDT-Adult-race-d5000000",
  "repeat": 1,
  "method": "regionft_a10",
  "model": "GBDT",
  "dataset": "Adult",
  "protected": "race",
  "runtime": 7200,
  "no_disc": 3151891,
  "no_test": 6725598,
  "prec": 0.4686410041159165,
  "cpu_time": 273.8382260830001,
  "real_time": 273.8500072956085,
  "partition": {
    "cpu_time": 106.18949245699991,
    "real_time": 106.20175051689148,
    "no_test": 1725598,
    "no_disc": 76357,
    "n_regions": 827
  },
  "generation": {
    "cpu_time": 167.6487336260002,
    "real_time": 167.64825677871704,
    "no_test": 5000000,
    "no_disc": 3075534
  },
  "config": {
    "max_depth": 10,
    "min_samples_per_region": 1000,
    "max_samples_per_region": 3000,
    "min_gain": 0.0,
    "gini_weight_mode": "sample",
    "max_split_ratio": 1.0,
    "sampling_risk_focus_alpha": 10.0,
    "sampling_risk_floor": 1e-05,
    "batch_size": 512,
    "disc_phase": "generation",
    "sample_draws": 5000000,
    "random_seed": 1
  }
}