{
  "label": "regionft_a10-LogReg-Adult-race-d5000000",
  "repeat": 4,
  "method": "regionft_a10",
  "model": "LogReg",
  "dataset": "Adult",
  "protected": "race",
  "runtime": 7200,
  "no_disc": 794969,
  "no_test": 6569582,
  "prec": 0.12100754659885515,
  "cpu_time": 195.1463393310005,
  "real_time": 195.15327405929565,
  "partition": {
    "cpu_time": 77.23459857699982,
    "real_time": 77.23717665672302,
    "no_test": 1569582,
    "no_disc": 97658,
    "n_regions": 755
  },
  "generation": {
    "cpu_time": 117.91174075400068,
    "real_time": 117.91609740257263,
    "no_test": 5000000,
    "no_disc": 697311
  },
  "config": {
    "max_depth": 10,
    "min_samples_per_region": 1000,
    "max_samples_per_region": 3000,
    "min_gain": 0.0,
    "gini_weight_mode": "sample",
    "max_split_ratio": 1.0,
    "sampling_risk_focus_alpha": 10.0,
    "sampling_risk_floor": 1e-05,
    "batch_size": 512,
    "disc_phase": "generation",
    "sample_draws": 5000000,
    "random_seed": 4
  }
}