{
  "label": "regionft_a10-LogReg-Adult-age-d5000000",
  "repeat": 2,
  "method": "regionft_a10",
  "model": "LogReg",
  "dataset": "Adult",
  "protected": "age",
  "runtime": 7200,
  "no_disc": 4394423,
  "no_test": 7011379,
  "prec": 0.6267558778380116,
  "cpu_time": 385.4675520559995,
  "real_time": 385.4779489040375,
  "partition": {
    "cpu_time": 144.94870826900024,
    "real_time": 144.95712089538574,
    "no_test": 2011379,
    "no_disc": 553624,
    "n_regions": 967
  },
  "generation": {
    "cpu_time": 240.51884378699924,
    "real_time": 240.52082800865173,
    "no_test": 5000000,
    "no_disc": 3840799
  },
  "config": {
    "max_depth": 10,
    "min_samples_per_region": 1000,
    "max_samples_per_region": 3000,
    "min_gain": 0.0,
    "gini_weight_mode": "sample",
    "max_split_ratio": 1.0,
    "sampling_risk_focus_alpha": 10.0,
    "sampling_risk_floor": 1e-05,
    "batch_size": 512,
    "disc_phase": "generation",
    "sample_draws": 5000000,
    "random_seed": 2
  }
}