{
  "label": "regionft_a10-LogReg-Lsac-sex-d5000000",
  "repeat": 4,
  "method": "regionft_a10",
  "model": "LogReg",
  "dataset": "Lsac",
  "protected": "sex",
  "runtime": 7200,
  "no_disc": 518413,
  "no_test": 7050389,
  "prec": 0.07352970169447388,
  "cpu_time": 163.03478499999983,
  "real_time": 163.0392141342163,
  "partition": {
    "cpu_time": 101.56436111899984,
    "real_time": 101.56866312026978,
    "no_test": 2050389,
    "no_disc": 63562,
    "n_regions": 972
  },
  "generation": {
    "cpu_time": 61.47042388099999,
    "real_time": 61.47055101394653,
    "no_test": 5000000,
    "no_disc": 454851
  },
  "config": {
    "max_depth": 10,
    "min_samples_per_region": 1000,
    "max_samples_per_region": 3000,
    "min_gain": 0.0,
    "gini_weight_mode": "sample",
    "max_split_ratio": 1.0,
    "sampling_risk_focus_alpha": 10.0,
    "sampling_risk_floor": 1e-05,
    "batch_size": 512,
    "disc_phase": "generation",
    "sample_draws": 5000000,
    "random_seed": 4
  }
}