{
  "label": "regionft_a10-MLP-Adult-age-d5000000",
  "repeat": 2,
  "method": "regionft_a10",
  "model": "MLP",
  "dataset": "Adult",
  "protected": "age",
  "runtime": 7200,
  "no_disc": 4501902,
  "no_test": 7172314,
  "prec": 0.6276777620165542,
  "cpu_time": 450.354832731,
  "real_time": 450.37610244750977,
  "partition": {
    "cpu_time": 174.24452070000007,
    "real_time": 174.26296424865723,
    "no_test": 2172314,
    "no_disc": 647224,
    "n_regions": 1014
  },
  "generation": {
    "cpu_time": 276.1103120309999,
    "real_time": 276.11313819885254,
    "no_test": 5000000,
    "no_disc": 3854678
  },
  "config": {
    "max_depth": 10,
    "min_samples_per_region": 1000,
    "max_samples_per_region": 3000,
    "min_gain": 0.0,
    "gini_weight_mode": "sample",
    "max_split_ratio": 1.0,
    "sampling_risk_focus_alpha": 10.0,
    "sampling_risk_floor": 1e-05,
    "batch_size": 512,
    "disc_phase": "generation",
    "sample_draws": 5000000,
    "random_seed": 2
  }
}