{
  "label": "regionft_a10-MLP-Adult-age-d5000000",
  "repeat": 4,
  "method": "regionft_a10",
  "model": "MLP",
  "dataset": "Adult",
  "protected": "age",
  "runtime": 7200,
  "no_disc": 4712663,
  "no_test": 7188328,
  "prec": 0.6555993271314275,
  "cpu_time": 448.40175402499995,
  "real_time": 448.42954206466675,
  "partition": {
    "cpu_time": 177.3087966999999,
    "real_time": 177.32267260551453,
    "no_test": 2188328,
    "no_disc": 676869,
    "n_regions": 1022
  },
  "generation": {
    "cpu_time": 271.09295732500004,
    "real_time": 271.1068694591522,
    "no_test": 5000000,
    "no_disc": 4035794
  },
  "config": {
    "max_depth": 10,
    "min_samples_per_region": 1000,
    "max_samples_per_region": 3000,
    "min_gain": 0.0,
    "gini_weight_mode": "sample",
    "max_split_ratio": 1.0,
    "sampling_risk_focus_alpha": 10.0,
    "sampling_risk_floor": 1e-05,
    "batch_size": 512,
    "disc_phase": "generation",
    "sample_draws": 5000000,
    "random_seed": 4
  }
}