{
  "label": "regionft_a10-DecTree-Adult-sex-d5000000",
  "repeat": 4,
  "method": "regionft_a10",
  "model": "DecTree",
  "dataset": "Adult",
  "protected": "sex",
  "runtime": 7200,
  "no_disc": 4872631,
  "no_test": 5746064,
  "prec": 0.8479945576659084,
  "cpu_time": 121.12937920099989,
  "real_time": 121.13342618942261,
  "partition": {
    "cpu_time": 33.335680163000006,
    "real_time": 33.34027814865112,
    "no_test": 746064,
    "no_disc": 120865,
    "n_regions": 359
  },
  "generation": {
    "cpu_time": 87.79369903799989,
    "real_time": 87.79314804077148,
    "no_test": 5000000,
    "no_disc": 4751766
  },
  "config": {
    "max_depth": 10,
    "min_samples_per_region": 1000,
    "max_samples_per_region": 3000,
    "min_gain": 0.0,
    "gini_weight_mode": "sample",
    "max_split_ratio": 1.0,
    "sampling_risk_focus_alpha": 10.0,
    "sampling_risk_floor": 1e-05,
    "batch_size": 512,
    "disc_phase": "generation",
    "sample_draws": 5000000,
    "random_seed": 4
  }
}