{
  "label": "regionft_a10-GBDT-Credit-sex-d5000000",
  "repeat": 3,
  "method": "regionft_a10",
  "model": "GBDT",
  "dataset": "Credit",
  "protected": "sex",
  "runtime": 7200,
  "no_disc": 1257000,
  "no_test": 6729751,
  "prec": 0.18678254217726628,
  "cpu_time": 168.7784896229998,
  "real_time": 168.78791975975037,
  "partition": {
    "cpu_time": 74.00281776099996,
    "real_time": 74.01107501983643,
    "no_test": 1729751,
    "no_disc": 96528,
    "n_regions": 823
  },
  "generation": {
    "cpu_time": 94.77567186199985,
    "real_time": 94.77684473991394,
    "no_test": 5000000,
    "no_disc": 1160472
  },
  "config": {
    "max_depth": 10,
    "min_samples_per_region": 1000,
    "max_samples_per_region": 3000,
    "min_gain": 0.0,
    "gini_weight_mode": "sample",
    "max_split_ratio": 1.0,
    "sampling_risk_focus_alpha": 10.0,
    "sampling_risk_floor": 1e-05,
    "batch_size": 512,
    "disc_phase": "generation",
    "sample_draws": 5000000,
    "random_seed": 3
  }
}