{
  "label": "regionft_a10-GBDT-Lsac-sex-d5000000",
  "repeat": 3,
  "method": "regionft_a10",
  "model": "GBDT",
  "dataset": "Lsac",
  "protected": "sex",
  "runtime": 7200,
  "no_disc": 2327909,
  "no_test": 6978472,
  "prec": 0.3335843433920778,
  "cpu_time": 211.04148385499957,
  "real_time": 211.04921746253967,
  "partition": {
    "cpu_time": 121.67857065699991,
    "real_time": 121.6852343082428,
    "no_test": 1978472,
    "no_disc": 134712,
    "n_regions": 946
  },
  "generation": {
    "cpu_time": 89.36291319799966,
    "real_time": 89.36398315429688,
    "no_test": 5000000,
    "no_disc": 2193197
  },
  "config": {
    "max_depth": 10,
    "min_samples_per_region": 1000,
    "max_samples_per_region": 3000,
    "min_gain": 0.0,
    "gini_weight_mode": "sample",
    "max_split_ratio": 1.0,
    "sampling_risk_focus_alpha": 10.0,
    "sampling_risk_floor": 1e-05,
    "batch_size": 512,
    "disc_phase": "generation",
    "sample_draws": 5000000,
    "random_seed": 3
  }
}