{
  "label": "regionft_a10-MLP-Bank-age-d5000000",
  "repeat": 4,
  "method": "regionft_a10",
  "model": "MLP",
  "dataset": "Bank",
  "protected": "age",
  "runtime": 7200,
  "no_disc": 3212162,
  "no_test": 7138959,
  "prec": 0.44994823474963225,
  "cpu_time": 500.4579682849999,
  "real_time": 500.48046135902405,
  "partition": {
    "cpu_time": 197.08553279499938,
    "real_time": 197.09727692604065,
    "no_test": 2138959,
    "no_disc": 349804,
    "n_regions": 992
  },
  "generation": {
    "cpu_time": 303.3724354900005,
    "real_time": 303.3831844329834,
    "no_test": 5000000,
    "no_disc": 2862358
  },
  "config": {
    "max_depth": 10,
    "min_samples_per_region": 1000,
    "max_samples_per_region": 3000,
    "min_gain": 0.0,
    "gini_weight_mode": "sample",
    "max_split_ratio": 1.0,
    "sampling_risk_focus_alpha": 10.0,
    "sampling_risk_floor": 1e-05,
    "batch_size": 512,
    "disc_phase": "generation",
    "sample_draws": 5000000,
    "random_seed": 4
  }
}