{
  "label": "regionft_a10-LogReg-Lsac-sex-d5000000",
  "repeat": 2,
  "method": "regionft_a10",
  "model": "LogReg",
  "dataset": "Lsac",
  "protected": "sex",
  "runtime": 7200,
  "no_disc": 580894,
  "no_test": 6946868,
  "prec": 0.08361955344480419,
  "cpu_time": 168.54944478800007,
  "real_time": 168.55462527275085,
  "partition": {
    "cpu_time": 101.72107816399966,
    "real_time": 101.72588396072388,
    "no_test": 1946868,
    "no_disc": 66163,
    "n_regions": 923
  },
  "generation": {
    "cpu_time": 66.82836662400041,
    "real_time": 66.82874131202698,
    "no_test": 5000000,
    "no_disc": 514731
  },
  "config": {
    "max_depth": 10,
    "min_samples_per_region": 1000,
    "max_samples_per_region": 3000,
    "min_gain": 0.0,
    "gini_weight_mode": "sample",
    "max_split_ratio": 1.0,
    "sampling_risk_focus_alpha": 10.0,
    "sampling_risk_floor": 1e-05,
    "batch_size": 512,
    "disc_phase": "generation",
    "sample_draws": 5000000,
    "random_seed": 2
  }
}