{
  "label": "regionft_a10-DecTree-Adult-race-d5000000",
  "repeat": 2,
  "method": "regionft_a10",
  "model": "DecTree",
  "dataset": "Adult",
  "protected": "race",
  "runtime": 7200,
  "no_disc": 5056658,
  "no_test": 5583069,
  "prec": 0.9057129689781731,
  "cpu_time": 161.13801358,
  "real_time": 161.1409170627594,
  "partition": {
    "cpu_time": 31.621544787999937,
    "real_time": 31.624379634857178,
    "no_test": 583069,
    "no_disc": 57546,
    "n_regions": 281
  },
  "generation": {
    "cpu_time": 129.51646879200007,
    "real_time": 129.51653742790222,
    "no_test": 5000000,
    "no_disc": 4999112
  },
  "config": {
    "max_depth": 10,
    "min_samples_per_region": 1000,
    "max_samples_per_region": 3000,
    "min_gain": 0.0,
    "gini_weight_mode": "sample",
    "max_split_ratio": 1.0,
    "sampling_risk_focus_alpha": 10.0,
    "sampling_risk_floor": 1e-05,
    "batch_size": 512,
    "disc_phase": "generation",
    "sample_draws": 5000000,
    "random_seed": 2
  }
}