{
  "label": "regionft_a10-MLP-Lsac-race-d5000000",
  "repeat": 3,
  "method": "regionft_a10",
  "model": "MLP",
  "dataset": "Lsac",
  "protected": "race",
  "runtime": 7200,
  "no_disc": 1494757,
  "no_test": 7176170,
  "prec": 0.2082945359432678,
  "cpu_time": 199.4529652500005,
  "real_time": 199.45467829704285,
  "partition": {
    "cpu_time": 118.96943860100055,
    "real_time": 118.97107863426208,
    "no_test": 2176170,
    "no_disc": 148442,
    "n_regions": 1014
  },
  "generation": {
    "cpu_time": 80.48352664899994,
    "real_time": 80.48359966278076,
    "no_test": 5000000,
    "no_disc": 1346315
  },
  "config": {
    "max_depth": 10,
    "min_samples_per_region": 1000,
    "max_samples_per_region": 3000,
    "min_gain": 0.0,
    "gini_weight_mode": "sample",
    "max_split_ratio": 1.0,
    "sampling_risk_focus_alpha": 10.0,
    "sampling_risk_floor": 1e-05,
    "batch_size": 512,
    "disc_phase": "generation",
    "sample_draws": 5000000,
    "random_seed": 3
  }
}