{
  "label": "regionft_a10-GBDT-Adult-sex-d5000000",
  "repeat": 0,
  "method": "regionft_a10",
  "model": "GBDT",
  "dataset": "Adult",
  "protected": "sex",
  "runtime": 7200,
  "no_disc": 2357400,
  "no_test": 6837115,
  "prec": 0.3447945515030828,
  "cpu_time": 185.57425301599994,
  "real_time": 185.579984664917,
  "partition": {
    "cpu_time": 93.4758273199999,
    "real_time": 93.47902989387512,
    "no_test": 1837115,
    "no_disc": 133604,
    "n_regions": 880
  },
  "generation": {
    "cpu_time": 92.09842569600005,
    "real_time": 92.10095477104187,
    "no_test": 5000000,
    "no_disc": 2223796
  },
  "config": {
    "max_depth": 10,
    "min_samples_per_region": 1000,
    "max_samples_per_region": 3000,
    "min_gain": 0.0,
    "gini_weight_mode": "sample",
    "max_split_ratio": 1.0,
    "sampling_risk_focus_alpha": 10.0,
    "sampling_risk_floor": 1e-05,
    "batch_size": 512,
    "disc_phase": "generation",
    "sample_draws": 5000000,
    "random_seed": 0
  }
}