{
  "label": "regionft_a10-GBDT-Adult-age-d5000000",
  "repeat": 1,
  "method": "regionft_a10",
  "model": "GBDT",
  "dataset": "Adult",
  "protected": "age",
  "runtime": 7200,
  "no_disc": 5420219,
  "no_test": 6994716,
  "prec": 0.7749019402646226,
  "cpu_time": 456.05535378700006,
  "real_time": 456.052086353302,
  "partition": {
    "cpu_time": 176.57570708100002,
    "real_time": 176.5746374130249,
    "no_test": 1994716,
    "no_disc": 691190,
    "n_regions": 939
  },
  "generation": {
    "cpu_time": 279.47964670600004,
    "real_time": 279.4774489402771,
    "no_test": 5000000,
    "no_disc": 4729029
  },
  "config": {
    "max_depth": 10,
    "min_samples_per_region": 1000,
    "max_samples_per_region": 3000,
    "min_gain": 0.0,
    "gini_weight_mode": "sample",
    "max_split_ratio": 1.0,
    "sampling_risk_focus_alpha": 10.0,
    "sampling_risk_floor": 1e-05,
    "batch_size": 512,
    "disc_phase": "generation",
    "sample_draws": 5000000,
    "random_seed": 1
  }
}