{
  "label": "regionft_a10-DecTree-Credit-age-d5000000",
  "repeat": 4,
  "method": "regionft_a10",
  "model": "DecTree",
  "dataset": "Credit",
  "protected": "age",
  "runtime": 7200,
  "no_disc": 5142918,
  "no_test": 5258953,
  "prec": 0.9779357221865265,
  "cpu_time": 222.59819108100055,
  "real_time": 222.60339975357056,
  "partition": {
    "cpu_time": 20.38957532099994,
    "real_time": 20.39248824119568,
    "no_test": 258953,
    "no_disc": 148077,
    "n_regions": 120
  },
  "generation": {
    "cpu_time": 202.2086157600006,
    "real_time": 202.21091151237488,
    "no_test": 5000000,
    "no_disc": 4994841
  },
  "config": {
    "max_depth": 10,
    "min_samples_per_region": 1000,
    "max_samples_per_region": 3000,
    "min_gain": 0.0,
    "gini_weight_mode": "sample",
    "max_split_ratio": 1.0,
    "sampling_risk_focus_alpha": 10.0,
    "sampling_risk_floor": 1e-05,
    "batch_size": 512,
    "disc_phase": "generation",
    "sample_draws": 5000000,
    "random_seed": 4
  }
}