{
  "label": "regionft_a10-LogReg-Credit-age-d5000000",
  "repeat": 4,
  "method": "regionft_a10",
  "model": "LogReg",
  "dataset": "Credit",
  "protected": "age",
  "runtime": 7200,
  "no_disc": 1818752,
  "no_test": 7194141,
  "prec": 0.2528101687192397,
  "cpu_time": 291.5652607989996,
  "real_time": 291.58418679237366,
  "partition": {
    "cpu_time": 131.4915037209994,
    "real_time": 131.4982132911682,
    "no_test": 2194141,
    "no_disc": 315650,
    "n_regions": 1012
  },
  "generation": {
    "cpu_time": 160.0737570780002,
    "real_time": 160.08597350120544,
    "no_test": 5000000,
    "no_disc": 1503102
  },
  "config": {
    "max_depth": 10,
    "min_samples_per_region": 1000,
    "max_samples_per_region": 3000,
    "min_gain": 0.0,
    "gini_weight_mode": "sample",
    "max_split_ratio": 1.0,
    "sampling_risk_focus_alpha": 10.0,
    "sampling_risk_floor": 1e-05,
    "batch_size": 512,
    "disc_phase": "generation",
    "sample_draws": 5000000,
    "random_seed": 4
  }
}