{
  "label": "regionft_a10-GBDT-Bank-age-d5000000",
  "repeat": 0,
  "method": "regionft_a10",
  "model": "GBDT",
  "dataset": "Bank",
  "protected": "age",
  "runtime": 7200,
  "no_disc": 4612121,
  "no_test": 6875939,
  "prec": 0.6707623496950744,
  "cpu_time": 442.49246508400006,
  "real_time": 442.4925274848938,
  "partition": {
    "cpu_time": 174.7598945960001,
    "real_time": 174.7626850605011,
    "no_test": 1875939,
    "no_disc": 444926,
    "n_regions": 869
  },
  "generation": {
    "cpu_time": 267.73257048799996,
    "real_time": 267.7298424243927,
    "no_test": 5000000,
    "no_disc": 4167195
  },
  "config": {
    "max_depth": 10,
    "min_samples_per_region": 1000,
    "max_samples_per_region": 3000,
    "min_gain": 0.0,
    "gini_weight_mode": "sample",
    "max_split_ratio": 1.0,
    "sampling_risk_focus_alpha": 10.0,
    "sampling_risk_floor": 1e-05,
    "batch_size": 512,
    "disc_phase": "generation",
    "sample_draws": 5000000,
    "random_seed": 0
  }
}