{
  "label": "regionft_a10-LogReg-Adult-race-d5000000",
  "repeat": 2,
  "method": "regionft_a10",
  "model": "LogReg",
  "dataset": "Adult",
  "protected": "race",
  "runtime": 7200,
  "no_disc": 865172,
  "no_test": 6035149,
  "prec": 0.14335553273001214,
  "cpu_time": 186.28135005700005,
  "real_time": 186.28413915634155,
  "partition": {
    "cpu_time": 57.46600151400071,
    "real_time": 57.467387437820435,
    "no_test": 1035149,
    "no_disc": 63192,
    "n_regions": 495
  },
  "generation": {
    "cpu_time": 128.81534854299935,
    "real_time": 128.81675171852112,
    "no_test": 5000000,
    "no_disc": 801980
  },
  "config": {
    "max_depth": 10,
    "min_samples_per_region": 1000,
    "max_samples_per_region": 3000,
    "min_gain": 0.0,
    "gini_weight_mode": "sample",
    "max_split_ratio": 1.0,
    "sampling_risk_focus_alpha": 10.0,
    "sampling_risk_floor": 1e-05,
    "batch_size": 512,
    "disc_phase": "generation",
    "sample_draws": 5000000,
    "random_seed": 2
  }
}