{
  "label": "regionft_a10-LogReg-Credit-sex-d5000000",
  "repeat": 4,
  "method": "regionft_a10",
  "model": "LogReg",
  "dataset": "Credit",
  "protected": "sex",
  "runtime": 7200,
  "no_disc": 742506,
  "no_test": 7153850,
  "prec": 0.10379110548865296,
  "cpu_time": 162.9283290860003,
  "real_time": 162.93040895462036,
  "partition": {
    "cpu_time": 90.61079956499998,
    "real_time": 90.61253309249878,
    "no_test": 2153850,
    "no_disc": 132963,
    "n_regions": 999
  },
  "generation": {
    "cpu_time": 72.31752952100032,
    "real_time": 72.31787586212158,
    "no_test": 5000000,
    "no_disc": 609543
  },
  "config": {
    "max_depth": 10,
    "min_samples_per_region": 1000,
    "max_samples_per_region": 3000,
    "min_gain": 0.0,
    "gini_weight_mode": "sample",
    "max_split_ratio": 1.0,
    "sampling_risk_focus_alpha": 10.0,
    "sampling_risk_floor": 1e-05,
    "batch_size": 512,
    "disc_phase": "generation",
    "sample_draws": 5000000,
    "random_seed": 4
  }
}