{
  "label": "regionft_a10-GBDT-Lsac-sex-d5000000",
  "repeat": 0,
  "method": "regionft_a10",
  "model": "GBDT",
  "dataset": "Lsac",
  "protected": "sex",
  "runtime": 7200,
  "no_disc": 2640473,
  "no_test": 6972176,
  "prec": 0.37871576965354864,
  "cpu_time": 190.64193575799982,
  "real_time": 190.6498246192932,
  "partition": {
    "cpu_time": 109.00311579800018,
    "real_time": 109.01078724861145,
    "no_test": 1972176,
    "no_disc": 104419,
    "n_regions": 945
  },
  "generation": {
    "cpu_time": 81.63881995999964,
    "real_time": 81.63903737068176,
    "no_test": 5000000,
    "no_disc": 2536054
  },
  "config": {
    "max_depth": 10,
    "min_samples_per_region": 1000,
    "max_samples_per_region": 3000,
    "min_gain": 0.0,
    "gini_weight_mode": "sample",
    "max_split_ratio": 1.0,
    "sampling_risk_focus_alpha": 10.0,
    "sampling_risk_floor": 1e-05,
    "batch_size": 512,
    "disc_phase": "generation",
    "sample_draws": 5000000,
    "random_seed": 0
  }
}