{
  "label": "regionft_a10-MLP-Adult-sex-d5000000",
  "repeat": 3,
  "method": "regionft_a10",
  "model": "MLP",
  "dataset": "Adult",
  "protected": "sex",
  "runtime": 7200,
  "no_disc": 698295,
  "no_test": 7111298,
  "prec": 0.09819515368361725,
  "cpu_time": 197.17707595899992,
  "real_time": 197.17864060401917,
  "partition": {
    "cpu_time": 99.90430805799951,
    "real_time": 99.90579652786255,
    "no_test": 2111298,
    "no_disc": 81074,
    "n_regions": 1010
  },
  "generation": {
    "cpu_time": 97.2727679010004,
    "real_time": 97.27284407615662,
    "no_test": 5000000,
    "no_disc": 617221
  },
  "config": {
    "max_depth": 10,
    "min_samples_per_region": 1000,
    "max_samples_per_region": 3000,
    "min_gain": 0.0,
    "gini_weight_mode": "sample",
    "max_split_ratio": 1.0,
    "sampling_risk_focus_alpha": 10.0,
    "sampling_risk_floor": 1e-05,
    "batch_size": 512,
    "disc_phase": "generation",
    "sample_draws": 5000000,
    "random_seed": 3
  }
}