{
  "label": "regionft_a10-LogReg-Credit-sex-d5000000",
  "repeat": 0,
  "method": "regionft_a10",
  "model": "LogReg",
  "dataset": "Credit",
  "protected": "sex",
  "runtime": 7200,
  "no_disc": 754755,
  "no_test": 7154909,
  "prec": 0.10548771479832937,
  "cpu_time": 168.54782139500003,
  "real_time": 168.5551905632019,
  "partition": {
    "cpu_time": 90.4914223780006,
    "real_time": 90.49861574172974,
    "no_test": 2154909,
    "no_disc": 123993,
    "n_regions": 1002
  },
  "generation": {
    "cpu_time": 78.05639901699942,
    "real_time": 78.05657482147217,
    "no_test": 5000000,
    "no_disc": 630762
  },
  "config": {
    "max_depth": 10,
    "min_samples_per_region": 1000,
    "max_samples_per_region": 3000,
    "min_gain": 0.0,
    "gini_weight_mode": "sample",
    "max_split_ratio": 1.0,
    "sampling_risk_focus_alpha": 10.0,
    "sampling_risk_floor": 1e-05,
    "batch_size": 512,
    "disc_phase": "generation",
    "sample_draws": 5000000,
    "random_seed": 0
  }
}