{
  "label": "regionft_a10-MLP-Lsac-race-d5000000",
  "repeat": 4,
  "method": "regionft_a10",
  "model": "MLP",
  "dataset": "Lsac",
  "protected": "race",
  "runtime": 7200,
  "no_disc": 1151203,
  "no_test": 7161918,
  "prec": 0.16073948347356112,
  "cpu_time": 223.7319094909999,
  "real_time": 223.7395622730255,
  "partition": {
    "cpu_time": 125.95630418400015,
    "real_time": 125.9636824131012,
    "no_test": 2161918,
    "no_disc": 130198,
    "n_regions": 1006
  },
  "generation": {
    "cpu_time": 97.77560530699975,
    "real_time": 97.77587985992432,
    "no_test": 5000000,
    "no_disc": 1021005
  },
  "config": {
    "max_depth": 10,
    "min_samples_per_region": 1000,
    "max_samples_per_region": 3000,
    "min_gain": 0.0,
    "gini_weight_mode": "sample",
    "max_split_ratio": 1.0,
    "sampling_risk_focus_alpha": 10.0,
    "sampling_risk_floor": 1e-05,
    "batch_size": 512,
    "disc_phase": "generation",
    "sample_draws": 5000000,
    "random_seed": 4
  }
}