{
  "label": "regionft_a10-LogReg-Bank-age-d5000000",
  "repeat": 4,
  "method": "regionft_a10",
  "model": "LogReg",
  "dataset": "Bank",
  "protected": "age",
  "runtime": 7200,
  "no_disc": 1334724,
  "no_test": 6696641,
  "prec": 0.1993124612772284,
  "cpu_time": 306.3808463819996,
  "real_time": 306.42083072662354,
  "partition": {
    "cpu_time": 118.41590263600028,
    "real_time": 118.4196527004242,
    "no_test": 1696641,
    "no_disc": 108061,
    "n_regions": 805
  },
  "generation": {
    "cpu_time": 187.96494374599934,
    "real_time": 188.00117802619934,
    "no_test": 5000000,
    "no_disc": 1226663
  },
  "config": {
    "max_depth": 10,
    "min_samples_per_region": 1000,
    "max_samples_per_region": 3000,
    "min_gain": 0.0,
    "gini_weight_mode": "sample",
    "max_split_ratio": 1.0,
    "sampling_risk_focus_alpha": 10.0,
    "sampling_risk_floor": 1e-05,
    "batch_size": 512,
    "disc_phase": "generation",
    "sample_draws": 5000000,
    "random_seed": 4
  }
}