{
  "label": "regionft_a10-MLP-Credit-age-d5000000",
  "repeat": 1,
  "method": "regionft_a10",
  "model": "MLP",
  "dataset": "Credit",
  "protected": "age",
  "runtime": 7200,
  "no_disc": 2626172,
  "no_test": 7188637,
  "prec": 0.3653226613056133,
  "cpu_time": 321.4986207510001,
  "real_time": 321.528249502182,
  "partition": {
    "cpu_time": 133.96408695899936,
    "real_time": 133.97447514533997,
    "no_test": 2188637,
    "no_disc": 246103,
    "n_regions": 1018
  },
  "generation": {
    "cpu_time": 187.53453379200073,
    "real_time": 187.55377435684204,
    "no_test": 5000000,
    "no_disc": 2380069
  },
  "config": {
    "max_depth": 10,
    "min_samples_per_region": 1000,
    "max_samples_per_region": 3000,
    "min_gain": 0.0,
    "gini_weight_mode": "sample",
    "max_split_ratio": 1.0,
    "sampling_risk_focus_alpha": 10.0,
    "sampling_risk_floor": 1e-05,
    "batch_size": 512,
    "disc_phase": "generation",
    "sample_draws": 5000000,
    "random_seed": 1
  }
}