{
  "label": "regionft_a10-MLP-Credit-sex-d5000000",
  "repeat": 1,
  "method": "regionft_a10",
  "model": "MLP",
  "dataset": "Credit",
  "protected": "sex",
  "runtime": 7200,
  "no_disc": 1216355,
  "no_test": 6883365,
  "prec": 0.17670935654291178,
  "cpu_time": 151.24664846399992,
  "real_time": 151.25114107131958,
  "partition": {
    "cpu_time": 76.97219333999965,
    "real_time": 76.97662663459778,
    "no_test": 1883365,
    "no_disc": 129926,
    "n_regions": 878
  },
  "generation": {
    "cpu_time": 74.27445512400027,
    "real_time": 74.2745144367218,
    "no_test": 5000000,
    "no_disc": 1086429
  },
  "config": {
    "max_depth": 10,
    "min_samples_per_region": 1000,
    "max_samples_per_region": 3000,
    "min_gain": 0.0,
    "gini_weight_mode": "sample",
    "max_split_ratio": 1.0,
    "sampling_risk_focus_alpha": 10.0,
    "sampling_risk_floor": 1e-05,
    "batch_size": 512,
    "disc_phase": "generation",
    "sample_draws": 5000000,
    "random_seed": 1
  }
}