{
  "label": "regionft_a10-GBDT-Adult-sex-d5000000",
  "repeat": 4,
  "method": "regionft_a10",
  "model": "GBDT",
  "dataset": "Adult",
  "protected": "sex",
  "runtime": 7200,
  "no_disc": 2146594,
  "no_test": 6953689,
  "prec": 0.3086985914958233,
  "cpu_time": 191.43368986299993,
  "real_time": 191.4370722770691,
  "partition": {
    "cpu_time": 101.35122790800006,
    "real_time": 101.35354661941528,
    "no_test": 1953689,
    "no_disc": 154994,
    "n_regions": 938
  },
  "generation": {
    "cpu_time": 90.08246195499987,
    "real_time": 90.08352565765381,
    "no_test": 5000000,
    "no_disc": 1991600
  },
  "config": {
    "max_depth": 10,
    "min_samples_per_region": 1000,
    "max_samples_per_region": 3000,
    "min_gain": 0.0,
    "gini_weight_mode": "sample",
    "max_split_ratio": 1.0,
    "sampling_risk_focus_alpha": 10.0,
    "sampling_risk_floor": 1e-05,
    "batch_size": 512,
    "disc_phase": "generation",
    "sample_draws": 5000000,
    "random_seed": 4
  }
}