{
  "label": "regionft_a10-DecTree-Adult-age-d5000000",
  "repeat": 2,
  "method": "regionft_a10",
  "model": "DecTree",
  "dataset": "Adult",
  "protected": "age",
  "runtime": 7200,
  "no_disc": 5115875,
  "no_test": 5297321,
  "prec": 0.9657475920375601,
  "cpu_time": 256.9136628059998,
  "real_time": 256.9158902168274,
  "partition": {
    "cpu_time": 26.823864967999953,
    "real_time": 26.826809644699097,
    "no_test": 297321,
    "no_disc": 117938,
    "n_regions": 132
  },
  "generation": {
    "cpu_time": 230.08979783799987,
    "real_time": 230.0890805721283,
    "no_test": 5000000,
    "no_disc": 4997937
  },
  "config": {
    "max_depth": 10,
    "min_samples_per_region": 1000,
    "max_samples_per_region": 3000,
    "min_gain": 0.0,
    "gini_weight_mode": "sample",
    "max_split_ratio": 1.0,
    "sampling_risk_focus_alpha": 10.0,
    "sampling_risk_floor": 1e-05,
    "batch_size": 512,
    "disc_phase": "generation",
    "sample_draws": 5000000,
    "random_seed": 2
  }
}