{
  "label": "regionft_a10-DecTree-Bank-age-d5000000",
  "repeat": 3,
  "method": "regionft_a10",
  "model": "DecTree",
  "dataset": "Bank",
  "protected": "age",
  "runtime": 7200,
  "no_disc": 5257745,
  "no_test": 6297890,
  "prec": 0.8348423043273223,
  "cpu_time": 316.855477524,
  "real_time": 316.8692772388458,
  "partition": {
    "cpu_time": 102.85032441899966,
    "real_time": 102.85822176933289,
    "no_test": 1297890,
    "no_disc": 357783,
    "n_regions": 587
  },
  "generation": {
    "cpu_time": 214.00515310500032,
    "real_time": 214.01105546951294,
    "no_test": 5000000,
    "no_disc": 4899962
  },
  "config": {
    "max_depth": 10,
    "min_samples_per_region": 1000,
    "max_samples_per_region": 3000,
    "min_gain": 0.0,
    "gini_weight_mode": "sample",
    "max_split_ratio": 1.0,
    "sampling_risk_focus_alpha": 10.0,
    "sampling_risk_floor": 1e-05,
    "batch_size": 512,
    "disc_phase": "generation",
    "sample_draws": 5000000,
    "random_seed": 3
  }
}