{
  "label": "regionft_a10-LogReg-Adult-sex-d5000000",
  "repeat": 2,
  "method": "regionft_a10",
  "model": "LogReg",
  "dataset": "Adult",
  "protected": "sex",
  "runtime": 7200,
  "no_disc": 768097,
  "no_test": 6816861,
  "prec": 0.11267605427190022,
  "cpu_time": 145.0752309870004,
  "real_time": 145.08495473861694,
  "partition": {
    "cpu_time": 76.75023077800051,
    "real_time": 76.75965213775635,
    "no_test": 1816861,
    "no_disc": 88977,
    "n_regions": 876
  },
  "generation": {
    "cpu_time": 68.32500020899988,
    "real_time": 68.3253026008606,
    "no_test": 5000000,
    "no_disc": 679120
  },
  "config": {
    "max_depth": 10,
    "min_samples_per_region": 1000,
    "max_samples_per_region": 3000,
    "min_gain": 0.0,
    "gini_weight_mode": "sample",
    "max_split_ratio": 1.0,
    "sampling_risk_focus_alpha": 10.0,
    "sampling_risk_floor": 1e-05,
    "batch_size": 512,
    "disc_phase": "generation",
    "sample_draws": 5000000,
    "random_seed": 2
  }
}