{
  "label": "regionft_a10-MLP-Adult-race-d5000000",
  "repeat": 0,
  "method": "regionft_a10",
  "model": "MLP",
  "dataset": "Adult",
  "protected": "race",
  "runtime": 7200,
  "no_disc": 1732707,
  "no_test": 7167016,
  "prec": 0.24176128531037186,
  "cpu_time": 331.73765626299974,
  "real_time": 331.74650716781616,
  "partition": {
    "cpu_time": 139.22819934699965,
    "real_time": 139.23661518096924,
    "no_test": 2167016,
    "no_disc": 156124,
    "n_regions": 1020
  },
  "generation": {
    "cpu_time": 192.5094569160001,
    "real_time": 192.50989198684692,
    "no_test": 5000000,
    "no_disc": 1576583
  },
  "config": {
    "max_depth": 10,
    "min_samples_per_region": 1000,
    "max_samples_per_region": 3000,
    "min_gain": 0.0,
    "gini_weight_mode": "sample",
    "max_split_ratio": 1.0,
    "sampling_risk_focus_alpha": 10.0,
    "sampling_risk_floor": 1e-05,
    "batch_size": 512,
    "disc_phase": "generation",
    "sample_draws": 5000000,
    "random_seed": 0
  }
}