{
  "label": "regionft_a10-MLP-Credit-sex-d5000000",
  "repeat": 4,
  "method": "regionft_a10",
  "model": "MLP",
  "dataset": "Credit",
  "protected": "sex",
  "runtime": 7200,
  "no_disc": 1017960,
  "no_test": 7061296,
  "prec": 0.14416050538031547,
  "cpu_time": 175.23606865500005,
  "real_time": 175.24297499656677,
  "partition": {
    "cpu_time": 86.98356648699973,
    "real_time": 86.98794770240784,
    "no_test": 2061296,
    "no_disc": 116631,
    "n_regions": 962
  },
  "generation": {
    "cpu_time": 88.25250216800032,
    "real_time": 88.25502729415894,
    "no_test": 5000000,
    "no_disc": 901329
  },
  "config": {
    "max_depth": 10,
    "min_samples_per_region": 1000,
    "max_samples_per_region": 3000,
    "min_gain": 0.0,
    "gini_weight_mode": "sample",
    "max_split_ratio": 1.0,
    "sampling_risk_focus_alpha": 10.0,
    "sampling_risk_floor": 1e-05,
    "batch_size": 512,
    "disc_phase": "generation",
    "sample_draws": 5000000,
    "random_seed": 4
  }
}