{
  "label": "regionft_a0p5-GBDT-Adult-age-d5000000",
  "repeat": 3,
  "method": "regionft_a0p5",
  "model": "GBDT",
  "dataset": "Adult",
  "protected": "age",
  "runtime": 7200,
  "no_disc": 4025536,
  "no_test": 6964488,
  "prec": 0.5780088931160482,
  "cpu_time": 443.95288654399997,
  "real_time": 443.97231435775757,
  "partition": {
    "cpu_time": 168.98935812799994,
    "real_time": 169.0097324848175,
    "no_test": 1964488,
    "no_disc": 728203,
    "n_regions": 924
  },
  "generation": {
    "cpu_time": 274.96352841600003,
    "real_time": 274.96258187294006,
    "no_test": 5000000,
    "no_disc": 3297333
  },
  "config": {
    "max_depth": 10,
    "min_samples_per_region": 1000,
    "max_samples_per_region": 3000,
    "min_gain": 0.0,
    "gini_weight_mode": "sample",
    "max_split_ratio": 1.0,
    "sampling_risk_focus_alpha": 0.5,
    "sampling_risk_floor": 1e-05,
    "batch_size": 512,
    "disc_phase": "generation",
    "sample_draws": 5000000,
    "random_seed": 3
  }
}