{
  "label": "regionft_a0p5-GBDT-Bank-age-d5000000",
  "repeat": 1,
  "method": "regionft_a0p5",
  "model": "GBDT",
  "dataset": "Bank",
  "protected": "age",
  "runtime": 7200,
  "no_disc": 2817573,
  "no_test": 7056941,
  "prec": 0.3992626550229058,
  "cpu_time": 468.38176698999996,
  "real_time": 468.38643884658813,
  "partition": {
    "cpu_time": 195.04439513900002,
    "real_time": 195.04800820350647,
    "no_test": 2056941,
    "no_disc": 511718,
    "n_regions": 952
  },
  "generation": {
    "cpu_time": 273.33737185099994,
    "real_time": 273.33843064308167,
    "no_test": 5000000,
    "no_disc": 2305855
  },
  "config": {
    "max_depth": 10,
    "min_samples_per_region": 1000,
    "max_samples_per_region": 3000,
    "min_gain": 0.0,
    "gini_weight_mode": "sample",
    "max_split_ratio": 1.0,
    "sampling_risk_focus_alpha": 0.5,
    "sampling_risk_floor": 1e-05,
    "batch_size": 512,
    "disc_phase": "generation",
    "sample_draws": 5000000,
    "random_seed": 1
  }
}