{
  "label": "regionft_a0p5-MLP-Adult-race-d5000000",
  "repeat": 2,
  "method": "regionft_a0p5",
  "model": "MLP",
  "dataset": "Adult",
  "protected": "race",
  "runtime": 7200,
  "no_disc": 494290,
  "no_test": 7084018,
  "prec": 0.06977537324156997,
  "cpu_time": 313.0581834069999,
  "real_time": 313.0638391971588,
  "partition": {
    "cpu_time": 131.75016420899965,
    "real_time": 131.7544105052948,
    "no_test": 2084018,
    "no_disc": 158058,
    "n_regions": 984
  },
  "generation": {
    "cpu_time": 181.30801919800024,
    "real_time": 181.309428691864,
    "no_test": 5000000,
    "no_disc": 336232
  },
  "config": {
    "max_depth": 10,
    "min_samples_per_region": 1000,
    "max_samples_per_region": 3000,
    "min_gain": 0.0,
    "gini_weight_mode": "sample",
    "max_split_ratio": 1.0,
    "sampling_risk_focus_alpha": 0.5,
    "sampling_risk_floor": 1e-05,
    "batch_size": 512,
    "disc_phase": "generation",
    "sample_draws": 5000000,
    "random_seed": 2
  }
}