{
  "label": "regionft_a0p5-MLP-Adult-race-d5000000",
  "repeat": 1,
  "method": "regionft_a0p5",
  "model": "MLP",
  "dataset": "Adult",
  "protected": "race",
  "runtime": 7200,
  "no_disc": 543219,
  "no_test": 7130185,
  "prec": 0.07618582126550713,
  "cpu_time": 312.0576767890002,
  "real_time": 312.0619776248932,
  "partition": {
    "cpu_time": 132.5093172060001,
    "real_time": 132.51317167282104,
    "no_test": 2130185,
    "no_disc": 213678,
    "n_regions": 1009
  },
  "generation": {
    "cpu_time": 179.5483595830001,
    "real_time": 179.54880595207214,
    "no_test": 5000000,
    "no_disc": 329541
  },
  "config": {
    "max_depth": 10,
    "min_samples_per_region": 1000,
    "max_samples_per_region": 3000,
    "min_gain": 0.0,
    "gini_weight_mode": "sample",
    "max_split_ratio": 1.0,
    "sampling_risk_focus_alpha": 0.5,
    "sampling_risk_floor": 1e-05,
    "batch_size": 512,
    "disc_phase": "generation",
    "sample_draws": 5000000,
    "random_seed": 1
  }
}