{
  "label": "regionft_a0p5-LogReg-Credit-sex-d5000000",
  "repeat": 1,
  "method": "regionft_a0p5",
  "model": "LogReg",
  "dataset": "Credit",
  "protected": "sex",
  "runtime": 7200,
  "no_disc": 533285,
  "no_test": 7157668,
  "prec": 0.07450541153906552,
  "cpu_time": 174.65253608700004,
  "real_time": 174.65606451034546,
  "partition": {
    "cpu_time": 97.16094065300013,
    "real_time": 97.1642735004425,
    "no_test": 2157668,
    "no_disc": 129452,
    "n_regions": 998
  },
  "generation": {
    "cpu_time": 77.49159543399992,
    "real_time": 77.49179100990295,
    "no_test": 5000000,
    "no_disc": 403833
  },
  "config": {
    "max_depth": 10,
    "min_samples_per_region": 1000,
    "max_samples_per_region": 3000,
    "min_gain": 0.0,
    "gini_weight_mode": "sample",
    "max_split_ratio": 1.0,
    "sampling_risk_focus_alpha": 0.5,
    "sampling_risk_floor": 1e-05,
    "batch_size": 512,
    "disc_phase": "generation",
    "sample_draws": 5000000,
    "random_seed": 1
  }
}