{
  "label": "regionft_a0p5-LogReg-Lsac-race-d5000000",
  "repeat": 0,
  "method": "regionft_a0p5",
  "model": "LogReg",
  "dataset": "Lsac",
  "protected": "race",
  "runtime": 7200,
  "no_disc": 858758,
  "no_test": 7095987,
  "prec": 0.12102023298520699,
  "cpu_time": 210.06869580900002,
  "real_time": 210.07198643684387,
  "partition": {
    "cpu_time": 123.55142632499997,
    "real_time": 123.55393075942993,
    "no_test": 2095987,
    "no_disc": 198780,
    "n_regions": 980
  },
  "generation": {
    "cpu_time": 86.51726948400005,
    "real_time": 86.51805567741394,
    "no_test": 5000000,
    "no_disc": 659978
  },
  "config": {
    "max_depth": 10,
    "min_samples_per_region": 1000,
    "max_samples_per_region": 3000,
    "min_gain": 0.0,
    "gini_weight_mode": "sample",
    "max_split_ratio": 1.0,
    "sampling_risk_focus_alpha": 0.5,
    "sampling_risk_floor": 1e-05,
    "batch_size": 512,
    "disc_phase": "generation",
    "sample_draws": 5000000,
    "random_seed": 0
  }
}