{
  "label": "regionft_a0p5-GBDT-Lsac-sex-d5000000",
  "repeat": 4,
  "method": "regionft_a0p5",
  "model": "GBDT",
  "dataset": "Lsac",
  "protected": "sex",
  "runtime": 7200,
  "no_disc": 279284,
  "no_test": 7067558,
  "prec": 0.03951633647718208,
  "cpu_time": 210.14293518000068,
  "real_time": 210.14878153800964,
  "partition": {
    "cpu_time": 123.75789132099999,
    "real_time": 123.76211810112,
    "no_test": 2067558,
    "no_disc": 132887,
    "n_regions": 985
  },
  "generation": {
    "cpu_time": 86.38504385900069,
    "real_time": 86.38666343688965,
    "no_test": 5000000,
    "no_disc": 146397
  },
  "config": {
    "max_depth": 10,
    "min_samples_per_region": 1000,
    "max_samples_per_region": 3000,
    "min_gain": 0.0,
    "gini_weight_mode": "sample",
    "max_split_ratio": 1.0,
    "sampling_risk_focus_alpha": 0.5,
    "sampling_risk_floor": 1e-05,
    "batch_size": 512,
    "disc_phase": "generation",
    "sample_draws": 5000000,
    "random_seed": 4
  }
}