{
  "label": "regionft_a0p5-LogReg-Adult-age-d5000000",
  "repeat": 4,
  "method": "regionft_a0p5",
  "model": "LogReg",
  "dataset": "Adult",
  "protected": "age",
  "runtime": 7200,
  "no_disc": 2659736,
  "no_test": 6705017,
  "prec": 0.39667848716863807,
  "cpu_time": 345.81234561100064,
  "real_time": 345.8233141899109,
  "partition": {
    "cpu_time": 122.70165177900071,
    "real_time": 122.71094059944153,
    "no_test": 1705017,
    "no_disc": 484435,
    "n_regions": 817
  },
  "generation": {
    "cpu_time": 223.11069383199992,
    "real_time": 223.11237359046936,
    "no_test": 5000000,
    "no_disc": 2175301
  },
  "config": {
    "max_depth": 10,
    "min_samples_per_region": 1000,
    "max_samples_per_region": 3000,
    "min_gain": 0.0,
    "gini_weight_mode": "sample",
    "max_split_ratio": 1.0,
    "sampling_risk_focus_alpha": 0.5,
    "sampling_risk_floor": 1e-05,
    "batch_size": 512,
    "disc_phase": "generation",
    "sample_draws": 5000000,
    "random_seed": 4
  }
}