{
  "label": "regionft_a0p5-LogReg-Adult-race-d5000000",
  "repeat": 3,
  "method": "regionft_a0p5",
  "model": "LogReg",
  "dataset": "Adult",
  "protected": "race",
  "runtime": 7200,
  "no_disc": 404943,
  "no_test": 6567836,
  "prec": 0.06165546764565985,
  "cpu_time": 202.90485069099987,
  "real_time": 202.9101586341858,
  "partition": {
    "cpu_time": 83.55177395700002,
    "real_time": 83.5566086769104,
    "no_test": 1567836,
    "no_disc": 93802,
    "n_regions": 755
  },
  "generation": {
    "cpu_time": 119.35307673399984,
    "real_time": 119.35354995727539,
    "no_test": 5000000,
    "no_disc": 311141
  },
  "config": {
    "max_depth": 10,
    "min_samples_per_region": 1000,
    "max_samples_per_region": 3000,
    "min_gain": 0.0,
    "gini_weight_mode": "sample",
    "max_split_ratio": 1.0,
    "sampling_risk_focus_alpha": 0.5,
    "sampling_risk_floor": 1e-05,
    "batch_size": 512,
    "disc_phase": "generation",
    "sample_draws": 5000000,
    "random_seed": 3
  }
}