{
  "label": "regionft_a0p5-DecTree-Lsac-race-d5000000",
  "repeat": 2,
  "method": "regionft_a0p5",
  "model": "DecTree",
  "dataset": "Lsac",
  "protected": "race",
  "runtime": 7200,
  "no_disc": 2810684,
  "no_test": 5982086,
  "prec": 0.46985014926231417,
  "cpu_time": 164.29507706500044,
  "real_time": 164.29734134674072,
  "partition": {
    "cpu_time": 64.40137825300008,
    "real_time": 64.40332651138306,
    "no_test": 982086,
    "no_disc": 137189,
    "n_regions": 456
  },
  "generation": {
    "cpu_time": 99.89369881200037,
    "real_time": 99.89401483535767,
    "no_test": 5000000,
    "no_disc": 2673495
  },
  "config": {
    "max_depth": 10,
    "min_samples_per_region": 1000,
    "max_samples_per_region": 3000,
    "min_gain": 0.0,
    "gini_weight_mode": "sample",
    "max_split_ratio": 1.0,
    "sampling_risk_focus_alpha": 0.5,
    "sampling_risk_floor": 1e-05,
    "batch_size": 512,
    "disc_phase": "generation",
    "sample_draws": 5000000,
    "random_seed": 2
  }
}