{
  "label": "regionft_a0p5-GBDT-Adult-age-d5000000",
  "repeat": 0,
  "method": "regionft_a0p5",
  "model": "GBDT",
  "dataset": "Adult",
  "protected": "age",
  "runtime": 7200,
  "no_disc": 3954376,
  "no_test": 7037248,
  "prec": 0.5619207963112853,
  "cpu_time": 449.37504315699994,
  "real_time": 449.38618206977844,
  "partition": {
    "cpu_time": 174.38510669699986,
    "real_time": 174.3934473991394,
    "no_test": 2037248,
    "no_disc": 693129,
    "n_regions": 958
  },
  "generation": {
    "cpu_time": 274.9899364600001,
    "real_time": 274.99273467063904,
    "no_test": 5000000,
    "no_disc": 3261247
  },
  "config": {
    "max_depth": 10,
    "min_samples_per_region": 1000,
    "max_samples_per_region": 3000,
    "min_gain": 0.0,
    "gini_weight_mode": "sample",
    "max_split_ratio": 1.0,
    "sampling_risk_focus_alpha": 0.5,
    "sampling_risk_floor": 1e-05,
    "batch_size": 512,
    "disc_phase": "generation",
    "sample_draws": 5000000,
    "random_seed": 0
  }
}