{
  "label": "regionft_a0p5-GBDT-Bank-age-d5000000",
  "repeat": 0,
  "method": "regionft_a0p5",
  "model": "GBDT",
  "dataset": "Bank",
  "protected": "age",
  "runtime": 7200,
  "no_disc": 2717646,
  "no_test": 6875939,
  "prec": 0.3952399810411349,
  "cpu_time": 440.1689122920001,
  "real_time": 440.1721866130829,
  "partition": {
    "cpu_time": 173.96199427,
    "real_time": 173.96334767341614,
    "no_test": 1875939,
    "no_disc": 444926,
    "n_regions": 869
  },
  "generation": {
    "cpu_time": 266.2069180220001,
    "real_time": 266.20883893966675,
    "no_test": 5000000,
    "no_disc": 2272720
  },
  "config": {
    "max_depth": 10,
    "min_samples_per_region": 1000,
    "max_samples_per_region": 3000,
    "min_gain": 0.0,
    "gini_weight_mode": "sample",
    "max_split_ratio": 1.0,
    "sampling_risk_focus_alpha": 0.5,
    "sampling_risk_floor": 1e-05,
    "batch_size": 512,
    "disc_phase": "generation",
    "sample_draws": 5000000,
    "random_seed": 0
  }
}