{
  "label": "regionft_a0p5-MLP-Lsac-race-d5000000",
  "repeat": 1,
  "method": "regionft_a0p5",
  "model": "MLP",
  "dataset": "Lsac",
  "protected": "race",
  "runtime": 7200,
  "no_disc": 506693,
  "no_test": 7126144,
  "prec": 0.07110339055736174,
  "cpu_time": 216.09572090699976,
  "real_time": 216.10550594329834,
  "partition": {
    "cpu_time": 122.70058185500011,
    "real_time": 122.70882391929626,
    "no_test": 2126144,
    "no_disc": 130797,
    "n_regions": 989
  },
  "generation": {
    "cpu_time": 93.39513905199965,
    "real_time": 93.39668202400208,
    "no_test": 5000000,
    "no_disc": 375896
  },
  "config": {
    "max_depth": 10,
    "min_samples_per_region": 1000,
    "max_samples_per_region": 3000,
    "min_gain": 0.0,
    "gini_weight_mode": "sample",
    "max_split_ratio": 1.0,
    "sampling_risk_focus_alpha": 0.5,
    "sampling_risk_floor": 1e-05,
    "batch_size": 512,
    "disc_phase": "generation",
    "sample_draws": 5000000,
    "random_seed": 1
  }
}