{
  "label": "regionft_a0p5-LogReg-Adult-age-d5000000",
  "repeat": 1,
  "method": "regionft_a0p5",
  "model": "LogReg",
  "dataset": "Adult",
  "protected": "age",
  "runtime": 7200,
  "no_disc": 2730632,
  "no_test": 6834282,
  "prec": 0.3995492138018302,
  "cpu_time": 354.0245568829996,
  "real_time": 354.02894711494446,
  "partition": {
    "cpu_time": 131.70257834699987,
    "real_time": 131.70641803741455,
    "no_test": 1834282,
    "no_disc": 534560,
    "n_regions": 882
  },
  "generation": {
    "cpu_time": 222.32197853599973,
    "real_time": 222.3225290775299,
    "no_test": 5000000,
    "no_disc": 2196072
  },
  "config": {
    "max_depth": 10,
    "min_samples_per_region": 1000,
    "max_samples_per_region": 3000,
    "min_gain": 0.0,
    "gini_weight_mode": "sample",
    "max_split_ratio": 1.0,
    "sampling_risk_focus_alpha": 0.5,
    "sampling_risk_floor": 1e-05,
    "batch_size": 512,
    "disc_phase": "generation",
    "sample_draws": 5000000,
    "random_seed": 1
  }
}