{
  "label": "regionft_a0p5-GBDT-Adult-race-d5000000",
  "repeat": 2,
  "method": "regionft_a0p5",
  "model": "GBDT",
  "dataset": "Adult",
  "protected": "race",
  "runtime": 7200,
  "no_disc": 315731,
  "no_test": 6702112,
  "prec": 0.04710917991224259,
  "cpu_time": 262.59188593,
  "real_time": 262.5951232910156,
  "partition": {
    "cpu_time": 110.00999282999987,
    "real_time": 110.01456761360168,
    "no_test": 1702112,
    "no_disc": 85231,
    "n_regions": 814
  },
  "generation": {
    "cpu_time": 152.58189310000012,
    "real_time": 152.58055567741394,
    "no_test": 5000000,
    "no_disc": 230500
  },
  "config": {
    "max_depth": 10,
    "min_samples_per_region": 1000,
    "max_samples_per_region": 3000,
    "min_gain": 0.0,
    "gini_weight_mode": "sample",
    "max_split_ratio": 1.0,
    "sampling_risk_focus_alpha": 0.5,
    "sampling_risk_floor": 1e-05,
    "batch_size": 512,
    "disc_phase": "generation",
    "sample_draws": 5000000,
    "random_seed": 2
  }
}