{
  "label": "regionft_a0p5-MLP-Credit-sex-d5000000",
  "repeat": 3,
  "method": "regionft_a0p5",
  "model": "MLP",
  "dataset": "Credit",
  "protected": "sex",
  "runtime": 7200,
  "no_disc": 605404,
  "no_test": 6998426,
  "prec": 0.08650573714718138,
  "cpu_time": 169.27079927499972,
  "real_time": 169.27383518218994,
  "partition": {
    "cpu_time": 86.1329901439999,
    "real_time": 86.1354603767395,
    "no_test": 1998426,
    "no_disc": 131026,
    "n_regions": 932
  },
  "generation": {
    "cpu_time": 83.13780913099981,
    "real_time": 83.13837480545044,
    "no_test": 5000000,
    "no_disc": 474378
  },
  "config": {
    "max_depth": 10,
    "min_samples_per_region": 1000,
    "max_samples_per_region": 3000,
    "min_gain": 0.0,
    "gini_weight_mode": "sample",
    "max_split_ratio": 1.0,
    "sampling_risk_focus_alpha": 0.5,
    "sampling_risk_floor": 1e-05,
    "batch_size": 512,
    "disc_phase": "generation",
    "sample_draws": 5000000,
    "random_seed": 3
  }
}