{
  "label": "regionft_a0p5-LogReg-Bank-age-d5000000",
  "repeat": 2,
  "method": "regionft_a0p5",
  "model": "LogReg",
  "dataset": "Bank",
  "protected": "age",
  "runtime": 7200,
  "no_disc": 476783,
  "no_test": 6377327,
  "prec": 0.07476220052696059,
  "cpu_time": 318.4785106009999,
  "real_time": 318.4866349697113,
  "partition": {
    "cpu_time": 104.69295787400006,
    "real_time": 104.69350099563599,
    "no_test": 1377327,
    "no_disc": 71665,
    "n_regions": 650
  },
  "generation": {
    "cpu_time": 213.78555272699987,
    "real_time": 213.79313397407532,
    "no_test": 5000000,
    "no_disc": 405118
  },
  "config": {
    "max_depth": 10,
    "min_samples_per_region": 1000,
    "max_samples_per_region": 3000,
    "min_gain": 0.0,
    "gini_weight_mode": "sample",
    "max_split_ratio": 1.0,
    "sampling_risk_focus_alpha": 0.5,
    "sampling_risk_floor": 1e-05,
    "batch_size": 512,
    "disc_phase": "generation",
    "sample_draws": 5000000,
    "random_seed": 2
  }
}