{
  "label": "regionft_a0p5-LogReg-Bank-age-d5000000",
  "repeat": 4,
  "method": "regionft_a0p5",
  "model": "LogReg",
  "dataset": "Bank",
  "protected": "age",
  "runtime": 7200,
  "no_disc": 522216,
  "no_test": 6696641,
  "prec": 0.07798178220991689,
  "cpu_time": 347.08375288100024,
  "real_time": 347.08585143089294,
  "partition": {
    "cpu_time": 131.15351002199986,
    "real_time": 131.15451908111572,
    "no_test": 1696641,
    "no_disc": 108061,
    "n_regions": 805
  },
  "generation": {
    "cpu_time": 215.93024285900037,
    "real_time": 215.93133234977722,
    "no_test": 5000000,
    "no_disc": 414155
  },
  "config": {
    "max_depth": 10,
    "min_samples_per_region": 1000,
    "max_samples_per_region": 3000,
    "min_gain": 0.0,
    "gini_weight_mode": "sample",
    "max_split_ratio": 1.0,
    "sampling_risk_focus_alpha": 0.5,
    "sampling_risk_floor": 1e-05,
    "batch_size": 512,
    "disc_phase": "generation",
    "sample_draws": 5000000,
    "random_seed": 4
  }
}