{
  "label": "regionft_a0p5-GBDT-Credit-age-d5000000",
  "repeat": 1,
  "method": "regionft_a0p5",
  "model": "GBDT",
  "dataset": "Credit",
  "protected": "age",
  "runtime": 7200,
  "no_disc": 1423593,
  "no_test": 7199870,
  "prec": 0.1977248200314728,
  "cpu_time": 379.509670463,
  "real_time": 379.5276219844818,
  "partition": {
    "cpu_time": 167.12145726900008,
    "real_time": 167.13322806358337,
    "no_test": 2199870,
    "no_disc": 393373,
    "n_regions": 1016
  },
  "generation": {
    "cpu_time": 212.38821319399995,
    "real_time": 212.39439392089844,
    "no_test": 5000000,
    "no_disc": 1030220
  },
  "config": {
    "max_depth": 10,
    "min_samples_per_region": 1000,
    "max_samples_per_region": 3000,
    "min_gain": 0.0,
    "gini_weight_mode": "sample",
    "max_split_ratio": 1.0,
    "sampling_risk_focus_alpha": 0.5,
    "sampling_risk_floor": 1e-05,
    "batch_size": 512,
    "disc_phase": "generation",
    "sample_draws": 5000000,
    "random_seed": 1
  }
}