{
  "label": "regionft_a0p5-LogReg-Credit-age-d5000000",
  "repeat": 0,
  "method": "regionft_a0p5",
  "model": "LogReg",
  "dataset": "Credit",
  "protected": "age",
  "runtime": 7200,
  "no_disc": 1231905,
  "no_test": 7170852,
  "prec": 0.17179339358837695,
  "cpu_time": 328.6427893030004,
  "real_time": 328.64607667922974,
  "partition": {
    "cpu_time": 140.12506214600035,
    "real_time": 140.12791275978088,
    "no_test": 2170852,
    "no_disc": 264065,
    "n_regions": 1008
  },
  "generation": {
    "cpu_time": 188.51772715700008,
    "real_time": 188.51816391944885,
    "no_test": 5000000,
    "no_disc": 967840
  },
  "config": {
    "max_depth": 10,
    "min_samples_per_region": 1000,
    "max_samples_per_region": 3000,
    "min_gain": 0.0,
    "gini_weight_mode": "sample",
    "max_split_ratio": 1.0,
    "sampling_risk_focus_alpha": 0.5,
    "sampling_risk_floor": 1e-05,
    "batch_size": 512,
    "disc_phase": "generation",
    "sample_draws": 5000000,
    "random_seed": 0
  }
}