{
  "label": "regionft_a0p5-MLP-Bank-age-d5000000",
  "repeat": 4,
  "method": "regionft_a0p5",
  "model": "MLP",
  "dataset": "Bank",
  "protected": "age",
  "runtime": 7200,
  "no_disc": 1710874,
  "no_test": 7138959,
  "prec": 0.23965314830915824,
  "cpu_time": 502.1270739600004,
  "real_time": 502.1370131969452,
  "partition": {
    "cpu_time": 197.07047709400013,
    "real_time": 197.07772827148438,
    "no_test": 2138959,
    "no_disc": 349804,
    "n_regions": 992
  },
  "generation": {
    "cpu_time": 305.0565968660003,
    "real_time": 305.0592849254608,
    "no_test": 5000000,
    "no_disc": 1361070
  },
  "config": {
    "max_depth": 10,
    "min_samples_per_region": 1000,
    "max_samples_per_region": 3000,
    "min_gain": 0.0,
    "gini_weight_mode": "sample",
    "max_split_ratio": 1.0,
    "sampling_risk_focus_alpha": 0.5,
    "sampling_risk_floor": 1e-05,
    "batch_size": 512,
    "disc_phase": "generation",
    "sample_draws": 5000000,
    "random_seed": 4
  }
}