{
  "label": "regionft_a0p5-LogReg-Lsac-race-d5000000",
  "repeat": 3,
  "method": "regionft_a0p5",
  "model": "LogReg",
  "dataset": "Lsac",
  "protected": "race",
  "runtime": 7200,
  "no_disc": 869114,
  "no_test": 6993830,
  "prec": 0.12426867681942512,
  "cpu_time": 201.633573738,
  "real_time": 201.6380968093872,
  "partition": {
    "cpu_time": 116.09362376700005,
    "real_time": 116.09541773796082,
    "no_test": 1993830,
    "no_disc": 192893,
    "n_regions": 934
  },
  "generation": {
    "cpu_time": 85.53994997099994,
    "real_time": 85.54267907142639,
    "no_test": 5000000,
    "no_disc": 676221
  },
  "config": {
    "max_depth": 10,
    "min_samples_per_region": 1000,
    "max_samples_per_region": 3000,
    "min_gain": 0.0,
    "gini_weight_mode": "sample",
    "max_split_ratio": 1.0,
    "sampling_risk_focus_alpha": 0.5,
    "sampling_risk_floor": 1e-05,
    "batch_size": 512,
    "disc_phase": "generation",
    "sample_draws": 5000000,
    "random_seed": 3
  }
}