{
  "label": "regionft_a0p5-MLP-Adult-sex-d5000000",
  "repeat": 4,
  "method": "regionft_a0p5",
  "model": "MLP",
  "dataset": "Adult",
  "protected": "sex",
  "runtime": 7200,
  "no_disc": 217636,
  "no_test": 7085931,
  "prec": 0.03071381869227911,
  "cpu_time": 194.94296065900016,
  "real_time": 194.94637823104858,
  "partition": {
    "cpu_time": 101.2720931670001,
    "real_time": 101.27503514289856,
    "no_test": 2085931,
    "no_disc": 78449,
    "n_regions": 990
  },
  "generation": {
    "cpu_time": 93.67086749200007,
    "real_time": 93.67134308815002,
    "no_test": 5000000,
    "no_disc": 139187
  },
  "config": {
    "max_depth": 10,
    "min_samples_per_region": 1000,
    "max_samples_per_region": 3000,
    "min_gain": 0.0,
    "gini_weight_mode": "sample",
    "max_split_ratio": 1.0,
    "sampling_risk_focus_alpha": 0.5,
    "sampling_risk_floor": 1e-05,
    "batch_size": 512,
    "disc_phase": "generation",
    "sample_draws": 5000000,
    "random_seed": 4
  }
}