{
  "label": "regionft_a0p5-MLP-Adult-race-d5000000",
  "repeat": 3,
  "method": "regionft_a0p5",
  "model": "MLP",
  "dataset": "Adult",
  "protected": "race",
  "runtime": 7200,
  "no_disc": 507364,
  "no_test": 7116207,
  "prec": 0.07129697042258608,
  "cpu_time": 314.6735089919998,
  "real_time": 314.67846179008484,
  "partition": {
    "cpu_time": 132.63206037999998,
    "real_time": 132.63608598709106,
    "no_test": 2116207,
    "no_disc": 169213,
    "n_regions": 1002
  },
  "generation": {
    "cpu_time": 182.04144861199984,
    "real_time": 182.04237580299377,
    "no_test": 5000000,
    "no_disc": 338151
  },
  "config": {
    "max_depth": 10,
    "min_samples_per_region": 1000,
    "max_samples_per_region": 3000,
    "min_gain": 0.0,
    "gini_weight_mode": "sample",
    "max_split_ratio": 1.0,
    "sampling_risk_focus_alpha": 0.5,
    "sampling_risk_floor": 1e-05,
    "batch_size": 512,
    "disc_phase": "generation",
    "sample_draws": 5000000,
    "random_seed": 3
  }
}