{
  "label": "regionft_a0p5-MLP-Lsac-race-d5000000",
  "repeat": 3,
  "method": "regionft_a0p5",
  "model": "MLP",
  "dataset": "Lsac",
  "protected": "race",
  "runtime": 7200,
  "no_disc": 525976,
  "no_test": 7176170,
  "prec": 0.07329480767596086,
  "cpu_time": 219.2367193969999,
  "real_time": 219.253808259964,
  "partition": {
    "cpu_time": 125.64599373100009,
    "real_time": 125.66037511825562,
    "no_test": 2176170,
    "no_disc": 148442,
    "n_regions": 1014
  },
  "generation": {
    "cpu_time": 93.5907256659998,
    "real_time": 93.59343314170837,
    "no_test": 5000000,
    "no_disc": 377534
  },
  "config": {
    "max_depth": 10,
    "min_samples_per_region": 1000,
    "max_samples_per_region": 3000,
    "min_gain": 0.0,
    "gini_weight_mode": "sample",
    "max_split_ratio": 1.0,
    "sampling_risk_focus_alpha": 0.5,
    "sampling_risk_floor": 1e-05,
    "batch_size": 512,
    "disc_phase": "generation",
    "sample_draws": 5000000,
    "random_seed": 3
  }
}