{
  "label": "regionft_a0p5-GBDT-Lsac-race-d5000000",
  "repeat": 1,
  "method": "regionft_a0p5",
  "model": "GBDT",
  "dataset": "Lsac",
  "protected": "race",
  "runtime": 7200,
  "no_disc": 1320827,
  "no_test": 7135292,
  "prec": 0.18511183564737085,
  "cpu_time": 251.94492323800023,
  "real_time": 251.9509298801422,
  "partition": {
    "cpu_time": 141.4022012600003,
    "real_time": 141.40728306770325,
    "no_test": 2135292,
    "no_disc": 317560,
    "n_regions": 994
  },
  "generation": {
    "cpu_time": 110.54272197799992,
    "real_time": 110.54364681243896,
    "no_test": 5000000,
    "no_disc": 1003267
  },
  "config": {
    "max_depth": 10,
    "min_samples_per_region": 1000,
    "max_samples_per_region": 3000,
    "min_gain": 0.0,
    "gini_weight_mode": "sample",
    "max_split_ratio": 1.0,
    "sampling_risk_focus_alpha": 0.5,
    "sampling_risk_floor": 1e-05,
    "batch_size": 512,
    "disc_phase": "generation",
    "sample_draws": 5000000,
    "random_seed": 1
  }
}