{
  "label": "regionft_a0p5-MLP-Adult-sex-d5000000",
  "repeat": 1,
  "method": "regionft_a0p5",
  "model": "MLP",
  "dataset": "Adult",
  "protected": "sex",
  "runtime": 7200,
  "no_disc": 207980,
  "no_test": 7060066,
  "prec": 0.029458648120286694,
  "cpu_time": 192.89222140699985,
  "real_time": 192.8956995010376,
  "partition": {
    "cpu_time": 98.57131225100011,
    "real_time": 98.57321906089783,
    "no_test": 2060066,
    "no_disc": 76443,
    "n_regions": 982
  },
  "generation": {
    "cpu_time": 94.32090915599974,
    "real_time": 94.32248044013977,
    "no_test": 5000000,
    "no_disc": 131537
  },
  "config": {
    "max_depth": 10,
    "min_samples_per_region": 1000,
    "max_samples_per_region": 3000,
    "min_gain": 0.0,
    "gini_weight_mode": "sample",
    "max_split_ratio": 1.0,
    "sampling_risk_focus_alpha": 0.5,
    "sampling_risk_floor": 1e-05,
    "batch_size": 512,
    "disc_phase": "generation",
    "sample_draws": 5000000,
    "random_seed": 1
  }
}