{
  "label": "regionft_a0p5-DecTree-Bank-age-d5000000",
  "repeat": 1,
  "method": "regionft_a0p5",
  "model": "DecTree",
  "dataset": "Bank",
  "protected": "age",
  "runtime": 7200,
  "no_disc": 3229637,
  "no_test": 6274598,
  "prec": 0.5147161618959494,
  "cpu_time": 341.5014219980003,
  "real_time": 341.50379061698914,
  "partition": {
    "cpu_time": 108.52999619799994,
    "real_time": 108.5316731929779,
    "no_test": 1274598,
    "no_disc": 340635,
    "n_regions": 578
  },
  "generation": {
    "cpu_time": 232.97142580000036,
    "real_time": 232.97211742401123,
    "no_test": 5000000,
    "no_disc": 2889002
  },
  "config": {
    "max_depth": 10,
    "min_samples_per_region": 1000,
    "max_samples_per_region": 3000,
    "min_gain": 0.0,
    "gini_weight_mode": "sample",
    "max_split_ratio": 1.0,
    "sampling_risk_focus_alpha": 0.5,
    "sampling_risk_floor": 1e-05,
    "batch_size": 512,
    "disc_phase": "generation",
    "sample_draws": 5000000,
    "random_seed": 1
  }
}