{
  "label": "regionft_a0p5-DecTree-Lsac-sex-d5000000",
  "repeat": 0,
  "method": "regionft_a0p5",
  "model": "DecTree",
  "dataset": "Lsac",
  "protected": "sex",
  "runtime": 7200,
  "no_disc": 3104689,
  "no_test": 6028530,
  "prec": 0.5149993447822272,
  "cpu_time": 146.21022848799976,
  "real_time": 146.21235370635986,
  "partition": {
    "cpu_time": 65.46044565800003,
    "real_time": 65.46205806732178,
    "no_test": 1028530,
    "no_disc": 165390,
    "n_regions": 473
  },
  "generation": {
    "cpu_time": 80.74978282999973,
    "real_time": 80.75029563903809,
    "no_test": 5000000,
    "no_disc": 2939299
  },
  "config": {
    "max_depth": 10,
    "min_samples_per_region": 1000,
    "max_samples_per_region": 3000,
    "min_gain": 0.0,
    "gini_weight_mode": "sample",
    "max_split_ratio": 1.0,
    "sampling_risk_focus_alpha": 0.5,
    "sampling_risk_floor": 1e-05,
    "batch_size": 512,
    "disc_phase": "generation",
    "sample_draws": 5000000,
    "random_seed": 0
  }
}