{
  "label": "regionft_a0p5-MLP-Adult-age-d5000000",
  "repeat": 4,
  "method": "regionft_a0p5",
  "model": "MLP",
  "dataset": "Adult",
  "protected": "age",
  "runtime": 7200,
  "no_disc": 2600814,
  "no_test": 7188328,
  "prec": 0.36181070201582344,
  "cpu_time": 490.8715294440001,
  "real_time": 490.89178371429443,
  "partition": {
    "cpu_time": 197.39582267800006,
    "real_time": 197.40651869773865,
    "no_test": 2188328,
    "no_disc": 676869,
    "n_regions": 1022
  },
  "generation": {
    "cpu_time": 293.47570676600003,
    "real_time": 293.4852650165558,
    "no_test": 5000000,
    "no_disc": 1923945
  },
  "config": {
    "max_depth": 10,
    "min_samples_per_region": 1000,
    "max_samples_per_region": 3000,
    "min_gain": 0.0,
    "gini_weight_mode": "sample",
    "max_split_ratio": 1.0,
    "sampling_risk_focus_alpha": 0.5,
    "sampling_risk_floor": 1e-05,
    "batch_size": 512,
    "disc_phase": "generation",
    "sample_draws": 5000000,
    "random_seed": 4
  }
}