{
  "label": "regionft_a0p5-GBDT-Adult-sex-d5000000",
  "repeat": 1,
  "method": "regionft_a0p5",
  "model": "GBDT",
  "dataset": "Adult",
  "protected": "sex",
  "runtime": 7200,
  "no_disc": 690890,
  "no_test": 6718277,
  "prec": 0.10283737928638548,
  "cpu_time": 176.31299755199996,
  "real_time": 176.31615042686462,
  "partition": {
    "cpu_time": 89.77568583999994,
    "real_time": 89.77816700935364,
    "no_test": 1718277,
    "no_disc": 146248,
    "n_regions": 825
  },
  "generation": {
    "cpu_time": 86.53731171200002,
    "real_time": 86.53798341751099,
    "no_test": 5000000,
    "no_disc": 544642
  },
  "config": {
    "max_depth": 10,
    "min_samples_per_region": 1000,
    "max_samples_per_region": 3000,
    "min_gain": 0.0,
    "gini_weight_mode": "sample",
    "max_split_ratio": 1.0,
    "sampling_risk_focus_alpha": 0.5,
    "sampling_risk_floor": 1e-05,
    "batch_size": 512,
    "disc_phase": "generation",
    "sample_draws": 5000000,
    "random_seed": 1
  }
}