{
  "label": "regionft_a0p5-DecTree-Lsac-race-d5000000",
  "repeat": 0,
  "method": "regionft_a0p5",
  "model": "DecTree",
  "dataset": "Lsac",
  "protected": "race",
  "runtime": 7200,
  "no_disc": 2944474,
  "no_test": 5764248,
  "prec": 0.5108166754796115,
  "cpu_time": 151.5652327150001,
  "real_time": 151.56731581687927,
  "partition": {
    "cpu_time": 52.177112907000264,
    "real_time": 52.17880415916443,
    "no_test": 764248,
    "no_disc": 112578,
    "n_regions": 348
  },
  "generation": {
    "cpu_time": 99.38811980799983,
    "real_time": 99.38851165771484,
    "no_test": 5000000,
    "no_disc": 2831896
  },
  "config": {
    "max_depth": 10,
    "min_samples_per_region": 1000,
    "max_samples_per_region": 3000,
    "min_gain": 0.0,
    "gini_weight_mode": "sample",
    "max_split_ratio": 1.0,
    "sampling_risk_focus_alpha": 0.5,
    "sampling_risk_floor": 1e-05,
    "batch_size": 512,
    "disc_phase": "generation",
    "sample_draws": 5000000,
    "random_seed": 0
  }
}