{
  "label": "regionft_a0p5-GBDT-Lsac-sex-d5000000",
  "repeat": 0,
  "method": "regionft_a0p5",
  "model": "GBDT",
  "dataset": "Lsac",
  "protected": "sex",
  "runtime": 7200,
  "no_disc": 235460,
  "no_test": 6972176,
  "prec": 0.03377137926523943,
  "cpu_time": 200.82025782500023,
  "real_time": 200.83273720741272,
  "partition": {
    "cpu_time": 116.01334434899991,
    "real_time": 116.02502083778381,
    "no_test": 1972176,
    "no_disc": 104419,
    "n_regions": 945
  },
  "generation": {
    "cpu_time": 84.80691347600032,
    "real_time": 84.8077163696289,
    "no_test": 5000000,
    "no_disc": 131041
  },
  "config": {
    "max_depth": 10,
    "min_samples_per_region": 1000,
    "max_samples_per_region": 3000,
    "min_gain": 0.0,
    "gini_weight_mode": "sample",
    "max_split_ratio": 1.0,
    "sampling_risk_focus_alpha": 0.5,
    "sampling_risk_floor": 1e-05,
    "batch_size": 512,
    "disc_phase": "generation",
    "sample_draws": 5000000,
    "random_seed": 0
  }
}