{
  "label": "regionft_a0p5-MLP-Lsac-race-d5000000",
  "repeat": 2,
  "method": "regionft_a0p5",
  "model": "MLP",
  "dataset": "Lsac",
  "protected": "race",
  "runtime": 7200,
  "no_disc": 513759,
  "no_test": 7192328,
  "prec": 0.07143153093129234,
  "cpu_time": 222.03720755400036,
  "real_time": 222.044748544693,
  "partition": {
    "cpu_time": 127.66862217100015,
    "real_time": 127.67589926719666,
    "no_test": 2192328,
    "no_disc": 144238,
    "n_regions": 1022
  },
  "generation": {
    "cpu_time": 94.36858538300021,
    "real_time": 94.36884927749634,
    "no_test": 5000000,
    "no_disc": 369521
  },
  "config": {
    "max_depth": 10,
    "min_samples_per_region": 1000,
    "max_samples_per_region": 3000,
    "min_gain": 0.0,
    "gini_weight_mode": "sample",
    "max_split_ratio": 1.0,
    "sampling_risk_focus_alpha": 0.5,
    "sampling_risk_floor": 1e-05,
    "batch_size": 512,
    "disc_phase": "generation",
    "sample_draws": 5000000,
    "random_seed": 2
  }
}