{
  "label": "regionft_a0p5-GBDT-Lsac-sex-d5000000",
  "repeat": 3,
  "method": "regionft_a0p5",
  "model": "GBDT",
  "dataset": "Lsac",
  "protected": "sex",
  "runtime": 7200,
  "no_disc": 277806,
  "no_test": 6978472,
  "prec": 0.039809001168164035,
  "cpu_time": 208.39028581299954,
  "real_time": 208.39623498916626,
  "partition": {
    "cpu_time": 121.24795710999979,
    "real_time": 121.25279879570007,
    "no_test": 1978472,
    "no_disc": 134712,
    "n_regions": 946
  },
  "generation": {
    "cpu_time": 87.14232870299975,
    "real_time": 87.14343619346619,
    "no_test": 5000000,
    "no_disc": 143094
  },
  "config": {
    "max_depth": 10,
    "min_samples_per_region": 1000,
    "max_samples_per_region": 3000,
    "min_gain": 0.0,
    "gini_weight_mode": "sample",
    "max_split_ratio": 1.0,
    "sampling_risk_focus_alpha": 0.5,
    "sampling_risk_floor": 1e-05,
    "batch_size": 512,
    "disc_phase": "generation",
    "sample_draws": 5000000,
    "random_seed": 3
  }
}