{
  "label": "regionft_a0p5-GBDT-Credit-age-d5000000",
  "repeat": 3,
  "method": "regionft_a0p5",
  "model": "GBDT",
  "dataset": "Credit",
  "protected": "age",
  "runtime": 7200,
  "no_disc": 1339675,
  "no_test": 7124523,
  "prec": 0.18803714999586638,
  "cpu_time": 390.7510360420001,
  "real_time": 390.76859617233276,
  "partition": {
    "cpu_time": 167.65418211799988,
    "real_time": 167.66231489181519,
    "no_test": 2124523,
    "no_disc": 321589,
    "n_regions": 977
  },
  "generation": {
    "cpu_time": 223.09685392400024,
    "real_time": 223.10628128051758,
    "no_test": 5000000,
    "no_disc": 1018086
  },
  "config": {
    "max_depth": 10,
    "min_samples_per_region": 1000,
    "max_samples_per_region": 3000,
    "min_gain": 0.0,
    "gini_weight_mode": "sample",
    "max_split_ratio": 1.0,
    "sampling_risk_focus_alpha": 0.5,
    "sampling_risk_floor": 1e-05,
    "batch_size": 512,
    "disc_phase": "generation",
    "sample_draws": 5000000,
    "random_seed": 3
  }
}