{
  "label": "regionft_a0p5-MLP-Lsac-race-d5000000",
  "repeat": 0,
  "method": "regionft_a0p5",
  "model": "MLP",
  "dataset": "Lsac",
  "protected": "race",
  "runtime": 7200,
  "no_disc": 496413,
  "no_test": 7084084,
  "prec": 0.07007440905556739,
  "cpu_time": 220.67300165899997,
  "real_time": 220.68720364570618,
  "partition": {
    "cpu_time": 125.03382147999946,
    "real_time": 125.04714131355286,
    "no_test": 2084084,
    "no_disc": 124428,
    "n_regions": 972
  },
  "generation": {
    "cpu_time": 95.6391801790005,
    "real_time": 95.64006233215332,
    "no_test": 5000000,
    "no_disc": 371985
  },
  "config": {
    "max_depth": 10,
    "min_samples_per_region": 1000,
    "max_samples_per_region": 3000,
    "min_gain": 0.0,
    "gini_weight_mode": "sample",
    "max_split_ratio": 1.0,
    "sampling_risk_focus_alpha": 0.5,
    "sampling_risk_floor": 1e-05,
    "batch_size": 512,
    "disc_phase": "generation",
    "sample_draws": 5000000,
    "random_seed": 0
  }
}