{
  "label": "regionft_a0p5-GBDT-Adult-sex-d5000000",
  "repeat": 3,
  "method": "regionft_a0p5",
  "model": "GBDT",
  "dataset": "Adult",
  "protected": "sex",
  "runtime": 7200,
  "no_disc": 618723,
  "no_test": 6721468,
  "prec": 0.09205176607253059,
  "cpu_time": 173.10729176300003,
  "real_time": 173.10853576660156,
  "partition": {
    "cpu_time": 88.574462928,
    "real_time": 88.57498836517334,
    "no_test": 1721468,
    "no_disc": 123160,
    "n_regions": 825
  },
  "generation": {
    "cpu_time": 84.53282883500003,
    "real_time": 84.53354740142822,
    "no_test": 5000000,
    "no_disc": 495563
  },
  "config": {
    "max_depth": 10,
    "min_samples_per_region": 1000,
    "max_samples_per_region": 3000,
    "min_gain": 0.0,
    "gini_weight_mode": "sample",
    "max_split_ratio": 1.0,
    "sampling_risk_focus_alpha": 0.5,
    "sampling_risk_floor": 1e-05,
    "batch_size": 512,
    "disc_phase": "generation",
    "sample_draws": 5000000,
    "random_seed": 3
  }
}