{
  "label": "regionft_a0p5-GBDT-Credit-age-d5000000",
  "repeat": 0,
  "method": "regionft_a0p5",
  "model": "GBDT",
  "dataset": "Credit",
  "protected": "age",
  "runtime": 7200,
  "no_disc": 1398336,
  "no_test": 7205496,
  "prec": 0.1940651968996999,
  "cpu_time": 380.69689395399973,
  "real_time": 380.73105454444885,
  "partition": {
    "cpu_time": 168.4715454100001,
    "real_time": 168.49414777755737,
    "no_test": 2205496,
    "no_disc": 380164,
    "n_regions": 1015
  },
  "generation": {
    "cpu_time": 212.22534854399964,
    "real_time": 212.23690676689148,
    "no_test": 5000000,
    "no_disc": 1018172
  },
  "config": {
    "max_depth": 10,
    "min_samples_per_region": 1000,
    "max_samples_per_region": 3000,
    "min_gain": 0.0,
    "gini_weight_mode": "sample",
    "max_split_ratio": 1.0,
    "sampling_risk_focus_alpha": 0.5,
    "sampling_risk_floor": 1e-05,
    "batch_size": 512,
    "disc_phase": "generation",
    "sample_draws": 5000000,
    "random_seed": 0
  }
}