{
  "label": "regionft_a0p5-GBDT-Adult-age-d5000000",
  "repeat": 4,
  "method": "regionft_a0p5",
  "model": "GBDT",
  "dataset": "Adult",
  "protected": "age",
  "runtime": 7200,
  "no_disc": 3931330,
  "no_test": 6955252,
  "prec": 0.5652318564445975,
  "cpu_time": 451.711294985,
  "real_time": 451.7195255756378,
  "partition": {
    "cpu_time": 169.83972308300008,
    "real_time": 169.84817743301392,
    "no_test": 1955252,
    "no_disc": 634113,
    "n_regions": 918
  },
  "generation": {
    "cpu_time": 281.8715719019999,
    "real_time": 281.8713481426239,
    "no_test": 5000000,
    "no_disc": 3297217
  },
  "config": {
    "max_depth": 10,
    "min_samples_per_region": 1000,
    "max_samples_per_region": 3000,
    "min_gain": 0.0,
    "gini_weight_mode": "sample",
    "max_split_ratio": 1.0,
    "sampling_risk_focus_alpha": 0.5,
    "sampling_risk_floor": 1e-05,
    "batch_size": 512,
    "disc_phase": "generation",
    "sample_draws": 5000000,
    "random_seed": 4
  }
}