{
  "label": "regionft_a0p5-DecTree-Adult-sex-d5000000",
  "repeat": 2,
  "method": "regionft_a0p5",
  "model": "DecTree",
  "dataset": "Adult",
  "protected": "sex",
  "runtime": 7200,
  "no_disc": 1541730,
  "no_test": 5437127,
  "prec": 0.28355600301409184,
  "cpu_time": 94.56061150700009,
  "real_time": 94.56500601768494,
  "partition": {
    "cpu_time": 20.36703887200008,
    "real_time": 20.371830701828003,
    "no_test": 437127,
    "no_disc": 59659,
    "n_regions": 209
  },
  "generation": {
    "cpu_time": 74.19357263500001,
    "real_time": 74.19317531585693,
    "no_test": 5000000,
    "no_disc": 1482071
  },
  "config": {
    "max_depth": 10,
    "min_samples_per_region": 1000,
    "max_samples_per_region": 3000,
    "min_gain": 0.0,
    "gini_weight_mode": "sample",
    "max_split_ratio": 1.0,
    "sampling_risk_focus_alpha": 0.5,
    "sampling_risk_floor": 1e-05,
    "batch_size": 512,
    "disc_phase": "generation",
    "sample_draws": 5000000,
    "random_seed": 2
  }
}