{
  "label": "regionft_a0p5-DecTree-Adult-sex-d5000000",
  "repeat": 4,
  "method": "regionft_a0p5",
  "model": "DecTree",
  "dataset": "Adult",
  "protected": "sex",
  "runtime": 7200,
  "no_disc": 1563693,
  "no_test": 5746064,
  "prec": 0.2721328895744983,
  "cpu_time": 111.87904524800001,
  "real_time": 111.88786816596985,
  "partition": {
    "cpu_time": 36.14668684499998,
    "real_time": 36.15471935272217,
    "no_test": 746064,
    "no_disc": 120865,
    "n_regions": 359
  },
  "generation": {
    "cpu_time": 75.73235840300003,
    "real_time": 75.73314881324768,
    "no_test": 5000000,
    "no_disc": 1442828
  },
  "config": {
    "max_depth": 10,
    "min_samples_per_region": 1000,
    "max_samples_per_region": 3000,
    "min_gain": 0.0,
    "gini_weight_mode": "sample",
    "max_split_ratio": 1.0,
    "sampling_risk_focus_alpha": 0.5,
    "sampling_risk_floor": 1e-05,
    "batch_size": 512,
    "disc_phase": "generation",
    "sample_draws": 5000000,
    "random_seed": 4
  }
}