{
  "label": "regionft_a0p5-MLP-Adult-age-d5000000",
  "repeat": 3,
  "method": "regionft_a0p5",
  "model": "MLP",
  "dataset": "Adult",
  "protected": "age",
  "runtime": 7200,
  "no_disc": 2628599,
  "no_test": 7188404,
  "prec": 0.36567212972448404,
  "cpu_time": 517.606156194,
  "real_time": 517.616861820221,
  "partition": {
    "cpu_time": 194.64543730499997,
    "real_time": 194.65003561973572,
    "no_test": 2188404,
    "no_disc": 614532,
    "n_regions": 1021
  },
  "generation": {
    "cpu_time": 322.9607188890001,
    "real_time": 322.96682620048523,
    "no_test": 5000000,
    "no_disc": 2014067
  },
  "config": {
    "max_depth": 10,
    "min_samples_per_region": 1000,
    "max_samples_per_region": 3000,
    "min_gain": 0.0,
    "gini_weight_mode": "sample",
    "max_split_ratio": 1.0,
    "sampling_risk_focus_alpha": 0.5,
    "sampling_risk_floor": 1e-05,
    "batch_size": 512,
    "disc_phase": "generation",
    "sample_draws": 5000000,
    "random_seed": 3
  }
}