{
  "label": "regionft_a0p5-GBDT-Lsac-race-d5000000",
  "repeat": 4,
  "method": "regionft_a0p5",
  "model": "GBDT",
  "dataset": "Lsac",
  "protected": "race",
  "runtime": 7200,
  "no_disc": 1272624,
  "no_test": 7127326,
  "prec": 0.17855560416346888,
  "cpu_time": 254.0215419140004,
  "real_time": 254.0320439338684,
  "partition": {
    "cpu_time": 142.1825339570005,
    "real_time": 142.19215273857117,
    "no_test": 2127326,
    "no_disc": 278297,
    "n_regions": 988
  },
  "generation": {
    "cpu_time": 111.83900795699992,
    "real_time": 111.83989119529724,
    "no_test": 5000000,
    "no_disc": 994327
  },
  "config": {
    "max_depth": 10,
    "min_samples_per_region": 1000,
    "max_samples_per_region": 3000,
    "min_gain": 0.0,
    "gini_weight_mode": "sample",
    "max_split_ratio": 1.0,
    "sampling_risk_focus_alpha": 0.5,
    "sampling_risk_floor": 1e-05,
    "batch_size": 512,
    "disc_phase": "generation",
    "sample_draws": 5000000,
    "random_seed": 4
  }
}