{
  "label": "regionft_a0p5-GBDT-Adult-race-d5000000",
  "repeat": 3,
  "method": "regionft_a0p5",
  "model": "GBDT",
  "dataset": "Adult",
  "protected": "race",
  "runtime": 7200,
  "no_disc": 299738,
  "no_test": 6856022,
  "prec": 0.043718937891389496,
  "cpu_time": 263.1295091420001,
  "real_time": 263.1295862197876,
  "partition": {
    "cpu_time": 114.47084184300002,
    "real_time": 114.47136330604553,
    "no_test": 1856022,
    "no_disc": 100000,
    "n_regions": 897
  },
  "generation": {
    "cpu_time": 148.65866729900006,
    "real_time": 148.65822291374207,
    "no_test": 5000000,
    "no_disc": 199738
  },
  "config": {
    "max_depth": 10,
    "min_samples_per_region": 1000,
    "max_samples_per_region": 3000,
    "min_gain": 0.0,
    "gini_weight_mode": "sample",
    "max_split_ratio": 1.0,
    "sampling_risk_focus_alpha": 0.5,
    "sampling_risk_floor": 1e-05,
    "batch_size": 512,
    "disc_phase": "generation",
    "sample_draws": 5000000,
    "random_seed": 3
  }
}