{
  "label": "regionft_a0p5-MLP-Credit-sex-d5000000",
  "repeat": 1,
  "method": "regionft_a0p5",
  "model": "MLP",
  "dataset": "Credit",
  "protected": "sex",
  "runtime": 7200,
  "no_disc": 596626,
  "no_test": 6883365,
  "prec": 0.08667650197250909,
  "cpu_time": 167.14086458200018,
  "real_time": 167.14381408691406,
  "partition": {
    "cpu_time": 83.8202071400001,
    "real_time": 83.82286930084229,
    "no_test": 1883365,
    "no_disc": 129926,
    "n_regions": 878
  },
  "generation": {
    "cpu_time": 83.32065744200008,
    "real_time": 83.32094478607178,
    "no_test": 5000000,
    "no_disc": 466700
  },
  "config": {
    "max_depth": 10,
    "min_samples_per_region": 1000,
    "max_samples_per_region": 3000,
    "min_gain": 0.0,
    "gini_weight_mode": "sample",
    "max_split_ratio": 1.0,
    "sampling_risk_focus_alpha": 0.5,
    "sampling_risk_floor": 1e-05,
    "batch_size": 512,
    "disc_phase": "generation",
    "sample_draws": 5000000,
    "random_seed": 1
  }
}