{
  "label": "regionft_a0p5-GBDT-Lsac-sex-d5000000",
  "repeat": 2,
  "method": "regionft_a0p5",
  "model": "GBDT",
  "dataset": "Lsac",
  "protected": "sex",
  "runtime": 7200,
  "no_disc": 256950,
  "no_test": 6915669,
  "prec": 0.03715475682829817,
  "cpu_time": 201.75371720199973,
  "real_time": 201.76989245414734,
  "partition": {
    "cpu_time": 115.83460291699976,
    "real_time": 115.84617733955383,
    "no_test": 1915669,
    "no_disc": 93536,
    "n_regions": 908
  },
  "generation": {
    "cpu_time": 85.91911428499998,
    "real_time": 85.9237151145935,
    "no_test": 5000000,
    "no_disc": 163414
  },
  "config": {
    "max_depth": 10,
    "min_samples_per_region": 1000,
    "max_samples_per_region": 3000,
    "min_gain": 0.0,
    "gini_weight_mode": "sample",
    "max_split_ratio": 1.0,
    "sampling_risk_focus_alpha": 0.5,
    "sampling_risk_floor": 1e-05,
    "batch_size": 512,
    "disc_phase": "generation",
    "sample_draws": 5000000,
    "random_seed": 2
  }
}