{
  "label": "regionft_a0p5-MLP-Credit-sex-d5000000",
  "repeat": 4,
  "method": "regionft_a0p5",
  "model": "MLP",
  "dataset": "Credit",
  "protected": "sex",
  "runtime": 7200,
  "no_disc": 569460,
  "no_test": 7061296,
  "prec": 0.08064525265616963,
  "cpu_time": 172.93309510500012,
  "real_time": 172.9361469745636,
  "partition": {
    "cpu_time": 87.80226347400003,
    "real_time": 87.80407357215881,
    "no_test": 2061296,
    "no_disc": 116631,
    "n_regions": 962
  },
  "generation": {
    "cpu_time": 85.13083163100009,
    "real_time": 85.13207340240479,
    "no_test": 5000000,
    "no_disc": 452829
  },
  "config": {
    "max_depth": 10,
    "min_samples_per_region": 1000,
    "max_samples_per_region": 3000,
    "min_gain": 0.0,
    "gini_weight_mode": "sample",
    "max_split_ratio": 1.0,
    "sampling_risk_focus_alpha": 0.5,
    "sampling_risk_floor": 1e-05,
    "batch_size": 512,
    "disc_phase": "generation",
    "sample_draws": 5000000,
    "random_seed": 4
  }
}