{
  "label": "regionft_a0p5-LogReg-Adult-race-d5000000",
  "repeat": 1,
  "method": "regionft_a0p5",
  "model": "LogReg",
  "dataset": "Adult",
  "protected": "race",
  "runtime": 7200,
  "no_disc": 396349,
  "no_test": 6537788,
  "prec": 0.06062432737188786,
  "cpu_time": 202.56320118199983,
  "real_time": 202.56509709358215,
  "partition": {
    "cpu_time": 80.87216164900019,
    "real_time": 80.87384343147278,
    "no_test": 1537788,
    "no_disc": 85991,
    "n_regions": 740
  },
  "generation": {
    "cpu_time": 121.69103953299964,
    "real_time": 121.69125366210938,
    "no_test": 5000000,
    "no_disc": 310358
  },
  "config": {
    "max_depth": 10,
    "min_samples_per_region": 1000,
    "max_samples_per_region": 3000,
    "min_gain": 0.0,
    "gini_weight_mode": "sample",
    "max_split_ratio": 1.0,
    "sampling_risk_focus_alpha": 0.5,
    "sampling_risk_floor": 1e-05,
    "batch_size": 512,
    "disc_phase": "generation",
    "sample_draws": 5000000,
    "random_seed": 1
  }
}