{
  "label": "regionft_a0p5-GBDT-Adult-sex-d5000000",
  "repeat": 4,
  "method": "regionft_a0p5",
  "model": "GBDT",
  "dataset": "Adult",
  "protected": "sex",
  "runtime": 7200,
  "no_disc": 683121,
  "no_test": 6953689,
  "prec": 0.0982386471411074,
  "cpu_time": 189.97746637300008,
  "real_time": 189.99315547943115,
  "partition": {
    "cpu_time": 103.16543491900006,
    "real_time": 103.16674017906189,
    "no_test": 1953689,
    "no_disc": 154994,
    "n_regions": 938
  },
  "generation": {
    "cpu_time": 86.81203145400002,
    "real_time": 86.82641530036926,
    "no_test": 5000000,
    "no_disc": 528127
  },
  "config": {
    "max_depth": 10,
    "min_samples_per_region": 1000,
    "max_samples_per_region": 3000,
    "min_gain": 0.0,
    "gini_weight_mode": "sample",
    "max_split_ratio": 1.0,
    "sampling_risk_focus_alpha": 0.5,
    "sampling_risk_floor": 1e-05,
    "batch_size": 512,
    "disc_phase": "generation",
    "sample_draws": 5000000,
    "random_seed": 4
  }
}