{
  "label": "regionft_a0p5-LogReg-Adult-sex-d5000000",
  "repeat": 1,
  "method": "regionft_a0p5",
  "model": "LogReg",
  "dataset": "Adult",
  "protected": "sex",
  "runtime": 7200,
  "no_disc": 299260,
  "no_test": 6047497,
  "prec": 0.04948493566842613,
  "cpu_time": 111.23900331799996,
  "real_time": 111.24317479133606,
  "partition": {
    "cpu_time": 44.189740448000066,
    "real_time": 44.19349932670593,
    "no_test": 1047497,
    "no_disc": 54529,
    "n_regions": 504
  },
  "generation": {
    "cpu_time": 67.0492628699999,
    "real_time": 67.04967546463013,
    "no_test": 5000000,
    "no_disc": 244731
  },
  "config": {
    "max_depth": 10,
    "min_samples_per_region": 1000,
    "max_samples_per_region": 3000,
    "min_gain": 0.0,
    "gini_weight_mode": "sample",
    "max_split_ratio": 1.0,
    "sampling_risk_focus_alpha": 0.5,
    "sampling_risk_floor": 1e-05,
    "batch_size": 512,
    "disc_phase": "generation",
    "sample_draws": 5000000,
    "random_seed": 1
  }
}