{
  "label": "regionft_a0p5-GBDT-Lsac-race-d5000000",
  "repeat": 3,
  "method": "regionft_a0p5",
  "model": "GBDT",
  "dataset": "Lsac",
  "protected": "race",
  "runtime": 7200,
  "no_disc": 1337783,
  "no_test": 7018879,
  "prec": 0.1905978148362438,
  "cpu_time": 250.14899027199954,
  "real_time": 250.15455150604248,
  "partition": {
    "cpu_time": 136.77500928500012,
    "real_time": 136.77986431121826,
    "no_test": 2018879,
    "no_disc": 317365,
    "n_regions": 939
  },
  "generation": {
    "cpu_time": 113.37398098699941,
    "real_time": 113.37468719482422,
    "no_test": 5000000,
    "no_disc": 1020418
  },
  "config": {
    "max_depth": 10,
    "min_samples_per_region": 1000,
    "max_samples_per_region": 3000,
    "min_gain": 0.0,
    "gini_weight_mode": "sample",
    "max_split_ratio": 1.0,
    "sampling_risk_focus_alpha": 0.5,
    "sampling_risk_floor": 1e-05,
    "batch_size": 512,
    "disc_phase": "generation",
    "sample_draws": 5000000,
    "random_seed": 3
  }
}