{
  "label": "regionft_a0p5-DecTree-Lsac-sex-d5000000",
  "repeat": 2,
  "method": "regionft_a0p5",
  "model": "DecTree",
  "dataset": "Lsac",
  "protected": "sex",
  "runtime": 7200,
  "no_disc": 3287530,
  "no_test": 6316054,
  "prec": 0.5205037828998929,
  "cpu_time": 164.5210205970002,
  "real_time": 164.53379583358765,
  "partition": {
    "cpu_time": 82.44285463400001,
    "real_time": 82.45485973358154,
    "no_test": 1316054,
    "no_disc": 177803,
    "n_regions": 609
  },
  "generation": {
    "cpu_time": 82.07816596300017,
    "real_time": 82.0789361000061,
    "no_test": 5000000,
    "no_disc": 3109727
  },
  "config": {
    "max_depth": 10,
    "min_samples_per_region": 1000,
    "max_samples_per_region": 3000,
    "min_gain": 0.0,
    "gini_weight_mode": "sample",
    "max_split_ratio": 1.0,
    "sampling_risk_focus_alpha": 0.5,
    "sampling_risk_floor": 1e-05,
    "batch_size": 512,
    "disc_phase": "generation",
    "sample_draws": 5000000,
    "random_seed": 2
  }
}