{
  "label": "regionft_a0p5-MLP-Bank-age-d5000000",
  "repeat": 3,
  "method": "regionft_a0p5",
  "model": "MLP",
  "dataset": "Bank",
  "protected": "age",
  "runtime": 7200,
  "no_disc": 1751597,
  "no_test": 7191719,
  "prec": 0.24355748604749436,
  "cpu_time": 506.145125387,
  "real_time": 506.1524043083191,
  "partition": {
    "cpu_time": 202.23198668399982,
    "real_time": 202.2367331981659,
    "no_test": 2191719,
    "no_disc": 380194,
    "n_regions": 1016
  },
  "generation": {
    "cpu_time": 303.9131387030002,
    "real_time": 303.9156711101532,
    "no_test": 5000000,
    "no_disc": 1371403
  },
  "config": {
    "max_depth": 10,
    "min_samples_per_region": 1000,
    "max_samples_per_region": 3000,
    "min_gain": 0.0,
    "gini_weight_mode": "sample",
    "max_split_ratio": 1.0,
    "sampling_risk_focus_alpha": 0.5,
    "sampling_risk_floor": 1e-05,
    "batch_size": 512,
    "disc_phase": "generation",
    "sample_draws": 5000000,
    "random_seed": 3
  }
}