{
  "label": "regionft_a0p5-DecTree-Bank-age-d5000000",
  "repeat": 4,
  "method": "regionft_a0p5",
  "model": "DecTree",
  "dataset": "Bank",
  "protected": "age",
  "runtime": 7200,
  "no_disc": 3302315,
  "no_test": 6374657,
  "prec": 0.5180380685580417,
  "cpu_time": 349.9873850130002,
  "real_time": 350.00279688835144,
  "partition": {
    "cpu_time": 115.91480097700014,
    "real_time": 115.92866659164429,
    "no_test": 1374657,
    "no_disc": 360363,
    "n_regions": 627
  },
  "generation": {
    "cpu_time": 234.07258403600008,
    "real_time": 234.07413029670715,
    "no_test": 5000000,
    "no_disc": 2941952
  },
  "config": {
    "max_depth": 10,
    "min_samples_per_region": 1000,
    "max_samples_per_region": 3000,
    "min_gain": 0.0,
    "gini_weight_mode": "sample",
    "max_split_ratio": 1.0,
    "sampling_risk_focus_alpha": 0.5,
    "sampling_risk_floor": 1e-05,
    "batch_size": 512,
    "disc_phase": "generation",
    "sample_draws": 5000000,
    "random_seed": 4
  }
}