{
  "label": "regionft_a0p5-LogReg-Lsac-sex-d5000000",
  "repeat": 4,
  "method": "regionft_a0p5",
  "model": "LogReg",
  "dataset": "Lsac",
  "protected": "sex",
  "runtime": 7200,
  "no_disc": 202446,
  "no_test": 7050389,
  "prec": 0.02871416031087079,
  "cpu_time": 174.0241588509998,
  "real_time": 174.03053617477417,
  "partition": {
    "cpu_time": 107.52326321400005,
    "real_time": 107.5285861492157,
    "no_test": 2050389,
    "no_disc": 63562,
    "n_regions": 972
  },
  "generation": {
    "cpu_time": 66.50089563699976,
    "real_time": 66.50195002555847,
    "no_test": 5000000,
    "no_disc": 138884
  },
  "config": {
    "max_depth": 10,
    "min_samples_per_region": 1000,
    "max_samples_per_region": 3000,
    "min_gain": 0.0,
    "gini_weight_mode": "sample",
    "max_split_ratio": 1.0,
    "sampling_risk_focus_alpha": 0.5,
    "sampling_risk_floor": 1e-05,
    "batch_size": 512,
    "disc_phase": "generation",
    "sample_draws": 5000000,
    "random_seed": 4
  }
}