{
  "label": "regionft_a0p5-LogReg-Adult-age-d5000000",
  "repeat": 0,
  "method": "regionft_a0p5",
  "model": "LogReg",
  "dataset": "Adult",
  "protected": "age",
  "runtime": 7200,
  "no_disc": 2455254,
  "no_test": 6966199,
  "prec": 0.35245246367495386,
  "cpu_time": 357.0511303090002,
  "real_time": 357.0540602207184,
  "partition": {
    "cpu_time": 138.0799664619999,
    "real_time": 138.08227634429932,
    "no_test": 1966199,
    "no_disc": 509089,
    "n_regions": 946
  },
  "generation": {
    "cpu_time": 218.9711638470003,
    "real_time": 218.97178387641907,
    "no_test": 5000000,
    "no_disc": 1946165
  },
  "config": {
    "max_depth": 10,
    "min_samples_per_region": 1000,
    "max_samples_per_region": 3000,
    "min_gain": 0.0,
    "gini_weight_mode": "sample",
    "max_split_ratio": 1.0,
    "sampling_risk_focus_alpha": 0.5,
    "sampling_risk_floor": 1e-05,
    "batch_size": 512,
    "disc_phase": "generation",
    "sample_draws": 5000000,
    "random_seed": 0
  }
}