{
  "label": "regionft_a0p5-MLP-Adult-age-d5000000",
  "repeat": 2,
  "method": "regionft_a0p5",
  "model": "MLP",
  "dataset": "Adult",
  "protected": "age",
  "runtime": 7200,
  "no_disc": 2688541,
  "no_test": 7172314,
  "prec": 0.37484987411315235,
  "cpu_time": 493.4065417989998,
  "real_time": 493.4170684814453,
  "partition": {
    "cpu_time": 195.86895786599985,
    "real_time": 195.87679767608643,
    "no_test": 2172314,
    "no_disc": 647224,
    "n_regions": 1014
  },
  "generation": {
    "cpu_time": 297.53758393299995,
    "real_time": 297.5402708053589,
    "no_test": 5000000,
    "no_disc": 2041317
  },
  "config": {
    "max_depth": 10,
    "min_samples_per_region": 1000,
    "max_samples_per_region": 3000,
    "min_gain": 0.0,
    "gini_weight_mode": "sample",
    "max_split_ratio": 1.0,
    "sampling_risk_focus_alpha": 0.5,
    "sampling_risk_floor": 1e-05,
    "batch_size": 512,
    "disc_phase": "generation",
    "sample_draws": 5000000,
    "random_seed": 2
  }
}