{
  "label": "regionft_a0p5-GBDT-Lsac-sex-d5000000",
  "repeat": 1,
  "method": "regionft_a0p5",
  "model": "GBDT",
  "dataset": "Lsac",
  "protected": "sex",
  "runtime": 7200,
  "no_disc": 243366,
  "no_test": 7019527,
  "prec": 0.034669857384977645,
  "cpu_time": 200.92972852699995,
  "real_time": 200.9351828098297,
  "partition": {
    "cpu_time": 116.07407697300005,
    "real_time": 116.07904624938965,
    "no_test": 2019527,
    "no_disc": 113154,
    "n_regions": 966
  },
  "generation": {
    "cpu_time": 84.8556515539999,
    "real_time": 84.85613656044006,
    "no_test": 5000000,
    "no_disc": 130212
  },
  "config": {
    "max_depth": 10,
    "min_samples_per_region": 1000,
    "max_samples_per_region": 3000,
    "min_gain": 0.0,
    "gini_weight_mode": "sample",
    "max_split_ratio": 1.0,
    "sampling_risk_focus_alpha": 0.5,
    "sampling_risk_floor": 1e-05,
    "batch_size": 512,
    "disc_phase": "generation",
    "sample_draws": 5000000,
    "random_seed": 1
  }
}