{
  "label": "regionft_a0p5-DecTree-Bank-age-d5000000",
  "repeat": 3,
  "method": "regionft_a0p5",
  "model": "DecTree",
  "dataset": "Bank",
  "protected": "age",
  "runtime": 7200,
  "no_disc": 3368358,
  "no_test": 6297890,
  "prec": 0.5348391286605514,
  "cpu_time": 348.78753690900066,
  "real_time": 348.79350543022156,
  "partition": {
    "cpu_time": 112.69648808200054,
    "real_time": 112.7020652294159,
    "no_test": 1297890,
    "no_disc": 357783,
    "n_regions": 587
  },
  "generation": {
    "cpu_time": 236.09104882700012,
    "real_time": 236.09144020080566,
    "no_test": 5000000,
    "no_disc": 3010575
  },
  "config": {
    "max_depth": 10,
    "min_samples_per_region": 1000,
    "max_samples_per_region": 3000,
    "min_gain": 0.0,
    "gini_weight_mode": "sample",
    "max_split_ratio": 1.0,
    "sampling_risk_focus_alpha": 0.5,
    "sampling_risk_floor": 1e-05,
    "batch_size": 512,
    "disc_phase": "generation",
    "sample_draws": 5000000,
    "random_seed": 3
  }
}