{
  "label": "regionft_a0p5-MLP-Lsac-sex-d5000000",
  "repeat": 0,
  "method": "regionft_a0p5",
  "model": "MLP",
  "dataset": "Lsac",
  "protected": "sex",
  "runtime": 7200,
  "no_disc": 194957,
  "no_test": 7102411,
  "prec": 0.027449411192903367,
  "cpu_time": 187.7491245189999,
  "real_time": 187.75426840782166,
  "partition": {
    "cpu_time": 112.79254750600012,
    "real_time": 112.79740691184998,
    "no_test": 2102411,
    "no_disc": 63248,
    "n_regions": 992
  },
  "generation": {
    "cpu_time": 74.95657701299979,
    "real_time": 74.95686149597168,
    "no_test": 5000000,
    "no_disc": 131709
  },
  "config": {
    "max_depth": 10,
    "min_samples_per_region": 1000,
    "max_samples_per_region": 3000,
    "min_gain": 0.0,
    "gini_weight_mode": "sample",
    "max_split_ratio": 1.0,
    "sampling_risk_focus_alpha": 0.5,
    "sampling_risk_floor": 1e-05,
    "batch_size": 512,
    "disc_phase": "generation",
    "sample_draws": 5000000,
    "random_seed": 0
  }
}