{
  "label": "regionft_a0p5-GBDT-Bank-age-d5000000",
  "repeat": 3,
  "method": "regionft_a0p5",
  "model": "GBDT",
  "dataset": "Bank",
  "protected": "age",
  "runtime": 7200,
  "no_disc": 2788429,
  "no_test": 6963671,
  "prec": 0.40042514932138523,
  "cpu_time": 458.45816674499997,
  "real_time": 458.46360325813293,
  "partition": {
    "cpu_time": 182.32467699500012,
    "real_time": 182.3310420513153,
    "no_test": 1963671,
    "no_disc": 475215,
    "n_regions": 913
  },
  "generation": {
    "cpu_time": 276.13348974999985,
    "real_time": 276.1325612068176,
    "no_test": 5000000,
    "no_disc": 2313214
  },
  "config": {
    "max_depth": 10,
    "min_samples_per_region": 1000,
    "max_samples_per_region": 3000,
    "min_gain": 0.0,
    "gini_weight_mode": "sample",
    "max_split_ratio": 1.0,
    "sampling_risk_focus_alpha": 0.5,
    "sampling_risk_floor": 1e-05,
    "batch_size": 512,
    "disc_phase": "generation",
    "sample_draws": 5000000,
    "random_seed": 3
  }
}