{
  "label": "regionft_a0p5-DecTree-Credit-age-d5000000",
  "repeat": 3,
  "method": "regionft_a0p5",
  "model": "DecTree",
  "dataset": "Credit",
  "protected": "age",
  "runtime": 7200,
  "no_disc": 4848293,
  "no_test": 5258954,
  "prec": 0.9219120380212491,
  "cpu_time": 229.80354494099993,
  "real_time": 229.8105432987213,
  "partition": {
    "cpu_time": 21.572176007000053,
    "real_time": 21.577373504638672,
    "no_test": 258954,
    "no_disc": 146995,
    "n_regions": 120
  },
  "generation": {
    "cpu_time": 208.23136893399987,
    "real_time": 208.23316979408264,
    "no_test": 5000000,
    "no_disc": 4701298
  },
  "config": {
    "max_depth": 10,
    "min_samples_per_region": 1000,
    "max_samples_per_region": 3000,
    "min_gain": 0.0,
    "gini_weight_mode": "sample",
    "max_split_ratio": 1.0,
    "sampling_risk_focus_alpha": 0.5,
    "sampling_risk_floor": 1e-05,
    "batch_size": 512,
    "disc_phase": "generation",
    "sample_draws": 5000000,
    "random_seed": 3
  }
}