{
  "label": "regionft_a0p5-GBDT-Lsac-race-d5000000",
  "repeat": 0,
  "method": "regionft_a0p5",
  "model": "GBDT",
  "dataset": "Lsac",
  "protected": "race",
  "runtime": 7200,
  "no_disc": 1306822,
  "no_test": 7129263,
  "prec": 0.1833039403932777,
  "cpu_time": 253.51008278100016,
  "real_time": 253.51528525352478,
  "partition": {
    "cpu_time": 141.21412204300032,
    "real_time": 141.21878576278687,
    "no_test": 2129263,
    "no_disc": 328571,
    "n_regions": 993
  },
  "generation": {
    "cpu_time": 112.29596073799985,
    "real_time": 112.29649949073792,
    "no_test": 5000000,
    "no_disc": 978251
  },
  "config": {
    "max_depth": 10,
    "min_samples_per_region": 1000,
    "max_samples_per_region": 3000,
    "min_gain": 0.0,
    "gini_weight_mode": "sample",
    "max_split_ratio": 1.0,
    "sampling_risk_focus_alpha": 0.5,
    "sampling_risk_floor": 1e-05,
    "batch_size": 512,
    "disc_phase": "generation",
    "sample_draws": 5000000,
    "random_seed": 0
  }
}