{
  "label": "regionft_a0p5-LogReg-Adult-age-d5000000",
  "repeat": 3,
  "method": "regionft_a0p5",
  "model": "LogReg",
  "dataset": "Adult",
  "protected": "age",
  "runtime": 7200,
  "no_disc": 2737397,
  "no_test": 6941069,
  "prec": 0.39437686039427067,
  "cpu_time": 361.36612459299977,
  "real_time": 361.36964678764343,
  "partition": {
    "cpu_time": 137.56902118000016,
    "real_time": 137.57152128219604,
    "no_test": 1941069,
    "no_disc": 547826,
    "n_regions": 934
  },
  "generation": {
    "cpu_time": 223.7971034129996,
    "real_time": 223.7981255054474,
    "no_test": 5000000,
    "no_disc": 2189571
  },
  "config": {
    "max_depth": 10,
    "min_samples_per_region": 1000,
    "max_samples_per_region": 3000,
    "min_gain": 0.0,
    "gini_weight_mode": "sample",
    "max_split_ratio": 1.0,
    "sampling_risk_focus_alpha": 0.5,
    "sampling_risk_floor": 1e-05,
    "batch_size": 512,
    "disc_phase": "generation",
    "sample_draws": 5000000,
    "random_seed": 3
  }
}