{
  "label": "regionft_a0p5-MLP-Lsac-race-d5000000",
  "repeat": 4,
  "method": "regionft_a0p5",
  "model": "MLP",
  "dataset": "Lsac",
  "protected": "race",
  "runtime": 7200,
  "no_disc": 510651,
  "no_test": 7161918,
  "prec": 0.07130087219652613,
  "cpu_time": 220.17858788400008,
  "real_time": 220.18393182754517,
  "partition": {
    "cpu_time": 125.00062220400014,
    "real_time": 125.00500011444092,
    "no_test": 2161918,
    "no_disc": 130198,
    "n_regions": 1006
  },
  "generation": {
    "cpu_time": 95.17796567999994,
    "real_time": 95.17893171310425,
    "no_test": 5000000,
    "no_disc": 380453
  },
  "config": {
    "max_depth": 10,
    "min_samples_per_region": 1000,
    "max_samples_per_region": 3000,
    "min_gain": 0.0,
    "gini_weight_mode": "sample",
    "max_split_ratio": 1.0,
    "sampling_risk_focus_alpha": 0.5,
    "sampling_risk_floor": 1e-05,
    "batch_size": 512,
    "disc_phase": "generation",
    "sample_draws": 5000000,
    "random_seed": 4
  }
}