{
  "label": "regionft_a0p5-LogReg-Lsac-race-d5000000",
  "repeat": 2,
  "method": "regionft_a0p5",
  "model": "LogReg",
  "dataset": "Lsac",
  "protected": "race",
  "runtime": 7200,
  "no_disc": 863075,
  "no_test": 7036554,
  "prec": 0.1226559193605279,
  "cpu_time": 203.27212719399995,
  "real_time": 203.2741186618805,
  "partition": {
    "cpu_time": 119.03741948499999,
    "real_time": 119.03883790969849,
    "no_test": 2036554,
    "no_disc": 209206,
    "n_regions": 953
  },
  "generation": {
    "cpu_time": 84.23470770899996,
    "real_time": 84.235280752182,
    "no_test": 5000000,
    "no_disc": 653869
  },
  "config": {
    "max_depth": 10,
    "min_samples_per_region": 1000,
    "max_samples_per_region": 3000,
    "min_gain": 0.0,
    "gini_weight_mode": "sample",
    "max_split_ratio": 1.0,
    "sampling_risk_focus_alpha": 0.5,
    "sampling_risk_floor": 1e-05,
    "batch_size": 512,
    "disc_phase": "generation",
    "sample_draws": 5000000,
    "random_seed": 2
  }
}