{
  "label": "regionft_a0p5-GBDT-Credit-age-d5000000",
  "repeat": 4,
  "method": "regionft_a0p5",
  "model": "GBDT",
  "dataset": "Credit",
  "protected": "age",
  "runtime": 7200,
  "no_disc": 1389796,
  "no_test": 7154123,
  "prec": 0.1942650412915741,
  "cpu_time": 376.5574522849993,
  "real_time": 376.58142590522766,
  "partition": {
    "cpu_time": 163.66994977899958,
    "real_time": 163.68113923072815,
    "no_test": 2154123,
    "no_disc": 364743,
    "n_regions": 997
  },
  "generation": {
    "cpu_time": 212.8875025059997,
    "real_time": 212.9002866744995,
    "no_test": 5000000,
    "no_disc": 1025053
  },
  "config": {
    "max_depth": 10,
    "min_samples_per_region": 1000,
    "max_samples_per_region": 3000,
    "min_gain": 0.0,
    "gini_weight_mode": "sample",
    "max_split_ratio": 1.0,
    "sampling_risk_focus_alpha": 0.5,
    "sampling_risk_floor": 1e-05,
    "batch_size": 512,
    "disc_phase": "generation",
    "sample_draws": 5000000,
    "random_seed": 4
  }
}