{
  "label": "regionft_a0p5-LogReg-Credit-age-d5000000",
  "repeat": 2,
  "method": "regionft_a0p5",
  "model": "LogReg",
  "dataset": "Credit",
  "protected": "age",
  "runtime": 7200,
  "no_disc": 1295635,
  "no_test": 7216904,
  "prec": 0.17952781414301755,
  "cpu_time": 337.77693624899985,
  "real_time": 337.78875637054443,
  "partition": {
    "cpu_time": 148.52805824799998,
    "real_time": 148.53945136070251,
    "no_test": 2216904,
    "no_disc": 307193,
    "n_regions": 1022
  },
  "generation": {
    "cpu_time": 189.24887800099987,
    "real_time": 189.24930500984192,
    "no_test": 5000000,
    "no_disc": 988442
  },
  "config": {
    "max_depth": 10,
    "min_samples_per_region": 1000,
    "max_samples_per_region": 3000,
    "min_gain": 0.0,
    "gini_weight_mode": "sample",
    "max_split_ratio": 1.0,
    "sampling_risk_focus_alpha": 0.5,
    "sampling_risk_floor": 1e-05,
    "batch_size": 512,
    "disc_phase": "generation",
    "sample_draws": 5000000,
    "random_seed": 2
  }
}