{
  "label": "regionft_a0p5-DecTree-Adult-sex-d5000000",
  "repeat": 1,
  "method": "regionft_a0p5",
  "model": "DecTree",
  "dataset": "Adult",
  "protected": "sex",
  "runtime": 7200,
  "no_disc": 1490372,
  "no_test": 5391368,
  "prec": 0.27643670400536563,
  "cpu_time": 96.92547604499998,
  "real_time": 96.92578554153442,
  "partition": {
    "cpu_time": 19.293112038999993,
    "real_time": 19.294246673583984,
    "no_test": 391368,
    "no_disc": 56993,
    "n_regions": 187
  },
  "generation": {
    "cpu_time": 77.63236400599999,
    "real_time": 77.63153886795044,
    "no_test": 5000000,
    "no_disc": 1433379
  },
  "config": {
    "max_depth": 10,
    "min_samples_per_region": 1000,
    "max_samples_per_region": 3000,
    "min_gain": 0.0,
    "gini_weight_mode": "sample",
    "max_split_ratio": 1.0,
    "sampling_risk_focus_alpha": 0.5,
    "sampling_risk_floor": 1e-05,
    "batch_size": 512,
    "disc_phase": "generation",
    "sample_draws": 5000000,
    "random_seed": 1
  }
}