{
  "label": "regionft_a0p5-MLP-Adult-sex-d5000000",
  "repeat": 2,
  "method": "regionft_a0p5",
  "model": "MLP",
  "dataset": "Adult",
  "protected": "sex",
  "runtime": 7200,
  "no_disc": 190537,
  "no_test": 6856021,
  "prec": 0.027791192588237406,
  "cpu_time": 177.7310658450001,
  "real_time": 177.73560500144958,
  "partition": {
    "cpu_time": 84.75362300400002,
    "real_time": 84.7572672367096,
    "no_test": 1856021,
    "no_disc": 57632,
    "n_regions": 881
  },
  "generation": {
    "cpu_time": 92.97744284100008,
    "real_time": 92.97833776473999,
    "no_test": 5000000,
    "no_disc": 132905
  },
  "config": {
    "max_depth": 10,
    "min_samples_per_region": 1000,
    "max_samples_per_region": 3000,
    "min_gain": 0.0,
    "gini_weight_mode": "sample",
    "max_split_ratio": 1.0,
    "sampling_risk_focus_alpha": 0.5,
    "sampling_risk_floor": 1e-05,
    "batch_size": 512,
    "disc_phase": "generation",
    "sample_draws": 5000000,
    "random_seed": 2
  }
}