{
  "label": "regionft_a0p5-LogReg-Lsac-sex-d5000000",
  "repeat": 0,
  "method": "regionft_a0p5",
  "model": "LogReg",
  "dataset": "Lsac",
  "protected": "sex",
  "runtime": 7200,
  "no_disc": 222909,
  "no_test": 7012830,
  "prec": 0.031785883872844485,
  "cpu_time": 177.16125351799974,
  "real_time": 177.16500663757324,
  "partition": {
    "cpu_time": 108.6270490490001,
    "real_time": 108.6301703453064,
    "no_test": 2012830,
    "no_disc": 70061,
    "n_regions": 950
  },
  "generation": {
    "cpu_time": 68.53420446899963,
    "real_time": 68.53483629226685,
    "no_test": 5000000,
    "no_disc": 152848
  },
  "config": {
    "max_depth": 10,
    "min_samples_per_region": 1000,
    "max_samples_per_region": 3000,
    "min_gain": 0.0,
    "gini_weight_mode": "sample",
    "max_split_ratio": 1.0,
    "sampling_risk_focus_alpha": 0.5,
    "sampling_risk_floor": 1e-05,
    "batch_size": 512,
    "disc_phase": "generation",
    "sample_draws": 5000000,
    "random_seed": 0
  }
}