{
  "label": "regionft_a0p5-DecTree-Lsac-sex-d5000000",
  "repeat": 1,
  "method": "regionft_a0p5",
  "model": "DecTree",
  "dataset": "Lsac",
  "protected": "sex",
  "runtime": 7200,
  "no_disc": 2998530,
  "no_test": 6307926,
  "prec": 0.4753590958422784,
  "cpu_time": 165.15528119500004,
  "real_time": 165.17021775245667,
  "partition": {
    "cpu_time": 80.71335920699994,
    "real_time": 80.72774863243103,
    "no_test": 1307926,
    "no_disc": 193728,
    "n_regions": 606
  },
  "generation": {
    "cpu_time": 84.4419219880001,
    "real_time": 84.44246912002563,
    "no_test": 5000000,
    "no_disc": 2804802
  },
  "config": {
    "max_depth": 10,
    "min_samples_per_region": 1000,
    "max_samples_per_region": 3000,
    "min_gain": 0.0,
    "gini_weight_mode": "sample",
    "max_split_ratio": 1.0,
    "sampling_risk_focus_alpha": 0.5,
    "sampling_risk_floor": 1e-05,
    "batch_size": 512,
    "disc_phase": "generation",
    "sample_draws": 5000000,
    "random_seed": 1
  }
}