{
  "label": "regionft_a0p5-LogReg-Bank-age-d5000000",
  "repeat": 0,
  "method": "regionft_a0p5",
  "model": "LogReg",
  "dataset": "Bank",
  "protected": "age",
  "runtime": 7200,
  "no_disc": 488891,
  "no_test": 6868687,
  "prec": 0.07117677658044398,
  "cpu_time": 368.71375568999974,
  "real_time": 368.71812748908997,
  "partition": {
    "cpu_time": 149.10543991299983,
    "real_time": 149.1080527305603,
    "no_test": 1868687,
    "no_disc": 102254,
    "n_regions": 889
  },
  "generation": {
    "cpu_time": 219.60831577699992,
    "real_time": 219.61007475852966,
    "no_test": 5000000,
    "no_disc": 386637
  },
  "config": {
    "max_depth": 10,
    "min_samples_per_region": 1000,
    "max_samples_per_region": 3000,
    "min_gain": 0.0,
    "gini_weight_mode": "sample",
    "max_split_ratio": 1.0,
    "sampling_risk_focus_alpha": 0.5,
    "sampling_risk_floor": 1e-05,
    "batch_size": 512,
    "disc_phase": "generation",
    "sample_draws": 5000000,
    "random_seed": 0
  }
}