{
  "label": "regionft_a0p5-GBDT-Adult-race-d5000000",
  "repeat": 0,
  "method": "regionft_a0p5",
  "model": "GBDT",
  "dataset": "Adult",
  "protected": "race",
  "runtime": 7200,
  "no_disc": 299913,
  "no_test": 6782033,
  "prec": 0.04422169576585664,
  "cpu_time": 269.2392491589999,
  "real_time": 269.2377576828003,
  "partition": {
    "cpu_time": 115.30745844800003,
    "real_time": 115.30702662467957,
    "no_test": 1782033,
    "no_disc": 80170,
    "n_regions": 853
  },
  "generation": {
    "cpu_time": 153.93179071099985,
    "real_time": 153.93073105812073,
    "no_test": 5000000,
    "no_disc": 219743
  },
  "config": {
    "max_depth": 10,
    "min_samples_per_region": 1000,
    "max_samples_per_region": 3000,
    "min_gain": 0.0,
    "gini_weight_mode": "sample",
    "max_split_ratio": 1.0,
    "sampling_risk_focus_alpha": 0.5,
    "sampling_risk_floor": 1e-05,
    "batch_size": 512,
    "disc_phase": "generation",
    "sample_draws": 5000000,
    "random_seed": 0
  }
}