{
  "label": "regionft_a0p5-LogReg-Lsac-sex-d5000000",
  "repeat": 2,
  "method": "regionft_a0p5",
  "model": "LogReg",
  "dataset": "Lsac",
  "protected": "sex",
  "runtime": 7200,
  "no_disc": 233236,
  "no_test": 6946868,
  "prec": 0.03357426684946367,
  "cpu_time": 172.45752383799982,
  "real_time": 172.46158242225647,
  "partition": {
    "cpu_time": 103.84134340599985,
    "real_time": 103.84513664245605,
    "no_test": 1946868,
    "no_disc": 66163,
    "n_regions": 923
  },
  "generation": {
    "cpu_time": 68.61618043199996,
    "real_time": 68.61644577980042,
    "no_test": 5000000,
    "no_disc": 167073
  },
  "config": {
    "max_depth": 10,
    "min_samples_per_region": 1000,
    "max_samples_per_region": 3000,
    "min_gain": 0.0,
    "gini_weight_mode": "sample",
    "max_split_ratio": 1.0,
    "sampling_risk_focus_alpha": 0.5,
    "sampling_risk_floor": 1e-05,
    "batch_size": 512,
    "disc_phase": "generation",
    "sample_draws": 5000000,
    "random_seed": 2
  }
}