{
  "label": "regionft_a0p5-DecTree-Lsac-race-d5000000",
  "repeat": 3,
  "method": "regionft_a0p5",
  "model": "DecTree",
  "dataset": "Lsac",
  "protected": "race",
  "runtime": 7200,
  "no_disc": 3380250,
  "no_test": 5851876,
  "prec": 0.5776352745683606,
  "cpu_time": 161.88614886200003,
  "real_time": 161.88823056221008,
  "partition": {
    "cpu_time": 58.957245426999634,
    "real_time": 58.95820951461792,
    "no_test": 851876,
    "no_disc": 122382,
    "n_regions": 392
  },
  "generation": {
    "cpu_time": 102.9289034350004,
    "real_time": 102.93002104759216,
    "no_test": 5000000,
    "no_disc": 3257868
  },
  "config": {
    "max_depth": 10,
    "min_samples_per_region": 1000,
    "max_samples_per_region": 3000,
    "min_gain": 0.0,
    "gini_weight_mode": "sample",
    "max_split_ratio": 1.0,
    "sampling_risk_focus_alpha": 0.5,
    "sampling_risk_floor": 1e-05,
    "batch_size": 512,
    "disc_phase": "generation",
    "sample_draws": 5000000,
    "random_seed": 3
  }
}