{
  "label": "regionft_a0p5-MLP-Credit-age-d5000000",
  "repeat": 0,
  "method": "regionft_a0p5",
  "model": "MLP",
  "dataset": "Credit",
  "protected": "age",
  "runtime": 7200,
  "no_disc": 1232629,
  "no_test": 7125052,
  "prec": 0.172999298812135,
  "cpu_time": 357.12923838999995,
  "real_time": 357.1560070514679,
  "partition": {
    "cpu_time": 141.6855051450002,
    "real_time": 141.70185232162476,
    "no_test": 2125052,
    "no_disc": 223084,
    "n_regions": 988
  },
  "generation": {
    "cpu_time": 215.44373324499975,
    "real_time": 215.45415472984314,
    "no_test": 5000000,
    "no_disc": 1009545
  },
  "config": {
    "max_depth": 10,
    "min_samples_per_region": 1000,
    "max_samples_per_region": 3000,
    "min_gain": 0.0,
    "gini_weight_mode": "sample",
    "max_split_ratio": 1.0,
    "sampling_risk_focus_alpha": 0.5,
    "sampling_risk_floor": 1e-05,
    "batch_size": 512,
    "disc_phase": "generation",
    "sample_draws": 5000000,
    "random_seed": 0
  }
}