{
  "label": "regionft_a0p5-LogReg-Adult-race-d5000000",
  "repeat": 4,
  "method": "regionft_a0p5",
  "model": "LogReg",
  "dataset": "Adult",
  "protected": "race",
  "runtime": 7200,
  "no_disc": 417022,
  "no_test": 6569582,
  "prec": 0.06347770680082843,
  "cpu_time": 200.83112549499992,
  "real_time": 200.83413863182068,
  "partition": {
    "cpu_time": 81.17719422900018,
    "real_time": 81.17955827713013,
    "no_test": 1569582,
    "no_disc": 97658,
    "n_regions": 755
  },
  "generation": {
    "cpu_time": 119.65393126599974,
    "real_time": 119.65458035469055,
    "no_test": 5000000,
    "no_disc": 319364
  },
  "config": {
    "max_depth": 10,
    "min_samples_per_region": 1000,
    "max_samples_per_region": 3000,
    "min_gain": 0.0,
    "gini_weight_mode": "sample",
    "max_split_ratio": 1.0,
    "sampling_risk_focus_alpha": 0.5,
    "sampling_risk_floor": 1e-05,
    "batch_size": 512,
    "disc_phase": "generation",
    "sample_draws": 5000000,
    "random_seed": 4
  }
}