{
  "label": "regionft_a0p5-GBDT-Lsac-race-d5000000",
  "repeat": 2,
  "method": "regionft_a0p5",
  "model": "GBDT",
  "dataset": "Lsac",
  "protected": "race",
  "runtime": 7200,
  "no_disc": 1303645,
  "no_test": 7065098,
  "prec": 0.18451902577996795,
  "cpu_time": 248.05106215000023,
  "real_time": 248.0583939552307,
  "partition": {
    "cpu_time": 137.86951842000008,
    "real_time": 137.8761374950409,
    "no_test": 2065098,
    "no_disc": 319048,
    "n_regions": 963
  },
  "generation": {
    "cpu_time": 110.18154373000016,
    "real_time": 110.18225646018982,
    "no_test": 5000000,
    "no_disc": 984597
  },
  "config": {
    "max_depth": 10,
    "min_samples_per_region": 1000,
    "max_samples_per_region": 3000,
    "min_gain": 0.0,
    "gini_weight_mode": "sample",
    "max_split_ratio": 1.0,
    "sampling_risk_focus_alpha": 0.5,
    "sampling_risk_floor": 1e-05,
    "batch_size": 512,
    "disc_phase": "generation",
    "sample_draws": 5000000,
    "random_seed": 2
  }
}