{
  "label": "regionft_a0p5-DecTree-Bank-age-d5000000",
  "repeat": 2,
  "method": "regionft_a0p5",
  "model": "DecTree",
  "dataset": "Bank",
  "protected": "age",
  "runtime": 7200,
  "no_disc": 3426388,
  "no_test": 6418319,
  "prec": 0.5338450768807222,
  "cpu_time": 352.5014224350007,
  "real_time": 352.5038855075836,
  "partition": {
    "cpu_time": 119.43593831900034,
    "real_time": 119.43786764144897,
    "no_test": 1418319,
    "no_disc": 401277,
    "n_regions": 646
  },
  "generation": {
    "cpu_time": 233.06548411600033,
    "real_time": 233.06601786613464,
    "no_test": 5000000,
    "no_disc": 3025111
  },
  "config": {
    "max_depth": 10,
    "min_samples_per_region": 1000,
    "max_samples_per_region": 3000,
    "min_gain": 0.0,
    "gini_weight_mode": "sample",
    "max_split_ratio": 1.0,
    "sampling_risk_focus_alpha": 0.5,
    "sampling_risk_floor": 1e-05,
    "batch_size": 512,
    "disc_phase": "generation",
    "sample_draws": 5000000,
    "random_seed": 2
  }
}