{
  "label": "regionft_a0p5-LogReg-Adult-age-d5000000",
  "repeat": 2,
  "method": "regionft_a0p5",
  "model": "LogReg",
  "dataset": "Adult",
  "protected": "age",
  "runtime": 7200,
  "no_disc": 2640348,
  "no_test": 7011379,
  "prec": 0.37658041306852763,
  "cpu_time": 368.43825947000005,
  "real_time": 368.4438056945801,
  "partition": {
    "cpu_time": 142.89552043499998,
    "real_time": 142.8993637561798,
    "no_test": 2011379,
    "no_disc": 553624,
    "n_regions": 967
  },
  "generation": {
    "cpu_time": 225.54273903500007,
    "real_time": 225.54444193840027,
    "no_test": 5000000,
    "no_disc": 2086724
  },
  "config": {
    "max_depth": 10,
    "min_samples_per_region": 1000,
    "max_samples_per_region": 3000,
    "min_gain": 0.0,
    "gini_weight_mode": "sample",
    "max_split_ratio": 1.0,
    "sampling_risk_focus_alpha": 0.5,
    "sampling_risk_floor": 1e-05,
    "batch_size": 512,
    "disc_phase": "generation",
    "sample_draws": 5000000,
    "random_seed": 2
  }
}