{
  "label": "regionft_a0p5-LogReg-Credit-age-d5000000",
  "repeat": 4,
  "method": "regionft_a0p5",
  "model": "LogReg",
  "dataset": "Credit",
  "protected": "age",
  "runtime": 7200,
  "no_disc": 1294275,
  "no_test": 7194141,
  "prec": 0.17990681583805487,
  "cpu_time": 338.406609571,
  "real_time": 338.40954303741455,
  "partition": {
    "cpu_time": 146.96566891700013,
    "real_time": 146.96784448623657,
    "no_test": 2194141,
    "no_disc": 315650,
    "n_regions": 1012
  },
  "generation": {
    "cpu_time": 191.44094065399986,
    "real_time": 191.44169855117798,
    "no_test": 5000000,
    "no_disc": 978625
  },
  "config": {
    "max_depth": 10,
    "min_samples_per_region": 1000,
    "max_samples_per_region": 3000,
    "min_gain": 0.0,
    "gini_weight_mode": "sample",
    "max_split_ratio": 1.0,
    "sampling_risk_focus_alpha": 0.5,
    "sampling_risk_floor": 1e-05,
    "batch_size": 512,
    "disc_phase": "generation",
    "sample_draws": 5000000,
    "random_seed": 4
  }
}