{
  "label": "regionft_a0p5-LogReg-Credit-sex-d5000000",
  "repeat": 4,
  "method": "regionft_a0p5",
  "model": "LogReg",
  "dataset": "Credit",
  "protected": "sex",
  "runtime": 7200,
  "no_disc": 523041,
  "no_test": 7153850,
  "prec": 0.073113218756334,
  "cpu_time": 170.06102261600017,
  "real_time": 170.06717681884766,
  "partition": {
    "cpu_time": 94.28383766500019,
    "real_time": 94.28994989395142,
    "no_test": 2153850,
    "no_disc": 132963,
    "n_regions": 999
  },
  "generation": {
    "cpu_time": 75.77718495099998,
    "real_time": 75.77722692489624,
    "no_test": 5000000,
    "no_disc": 390078
  },
  "config": {
    "max_depth": 10,
    "min_samples_per_region": 1000,
    "max_samples_per_region": 3000,
    "min_gain": 0.0,
    "gini_weight_mode": "sample",
    "max_split_ratio": 1.0,
    "sampling_risk_focus_alpha": 0.5,
    "sampling_risk_floor": 1e-05,
    "batch_size": 512,
    "disc_phase": "generation",
    "sample_draws": 5000000,
    "random_seed": 4
  }
}