{
  "label": "regionft_a0p5-LogReg-Credit-sex-d5000000",
  "repeat": 3,
  "method": "regionft_a0p5",
  "model": "LogReg",
  "dataset": "Credit",
  "protected": "sex",
  "runtime": 7200,
  "no_disc": 537388,
  "no_test": 7144930,
  "prec": 0.07521249333443435,
  "cpu_time": 171.38297430000011,
  "real_time": 171.39300870895386,
  "partition": {
    "cpu_time": 94.79328278499997,
    "real_time": 94.80299139022827,
    "no_test": 2144930,
    "no_disc": 128348,
    "n_regions": 994
  },
  "generation": {
    "cpu_time": 76.58969151500014,
    "real_time": 76.59001731872559,
    "no_test": 5000000,
    "no_disc": 409040
  },
  "config": {
    "max_depth": 10,
    "min_samples_per_region": 1000,
    "max_samples_per_region": 3000,
    "min_gain": 0.0,
    "gini_weight_mode": "sample",
    "max_split_ratio": 1.0,
    "sampling_risk_focus_alpha": 0.5,
    "sampling_risk_floor": 1e-05,
    "batch_size": 512,
    "disc_phase": "generation",
    "sample_draws": 5000000,
    "random_seed": 3
  }
}