{
  "label": "regionft_a0p5-DecTree-Lsac-race-d5000000",
  "repeat": 1,
  "method": "regionft_a0p5",
  "model": "DecTree",
  "dataset": "Lsac",
  "protected": "race",
  "runtime": 7200,
  "no_disc": 3163245,
  "no_test": 5999669,
  "prec": 0.527236585884988,
  "cpu_time": 169.31745633900027,
  "real_time": 169.32411241531372,
  "partition": {
    "cpu_time": 66.4206220189999,
    "real_time": 66.4233627319336,
    "no_test": 999669,
    "no_disc": 156034,
    "n_regions": 463
  },
  "generation": {
    "cpu_time": 102.89683432000038,
    "real_time": 102.90074968338013,
    "no_test": 5000000,
    "no_disc": 3007211
  },
  "config": {
    "max_depth": 10,
    "min_samples_per_region": 1000,
    "max_samples_per_region": 3000,
    "min_gain": 0.0,
    "gini_weight_mode": "sample",
    "max_split_ratio": 1.0,
    "sampling_risk_focus_alpha": 0.5,
    "sampling_risk_floor": 1e-05,
    "batch_size": 512,
    "disc_phase": "generation",
    "sample_draws": 5000000,
    "random_seed": 1
  }
}