{
  "label": "regionft_a0p5-DecTree-Lsac-sex-d5000000",
  "repeat": 4,
  "method": "regionft_a0p5",
  "model": "DecTree",
  "dataset": "Lsac",
  "protected": "sex",
  "runtime": 7200,
  "no_disc": 3411228,
  "no_test": 6473023,
  "prec": 0.5269914845042263,
  "cpu_time": 173.08175694500005,
  "real_time": 173.08374428749084,
  "partition": {
    "cpu_time": 89.67255045499996,
    "real_time": 89.67419195175171,
    "no_test": 1473023,
    "no_disc": 206987,
    "n_regions": 684
  },
  "generation": {
    "cpu_time": 83.40920649000009,
    "real_time": 83.40955233573914,
    "no_test": 5000000,
    "no_disc": 3204241
  },
  "config": {
    "max_depth": 10,
    "min_samples_per_region": 1000,
    "max_samples_per_region": 3000,
    "min_gain": 0.0,
    "gini_weight_mode": "sample",
    "max_split_ratio": 1.0,
    "sampling_risk_focus_alpha": 0.5,
    "sampling_risk_floor": 1e-05,
    "batch_size": 512,
    "disc_phase": "generation",
    "sample_draws": 5000000,
    "random_seed": 4
  }
}