{
  "label": "regionft_a0p5-GBDT-Credit-sex-d5000000",
  "repeat": 4,
  "method": "regionft_a0p5",
  "model": "GBDT",
  "dataset": "Credit",
  "protected": "sex",
  "runtime": 7200,
  "no_disc": 548896,
  "no_test": 6920298,
  "prec": 0.07931681554753856,
  "cpu_time": 175.7174697270001,
  "real_time": 175.72387170791626,
  "partition": {
    "cpu_time": 82.00633333300004,
    "real_time": 82.01195883750916,
    "no_test": 1920298,
    "no_disc": 128296,
    "n_regions": 918
  },
  "generation": {
    "cpu_time": 93.71113639400005,
    "real_time": 93.7119128704071,
    "no_test": 5000000,
    "no_disc": 420600
  },
  "config": {
    "max_depth": 10,
    "min_samples_per_region": 1000,
    "max_samples_per_region": 3000,
    "min_gain": 0.0,
    "gini_weight_mode": "sample",
    "max_split_ratio": 1.0,
    "sampling_risk_focus_alpha": 0.5,
    "sampling_risk_floor": 1e-05,
    "batch_size": 512,
    "disc_phase": "generation",
    "sample_draws": 5000000,
    "random_seed": 4
  }
}