{
  "label": "regionft_a0p5-MLP-Adult-age-d5000000",
  "repeat": 0,
  "method": "regionft_a0p5",
  "model": "MLP",
  "dataset": "Adult",
  "protected": "age",
  "runtime": 7200,
  "no_disc": 2688374,
  "no_test": 7125850,
  "prec": 0.37727064139716665,
  "cpu_time": 524.8165543950001,
  "real_time": 524.830052614212,
  "partition": {
    "cpu_time": 193.20724154800007,
    "real_time": 193.21719884872437,
    "no_test": 2125850,
    "no_disc": 643039,
    "n_regions": 993
  },
  "generation": {
    "cpu_time": 331.60931284700007,
    "real_time": 331.61285376548767,
    "no_test": 5000000,
    "no_disc": 2045335
  },
  "config": {
    "max_depth": 10,
    "min_samples_per_region": 1000,
    "max_samples_per_region": 3000,
    "min_gain": 0.0,
    "gini_weight_mode": "sample",
    "max_split_ratio": 1.0,
    "sampling_risk_focus_alpha": 0.5,
    "sampling_risk_floor": 1e-05,
    "batch_size": 512,
    "disc_phase": "generation",
    "sample_draws": 5000000,
    "random_seed": 0
  }
}