{
  "label": "regionft_a0p5-DecTree-Adult-sex-d5000000",
  "repeat": 3,
  "method": "regionft_a0p5",
  "model": "DecTree",
  "dataset": "Adult",
  "protected": "sex",
  "runtime": 7200,
  "no_disc": 1490985,
  "no_test": 5429334,
  "prec": 0.2746165551796961,
  "cpu_time": 96.47240431499995,
  "real_time": 96.4721794128418,
  "partition": {
    "cpu_time": 20.764743288999966,
    "real_time": 20.76505994796753,
    "no_test": 429334,
    "no_disc": 63390,
    "n_regions": 205
  },
  "generation": {
    "cpu_time": 75.70766102599998,
    "real_time": 75.70711946487427,
    "no_test": 5000000,
    "no_disc": 1427595
  },
  "config": {
    "max_depth": 10,
    "min_samples_per_region": 1000,
    "max_samples_per_region": 3000,
    "min_gain": 0.0,
    "gini_weight_mode": "sample",
    "max_split_ratio": 1.0,
    "sampling_risk_focus_alpha": 0.5,
    "sampling_risk_floor": 1e-05,
    "batch_size": 512,
    "disc_phase": "generation",
    "sample_draws": 5000000,
    "random_seed": 3
  }
}