{
  "label": "regionft_a0p5-GBDT-Adult-age-d5000000",
  "repeat": 2,
  "method": "regionft_a0p5",
  "model": "GBDT",
  "dataset": "Adult",
  "protected": "age",
  "runtime": 7200,
  "no_disc": 4008233,
  "no_test": 7018361,
  "prec": 0.5711067014079213,
  "cpu_time": 457.7004210389998,
  "real_time": 457.71142506599426,
  "partition": {
    "cpu_time": 178.08947168299983,
    "real_time": 178.10005569458008,
    "no_test": 2018361,
    "no_disc": 717909,
    "n_regions": 948
  },
  "generation": {
    "cpu_time": 279.610949356,
    "real_time": 279.6113693714142,
    "no_test": 5000000,
    "no_disc": 3290324
  },
  "config": {
    "max_depth": 10,
    "min_samples_per_region": 1000,
    "max_samples_per_region": 3000,
    "min_gain": 0.0,
    "gini_weight_mode": "sample",
    "max_split_ratio": 1.0,
    "sampling_risk_focus_alpha": 0.5,
    "sampling_risk_floor": 1e-05,
    "batch_size": 512,
    "disc_phase": "generation",
    "sample_draws": 5000000,
    "random_seed": 2
  }
}