{
  "label": "regionft_a0p5-MLP-Adult-sex-d5000000",
  "repeat": 0,
  "method": "regionft_a0p5",
  "model": "MLP",
  "dataset": "Adult",
  "protected": "sex",
  "runtime": 7200,
  "no_disc": 208886,
  "no_test": 6992739,
  "prec": 0.029871842778630805,
  "cpu_time": 189.3396432049999,
  "real_time": 189.3441607952118,
  "partition": {
    "cpu_time": 95.69815657899971,
    "real_time": 95.70111513137817,
    "no_test": 1992739,
    "no_disc": 66042,
    "n_regions": 946
  },
  "generation": {
    "cpu_time": 93.64148662600019,
    "real_time": 93.64304566383362,
    "no_test": 5000000,
    "no_disc": 142844
  },
  "config": {
    "max_depth": 10,
    "min_samples_per_region": 1000,
    "max_samples_per_region": 3000,
    "min_gain": 0.0,
    "gini_weight_mode": "sample",
    "max_split_ratio": 1.0,
    "sampling_risk_focus_alpha": 0.5,
    "sampling_risk_floor": 1e-05,
    "batch_size": 512,
    "disc_phase": "generation",
    "sample_draws": 5000000,
    "random_seed": 0
  }
}