{
  "label": "regionft_a0p5-MLP-Bank-age-d5000000",
  "repeat": 1,
  "method": "regionft_a0p5",
  "model": "MLP",
  "dataset": "Bank",
  "protected": "age",
  "runtime": 7200,
  "no_disc": 1699242,
  "no_test": 7096608,
  "prec": 0.23944425280359294,
  "cpu_time": 495.92438682500006,
  "real_time": 495.92884278297424,
  "partition": {
    "cpu_time": 191.71135445400023,
    "real_time": 191.71366691589355,
    "no_test": 2096608,
    "no_disc": 325324,
    "n_regions": 972
  },
  "generation": {
    "cpu_time": 304.2130323709998,
    "real_time": 304.2151758670807,
    "no_test": 5000000,
    "no_disc": 1373918
  },
  "config": {
    "max_depth": 10,
    "min_samples_per_region": 1000,
    "max_samples_per_region": 3000,
    "min_gain": 0.0,
    "gini_weight_mode": "sample",
    "max_split_ratio": 1.0,
    "sampling_risk_focus_alpha": 0.5,
    "sampling_risk_floor": 1e-05,
    "batch_size": 512,
    "disc_phase": "generation",
    "sample_draws": 5000000,
    "random_seed": 1
  }
}